
C:/Users/Nicholas/VSCODE/OSI-2026-Trash-sorter/CODE/ControlBoard_Code/build/ControlBoard_Code.elf:     file format elf32-littlearm

Sections:
Idx Name          Size      VMA       LMA       File off  Algn
  0 .text         0000b058  10000000  10000000  00001000  2**3
                  CONTENTS, ALLOC, LOAD, READONLY, CODE
  1 .rodata       00001740  1000b058  1000b058  0000c058  2**3
                  CONTENTS, ALLOC, LOAD, READONLY, DATA
  2 .ARM.exidx    00000008  1000c798  1000c798  0000d798  2**2
                  CONTENTS, ALLOC, LOAD, READONLY, DATA
  3 .binary_info  00000024  1000c7a0  1000c7a0  0000d7a0  2**2
                  CONTENTS, ALLOC, LOAD, READONLY, DATA
  4 .ram_vector_table 00000110  20000000  20000000  00011000  2**2
                  ALLOC
  5 .uninitialized_data 00000000  20000110  20000110  00010060  2**0
                  CONTENTS
  6 .data         00001888  20000110  1000c7c4  0000e110  2**3
                  CONTENTS, ALLOC, LOAD, READONLY, CODE
  7 .tdata        00000000  20001998  20001998  00010060  2**0
                  CONTENTS, ALLOC, LOAD, DATA, THREAD_LOCAL
  8 .tbss         00000000  20001998  20001998  00000000  2**0
                  ALLOC, THREAD_LOCAL
  9 .bss          00000e28  20001998  1000e04c  00010998  2**3
                  ALLOC
 10 .heap         00000800  200027c0  1000e04c  000107c0  2**2
                  ALLOC, READONLY
 11 .scratch_x    00000000  20080000  20080000  00010060  2**0
                  CONTENTS
 12 .scratch_y    00000000  20081000  20081000  00010060  2**0
                  CONTENTS
 13 .stack1_dummy 00000800  20080000  20080000  00011000  2**2
                  ALLOC
 14 .stack_dummy  00000800  20081000  20081000  00011000  2**5
                  ALLOC, READONLY
 15 .flash_end    00000014  1000e04c  1000e04c  0001004c  2**2
                  CONTENTS, ALLOC, LOAD, READONLY, DATA
 16 .ARM.attributes 00000034  00000000  00000000  00010060  2**0
                  CONTENTS, READONLY
 17 .comment      00000045  00000000  00000000  00010094  2**0
                  CONTENTS, READONLY
 18 .debug_info   0003c36a  00000000  00000000  000100d9  2**0
                  CONTENTS, READONLY, DEBUGGING, OCTETS
 19 .debug_abbrev 0000a4e0  00000000  00000000  0004c443  2**0
                  CONTENTS, READONLY, DEBUGGING, OCTETS
 20 .debug_loclists 00016489  00000000  00000000  00056923  2**0
                  CONTENTS, READONLY, DEBUGGING, OCTETS
 21 .debug_aranges 000019d8  00000000  00000000  0006cdb0  2**3
                  CONTENTS, READONLY, DEBUGGING, OCTETS
 22 .debug_rnglists 00001e79  00000000  00000000  0006e788  2**0
                  CONTENTS, READONLY, DEBUGGING, OCTETS
 23 .debug_line   00020dda  00000000  00000000  00070601  2**0
                  CONTENTS, READONLY, DEBUGGING, OCTETS
 24 .debug_str    0000b049  00000000  00000000  000913db  2**0
                  CONTENTS, READONLY, DEBUGGING, OCTETS
 25 .debug_frame  000050c4  00000000  00000000  0009c424  2**2
                  CONTENTS, READONLY, DEBUGGING, OCTETS
 26 .debug_line_str 0000031c  00000000  00000000  000a14e8  2**0
                  CONTENTS, READONLY, DEBUGGING, OCTETS

C:/Users/Nicholas/VSCODE/OSI-2026-Trash-sorter/CODE/ControlBoard_Code/build/ControlBoard_Code.elf:     file format elf32-littlearm


Disassembly of section .text:

10000000 <__VECTOR_TABLE>:
10000000:	20082000 	.word	0x20082000
10000004:	1000015d 	.word	0x1000015d
10000008:	1000011b 	.word	0x1000011b
1000000c:	1000011d 	.word	0x1000011d
10000010:	10000111 	.word	0x10000111
10000014:	10000111 	.word	0x10000111
10000018:	10000111 	.word	0x10000111
1000001c:	10000111 	.word	0x10000111
10000020:	10000119 	.word	0x10000119
10000024:	10000119 	.word	0x10000119
10000028:	10000119 	.word	0x10000119
1000002c:	1000011f 	.word	0x1000011f
10000030:	10000111 	.word	0x10000111
10000034:	10000119 	.word	0x10000119
10000038:	10000121 	.word	0x10000121
1000003c:	10000123 	.word	0x10000123
10000040:	10000111 	.word	0x10000111
10000044:	10000111 	.word	0x10000111
10000048:	10000111 	.word	0x10000111
1000004c:	10000111 	.word	0x10000111
10000050:	10000111 	.word	0x10000111
10000054:	10000111 	.word	0x10000111
10000058:	10000111 	.word	0x10000111
1000005c:	10000111 	.word	0x10000111
10000060:	10000111 	.word	0x10000111
10000064:	10000111 	.word	0x10000111
10000068:	10000111 	.word	0x10000111
1000006c:	10000111 	.word	0x10000111
10000070:	10000111 	.word	0x10000111
10000074:	10000111 	.word	0x10000111
10000078:	10000111 	.word	0x10000111
1000007c:	10000111 	.word	0x10000111
10000080:	10000111 	.word	0x10000111
10000084:	10000111 	.word	0x10000111
10000088:	10000111 	.word	0x10000111
1000008c:	10000111 	.word	0x10000111
10000090:	10000111 	.word	0x10000111
10000094:	10000111 	.word	0x10000111
10000098:	10000111 	.word	0x10000111
1000009c:	10000111 	.word	0x10000111
100000a0:	10000111 	.word	0x10000111
100000a4:	10000111 	.word	0x10000111
100000a8:	10000111 	.word	0x10000111
100000ac:	10000111 	.word	0x10000111
100000b0:	10000111 	.word	0x10000111
100000b4:	10000111 	.word	0x10000111
100000b8:	10000111 	.word	0x10000111
100000bc:	10000111 	.word	0x10000111
100000c0:	10000111 	.word	0x10000111
100000c4:	10000111 	.word	0x10000111
100000c8:	10000111 	.word	0x10000111
100000cc:	10000111 	.word	0x10000111
100000d0:	10000111 	.word	0x10000111
100000d4:	10000111 	.word	0x10000111
100000d8:	10000111 	.word	0x10000111
100000dc:	10000111 	.word	0x10000111
100000e0:	10000111 	.word	0x10000111
100000e4:	10000111 	.word	0x10000111
100000e8:	10000111 	.word	0x10000111
100000ec:	10000111 	.word	0x10000111
100000f0:	10000111 	.word	0x10000111
100000f4:	10000111 	.word	0x10000111
100000f8:	10000111 	.word	0x10000111
100000fc:	10000111 	.word	0x10000111
10000100:	10000111 	.word	0x10000111
10000104:	10000111 	.word	0x10000111
10000108:	10000111 	.word	0x10000111
1000010c:	10000111 	.word	0x10000111

10000110 <__unhandled_user_irq>:
10000110:	f3ef 8005 	mrs	r0, IPSR
10000114:	3810      	subs	r0, #16

10000116 <unhandled_user_irq_num_in_r0>:
10000116:	be00      	bkpt	0x0000

10000118 <isr_invalid>:
10000118:	be00      	bkpt	0x0000

1000011a <isr_nmi>:
1000011a:	be00      	bkpt	0x0000

1000011c <isr_hardfault>:
1000011c:	be00      	bkpt	0x0000

1000011e <isr_svcall>:
1000011e:	be00      	bkpt	0x0000

10000120 <isr_pendsv>:
10000120:	be00      	bkpt	0x0000

10000122 <isr_systick>:
10000122:	be00      	bkpt	0x0000

10000124 <__default_isrs_end>:
10000124:	7188ebf2 	.word	0x7188ebf2
10000128:	1000c7a0 	.word	0x1000c7a0
1000012c:	1000c7c4 	.word	0x1000c7c4
10000130:	100001a0 	.word	0x100001a0
10000134:	e71aa390 	.word	0xe71aa390

10000138 <__binary_info_header_end>:
10000138:	ffffded3 	.word	0xffffded3
1000013c:	10210142 	.word	0x10210142
10000140:	000001ff 	.word	0x000001ff
10000144:	0000df14 	.word	0x0000df14
10000148:	ab123579 	.word	0xab123579

1000014c <_entry_point>:
1000014c:	f04f 0000 	mov.w	r0, #0

10000150 <_enter_vtable_in_r0>:
10000150:	491e      	ldr	r1, [pc, #120]	@ (100001cc <data_cpy_table+0x2c>)
10000152:	6008      	str	r0, [r1, #0]
10000154:	c806      	ldmia	r0!, {r1, r2}
10000156:	f381 8808 	msr	MSP, r1
1000015a:	4710      	bx	r2

1000015c <_reset_handler>:
1000015c:	f04f 4050 	mov.w	r0, #3489660928	@ 0xd0000000
10000160:	6800      	ldr	r0, [r0, #0]
10000162:	b110      	cbz	r0, 1000016a <hold_non_core0_in_bootrom+0x6>

10000164 <hold_non_core0_in_bootrom>:
10000164:	f04f 0000 	mov.w	r0, #0
10000168:	e7f2      	b.n	10000150 <_enter_vtable_in_r0>
1000016a:	a40d      	add	r4, pc, #52	@ (adr r4, 100001a0 <data_cpy_table>)
1000016c:	cc0e      	ldmia	r4!, {r1, r2, r3}
1000016e:	2900      	cmp	r1, #0
10000170:	d002      	beq.n	10000178 <hold_non_core0_in_bootrom+0x14>
10000172:	f000 f812 	bl	1000019a <data_cpy>
10000176:	e7f9      	b.n	1000016c <hold_non_core0_in_bootrom+0x8>
10000178:	4915      	ldr	r1, [pc, #84]	@ (100001d0 <data_cpy_table+0x30>)
1000017a:	4a16      	ldr	r2, [pc, #88]	@ (100001d4 <data_cpy_table+0x34>)
1000017c:	2000      	movs	r0, #0
1000017e:	e000      	b.n	10000182 <bss_fill_test>

10000180 <bss_fill_loop>:
10000180:	c101      	stmia	r1!, {r0}

10000182 <bss_fill_test>:
10000182:	4291      	cmp	r1, r2
10000184:	d1fc      	bne.n	10000180 <bss_fill_loop>

10000186 <platform_entry>:
10000186:	4914      	ldr	r1, [pc, #80]	@ (100001d8 <data_cpy_table+0x38>)
10000188:	4788      	blx	r1
1000018a:	4914      	ldr	r1, [pc, #80]	@ (100001dc <data_cpy_table+0x3c>)
1000018c:	4788      	blx	r1
1000018e:	4914      	ldr	r1, [pc, #80]	@ (100001e0 <data_cpy_table+0x40>)
10000190:	4788      	blx	r1
10000192:	be00      	bkpt	0x0000
10000194:	e7fd      	b.n	10000192 <platform_entry+0xc>

10000196 <data_cpy_loop>:
10000196:	c901      	ldmia	r1!, {r0}
10000198:	c201      	stmia	r2!, {r0}

1000019a <data_cpy>:
1000019a:	429a      	cmp	r2, r3
1000019c:	d3fb      	bcc.n	10000196 <data_cpy_loop>
1000019e:	4770      	bx	lr

100001a0 <data_cpy_table>:
100001a0:	1000c7c4 	.word	0x1000c7c4
100001a4:	20000110 	.word	0x20000110
100001a8:	20001998 	.word	0x20001998
100001ac:	1000e04c 	.word	0x1000e04c
100001b0:	20080000 	.word	0x20080000
100001b4:	20080000 	.word	0x20080000
100001b8:	1000e04c 	.word	0x1000e04c
100001bc:	20081000 	.word	0x20081000
100001c0:	20081000 	.word	0x20081000
100001c4:	00000000 	.word	0x00000000
100001c8:	4770      	bx	lr
100001ca:	0000      	.short	0x0000
100001cc:	e000ed08 	.word	0xe000ed08
100001d0:	20001998 	.word	0x20001998
100001d4:	200027c0 	.word	0x200027c0
100001d8:	10003e21 	.word	0x10003e21
100001dc:	100005f9 	.word	0x100005f9
100001e0:	10003de5 	.word	0x10003de5

100001e4 <_init>:
100001e4:	b5f8      	push	{r3, r4, r5, r6, r7, lr}
100001e6:	bf00      	nop

100001e8 <register_tm_clones>:
100001e8:	4b06      	ldr	r3, [pc, #24]	@ (10000204 <register_tm_clones+0x1c>)
100001ea:	4907      	ldr	r1, [pc, #28]	@ (10000208 <register_tm_clones+0x20>)
100001ec:	1ac9      	subs	r1, r1, r3
100001ee:	1089      	asrs	r1, r1, #2
100001f0:	bf48      	it	mi
100001f2:	3101      	addmi	r1, #1
100001f4:	1049      	asrs	r1, r1, #1
100001f6:	d003      	beq.n	10000200 <register_tm_clones+0x18>
100001f8:	4b04      	ldr	r3, [pc, #16]	@ (1000020c <register_tm_clones+0x24>)
100001fa:	b10b      	cbz	r3, 10000200 <register_tm_clones+0x18>
100001fc:	4801      	ldr	r0, [pc, #4]	@ (10000204 <register_tm_clones+0x1c>)
100001fe:	4718      	bx	r3
10000200:	4770      	bx	lr
10000202:	bf00      	nop
10000204:	20001998 	.word	0x20001998
10000208:	20001998 	.word	0x20001998
1000020c:	00000000 	.word	0x00000000

10000210 <frame_dummy>:
10000210:	b508      	push	{r3, lr}
10000212:	4b05      	ldr	r3, [pc, #20]	@ (10000228 <frame_dummy+0x18>)
10000214:	b11b      	cbz	r3, 1000021e <frame_dummy+0xe>
10000216:	4905      	ldr	r1, [pc, #20]	@ (1000022c <frame_dummy+0x1c>)
10000218:	4805      	ldr	r0, [pc, #20]	@ (10000230 <frame_dummy+0x20>)
1000021a:	f3af 8000 	nop.w
1000021e:	e8bd 4008 	ldmia.w	sp!, {r3, lr}
10000222:	f7ff bfe1 	b.w	100001e8 <register_tm_clones>
10000226:	bf00      	nop
10000228:	00000000 	.word	0x00000000
1000022c:	200026f0 	.word	0x200026f0
10000230:	1000b058 	.word	0x1000b058

10000234 <uart_putc>:
10000234:	b082      	sub	sp, #8
10000236:	468c      	mov	ip, r1
10000238:	4b18      	ldr	r3, [pc, #96]	@ (1000029c <uart_putc+0x68>)
1000023a:	4298      	cmp	r0, r3
1000023c:	bf14      	ite	ne
1000023e:	2300      	movne	r3, #0
10000240:	2301      	moveq	r3, #1
10000242:	4a17      	ldr	r2, [pc, #92]	@ (100002a0 <uart_putc+0x6c>)
10000244:	f932 3013 	ldrsh.w	r3, [r2, r3, lsl #1]
10000248:	428b      	cmp	r3, r1
1000024a:	d005      	beq.n	10000258 <uart_putc+0x24>
1000024c:	f88d c007 	strb.w	ip, [sp, #7]
10000250:	2100      	movs	r1, #0
10000252:	f10d 0207 	add.w	r2, sp, #7
10000256:	e01c      	b.n	10000292 <uart_putc+0x5e>
10000258:	230d      	movs	r3, #13
1000025a:	f88d 3007 	strb.w	r3, [sp, #7]
1000025e:	2100      	movs	r1, #0
10000260:	f10d 0207 	add.w	r2, sp, #7
10000264:	2900      	cmp	r1, #0
10000266:	d1f1      	bne.n	1000024c <uart_putc+0x18>
10000268:	6983      	ldr	r3, [r0, #24]
1000026a:	f013 0f20 	tst.w	r3, #32
1000026e:	d1fb      	bne.n	10000268 <uart_putc+0x34>
10000270:	4613      	mov	r3, r2
10000272:	f813 2b01 	ldrb.w	r2, [r3], #1
10000276:	6002      	str	r2, [r0, #0]
10000278:	3101      	adds	r1, #1
1000027a:	461a      	mov	r2, r3
1000027c:	e7f2      	b.n	10000264 <uart_putc+0x30>
1000027e:	6983      	ldr	r3, [r0, #24]
10000280:	f013 0f20 	tst.w	r3, #32
10000284:	d1fb      	bne.n	1000027e <uart_putc+0x4a>
10000286:	4613      	mov	r3, r2
10000288:	f813 2b01 	ldrb.w	r2, [r3], #1
1000028c:	6002      	str	r2, [r0, #0]
1000028e:	3101      	adds	r1, #1
10000290:	461a      	mov	r2, r3
10000292:	2900      	cmp	r1, #0
10000294:	d0f3      	beq.n	1000027e <uart_putc+0x4a>
10000296:	b002      	add	sp, #8
10000298:	4770      	bx	lr
1000029a:	bf00      	nop
1000029c:	40078000 	.word	0x40078000
100002a0:	20002794 	.word	0x20002794

100002a4 <uart_puts>:
100002a4:	b530      	push	{r4, r5, lr}
100002a6:	b083      	sub	sp, #12
100002a8:	4604      	mov	r4, r0
100002aa:	460d      	mov	r5, r1
100002ac:	2300      	movs	r3, #0
100002ae:	e019      	b.n	100002e4 <uart_puts+0x40>
100002b0:	f88d 1007 	strb.w	r1, [sp, #7]
100002b4:	2000      	movs	r0, #0
100002b6:	f10d 0207 	add.w	r2, sp, #7
100002ba:	e009      	b.n	100002d0 <uart_puts+0x2c>
100002bc:	69a3      	ldr	r3, [r4, #24]
100002be:	f013 0f20 	tst.w	r3, #32
100002c2:	d1fb      	bne.n	100002bc <uart_puts+0x18>
100002c4:	4613      	mov	r3, r2
100002c6:	f813 2b01 	ldrb.w	r2, [r3], #1
100002ca:	6022      	str	r2, [r4, #0]
100002cc:	3001      	adds	r0, #1
100002ce:	461a      	mov	r2, r3
100002d0:	2800      	cmp	r0, #0
100002d2:	d0f3      	beq.n	100002bc <uart_puts+0x18>
100002d4:	462a      	mov	r2, r5
100002d6:	f812 3b01 	ldrb.w	r3, [r2], #1
100002da:	2b0d      	cmp	r3, #13
100002dc:	bf14      	ite	ne
100002de:	2300      	movne	r3, #0
100002e0:	2301      	moveq	r3, #1
100002e2:	4615      	mov	r5, r2
100002e4:	7829      	ldrb	r1, [r5, #0]
100002e6:	b129      	cbz	r1, 100002f4 <uart_puts+0x50>
100002e8:	2b00      	cmp	r3, #0
100002ea:	d1e1      	bne.n	100002b0 <uart_puts+0xc>
100002ec:	4620      	mov	r0, r4
100002ee:	f7ff ffa1 	bl	10000234 <uart_putc>
100002f2:	e7ef      	b.n	100002d4 <uart_puts+0x30>
100002f4:	b003      	add	sp, #12
100002f6:	bd30      	pop	{r4, r5, pc}

100002f8 <pio_get_default_sm_config>:
100002f8:	2200      	movs	r2, #0
100002fa:	6002      	str	r2, [r0, #0]
100002fc:	6042      	str	r2, [r0, #4]
100002fe:	6082      	str	r2, [r0, #8]
10000300:	60c2      	str	r2, [r0, #12]
10000302:	f44f 3280 	mov.w	r2, #65536	@ 0x10000
10000306:	6002      	str	r2, [r0, #0]
10000308:	f44f 32f8 	mov.w	r2, #126976	@ 0x1f000
1000030c:	6042      	str	r2, [r0, #4]
1000030e:	f44f 2280 	mov.w	r2, #262144	@ 0x40000
10000312:	6082      	str	r2, [r0, #8]
10000314:	f44f 2240 	mov.w	r2, #786432	@ 0xc0000
10000318:	6082      	str	r2, [r0, #8]
1000031a:	4770      	bx	lr

1000031c <freq_counter_program_get_default_config>:
1000031c:	b538      	push	{r3, r4, r5, lr}
1000031e:	4604      	mov	r4, r0
10000320:	460d      	mov	r5, r1
10000322:	f7ff ffe9 	bl	100002f8 <pio_get_default_sm_config>
10000326:	1d2a      	adds	r2, r5, #4
10000328:	6863      	ldr	r3, [r4, #4]
1000032a:	f36f 13d0 	bfc	r3, #7, #10
1000032e:	ea43 13c5 	orr.w	r3, r3, r5, lsl #7
10000332:	ea43 3302 	orr.w	r3, r3, r2, lsl #12
10000336:	6063      	str	r3, [r4, #4]
10000338:	4620      	mov	r0, r4
1000033a:	bd38      	pop	{r3, r4, r5, pc}

1000033c <bin_short>:
1000033c:	3801      	subs	r0, #1
1000033e:	2805      	cmp	r0, #5
10000340:	d80e      	bhi.n	10000360 <bin_short+0x24>
10000342:	e8df f000 	tbb	[pc, r0]
10000346:	0f03      	.short	0x0f03
10000348:	0b090705 	.word	0x0b090705
1000034c:	4806      	ldr	r0, [pc, #24]	@ (10000368 <bin_short+0x2c>)
1000034e:	4770      	bx	lr
10000350:	4806      	ldr	r0, [pc, #24]	@ (1000036c <bin_short+0x30>)
10000352:	4770      	bx	lr
10000354:	4806      	ldr	r0, [pc, #24]	@ (10000370 <bin_short+0x34>)
10000356:	4770      	bx	lr
10000358:	4806      	ldr	r0, [pc, #24]	@ (10000374 <bin_short+0x38>)
1000035a:	4770      	bx	lr
1000035c:	4806      	ldr	r0, [pc, #24]	@ (10000378 <bin_short+0x3c>)
1000035e:	4770      	bx	lr
10000360:	4806      	ldr	r0, [pc, #24]	@ (1000037c <bin_short+0x40>)
10000362:	4770      	bx	lr
10000364:	4806      	ldr	r0, [pc, #24]	@ (10000380 <bin_short+0x44>)
10000366:	4770      	bx	lr
10000368:	1000b058 	.word	0x1000b058
1000036c:	1000b068 	.word	0x1000b068
10000370:	1000b070 	.word	0x1000b070
10000374:	1000b078 	.word	0x1000b078
10000378:	1000b080 	.word	0x1000b080
1000037c:	1000b088 	.word	0x1000b088
10000380:	1000b060 	.word	0x1000b060

10000384 <core1_entry>:
10000384:	b500      	push	{lr}
10000386:	b085      	sub	sp, #20
10000388:	2311      	movs	r3, #17
1000038a:	2210      	movs	r2, #16
1000038c:	f44f 31e1 	mov.w	r1, #115200	@ 0x1c200
10000390:	480a      	ldr	r0, [pc, #40]	@ (100003bc <core1_entry+0x38>)
10000392:	f000 fc73 	bl	10000c7c <pico_link_init>
10000396:	4668      	mov	r0, sp
10000398:	f000 fc98 	bl	10000ccc <pico_link_read_blocking>
1000039c:	2800      	cmp	r0, #0
1000039e:	d0fa      	beq.n	10000396 <core1_entry+0x12>
100003a0:	f89d 300c 	ldrb.w	r3, [sp, #12]
100003a4:	2b09      	cmp	r3, #9
100003a6:	d0f6      	beq.n	10000396 <core1_entry+0x12>
100003a8:	f89d 3001 	ldrb.w	r3, [sp, #1]
100003ac:	3b01      	subs	r3, #1
100003ae:	b2db      	uxtb	r3, r3
100003b0:	2b04      	cmp	r3, #4
100003b2:	d8f0      	bhi.n	10000396 <core1_entry+0x12>
100003b4:	4668      	mov	r0, sp
100003b6:	f000 fcd7 	bl	10000d68 <pico_link_fifo_push>
100003ba:	e7ec      	b.n	10000396 <core1_entry+0x12>
100003bc:	40070000 	.word	0x40070000

100003c0 <setup_stepper>:
100003c0:	b570      	push	{r4, r5, r6, lr}
100003c2:	4605      	mov	r5, r0
100003c4:	460c      	mov	r4, r1
100003c6:	f000 fd19 	bl	10000dfc <gpio_init>
100003ca:	f04f 0601 	mov.w	r6, #1
100003ce:	ec46 5044 	gpioc_bit_oe_put r5, r6
100003d2:	4620      	mov	r0, r4
100003d4:	f000 fd12 	bl	10000dfc <gpio_init>
100003d8:	ec46 4044 	gpioc_bit_oe_put r4, r6
100003dc:	2064      	movs	r0, #100	@ 0x64
100003de:	f001 fc0f 	bl	10001c00 <sleep_ms>
100003e2:	bd70      	pop	{r4, r5, r6, pc}

100003e4 <freq_counter_program_init>:
100003e4:	e92d 43f0 	stmdb	sp!, {r4, r5, r6, r7, r8, r9, lr}
100003e8:	b087      	sub	sp, #28
100003ea:	4605      	mov	r5, r0
100003ec:	460f      	mov	r7, r1
100003ee:	4690      	mov	r8, r2
100003f0:	461e      	mov	r6, r3
100003f2:	f10d 0908 	add.w	r9, sp, #8
100003f6:	4611      	mov	r1, r2
100003f8:	4648      	mov	r0, r9
100003fa:	f7ff ff8f 	bl	1000031c <freq_counter_program_get_default_config>
100003fe:	9b05      	ldr	r3, [sp, #20]
10000400:	f423 2378 	bic.w	r3, r3, #1015808	@ 0xf8000
10000404:	03f2      	lsls	r2, r6, #15
10000406:	f402 2278 	and.w	r2, r2, #1015808	@ 0xf8000
1000040a:	4313      	orrs	r3, r2
1000040c:	9305      	str	r3, [sp, #20]
1000040e:	2300      	movs	r3, #0
10000410:	9300      	str	r3, [sp, #0]
10000412:	2301      	movs	r3, #1
10000414:	4632      	mov	r2, r6
10000416:	4639      	mov	r1, r7
10000418:	4628      	mov	r0, r5
1000041a:	f006 ff4b 	bl	100072b4 <pio_sm_set_consecutive_pindirs>
1000041e:	f105 4c2f 	add.w	ip, r5, #2936012800	@ 0xaf000000
10000422:	f50c 0c60 	add.w	ip, ip, #14680064	@ 0xe00000
10000426:	f3cc 5407 	ubfx	r4, ip, #20, #8
1000042a:	3406      	adds	r4, #6
1000042c:	b2e4      	uxtb	r4, r4
1000042e:	4621      	mov	r1, r4
10000430:	4630      	mov	r0, r6
10000432:	f000 fcc7 	bl	10000dc4 <gpio_set_function>
10000436:	4621      	mov	r1, r4
10000438:	1c70      	adds	r0, r6, #1
1000043a:	f000 fcc3 	bl	10000dc4 <gpio_set_function>
1000043e:	464b      	mov	r3, r9
10000440:	4642      	mov	r2, r8
10000442:	4639      	mov	r1, r7
10000444:	4628      	mov	r0, r5
10000446:	f006 ff84 	bl	10007352 <pio_sm_init>
1000044a:	682b      	ldr	r3, [r5, #0]
1000044c:	2201      	movs	r2, #1
1000044e:	40ba      	lsls	r2, r7
10000450:	4313      	orrs	r3, r2
10000452:	602b      	str	r3, [r5, #0]
10000454:	b007      	add	sp, #28
10000456:	e8bd 83f0 	ldmia.w	sp!, {r4, r5, r6, r7, r8, r9, pc}
	...

1000045c <drive_stepper>:
1000045c:	b570      	push	{r4, r5, r6, lr}
1000045e:	ed2d 8b02 	vpush	{d8}
10000462:	4606      	mov	r6, r0
10000464:	ee08 1a10 	vmov	s16, r1
10000468:	4615      	mov	r5, r2
1000046a:	f89d 2018 	ldrb.w	r2, [sp, #24]
1000046e:	ec42 3040 	gpioc_bit_out_put r3, r2
10000472:	2400      	movs	r4, #0
10000474:	e017      	b.n	100004a6 <drive_stepper+0x4a>
10000476:	f04f 0301 	mov.w	r3, #1
1000047a:	ec43 5040 	gpioc_bit_out_put r5, r3
1000047e:	eddf 7a0c 	vldr	s15, [pc, #48]	@ 100004b0 <drive_stepper+0x54>
10000482:	ee68 7a27 	vmul.f32	s15, s16, s15
10000486:	ee17 0a90 	vmov	r0, s15
1000048a:	f002 fb49 	bl	10002b20 <__wrap___aeabi_f2ulz>
1000048e:	f001 fba5 	bl	10001bdc <sleep_us>
10000492:	f04f 0300 	mov.w	r3, #0
10000496:	ec43 5040 	gpioc_bit_out_put r5, r3
1000049a:	f44f 70fa 	mov.w	r0, #500	@ 0x1f4
1000049e:	2100      	movs	r1, #0
100004a0:	f001 fb9c 	bl	10001bdc <sleep_us>
100004a4:	3401      	adds	r4, #1
100004a6:	42b4      	cmp	r4, r6
100004a8:	d3e5      	bcc.n	10000476 <drive_stepper+0x1a>
100004aa:	ecbd 8b02 	vpop	{d8}
100004ae:	bd70      	pop	{r4, r5, r6, pc}
100004b0:	447a0000 	.word	0x447a0000

100004b4 <graphfreq>:
100004b4:	e92d 41f0 	stmdb	sp!, {r4, r5, r6, r7, r8, lr}
100004b8:	b0a0      	sub	sp, #128	@ 0x80
100004ba:	4606      	mov	r6, r0
100004bc:	4688      	mov	r8, r1
100004be:	4617      	mov	r7, r2
100004c0:	ebc3 03c3 	rsb	r3, r3, r3, lsl #3
100004c4:	483d      	ldr	r0, [pc, #244]	@ (100005bc <graphfreq+0x108>)
100004c6:	eb00 0083 	add.w	r0, r0, r3, lsl #2
100004ca:	4b3d      	ldr	r3, [pc, #244]	@ (100005c0 <graphfreq+0x10c>)
100004cc:	fba3 3000 	umull	r3, r0, r3, r0
100004d0:	0c40      	lsrs	r0, r0, #17
100004d2:	f1c0 0020 	rsb	r0, r0, #32
100004d6:	b280      	uxth	r0, r0
100004d8:	2803      	cmp	r0, #3
100004da:	d903      	bls.n	100004e4 <graphfreq+0x30>
100004dc:	2820      	cmp	r0, #32
100004de:	d902      	bls.n	100004e6 <graphfreq+0x32>
100004e0:	2020      	movs	r0, #32
100004e2:	e000      	b.n	100004e6 <graphfreq+0x32>
100004e4:	2004      	movs	r0, #4
100004e6:	2300      	movs	r3, #0
100004e8:	2401      	movs	r4, #1
100004ea:	e00d      	b.n	10000508 <graphfreq+0x54>
100004ec:	1c59      	adds	r1, r3, #1
100004ee:	3380      	adds	r3, #128	@ 0x80
100004f0:	446b      	add	r3, sp
100004f2:	f803 4c80 	strb.w	r4, [r3, #-128]
100004f6:	3201      	adds	r2, #1
100004f8:	b292      	uxth	r2, r2
100004fa:	b28b      	uxth	r3, r1
100004fc:	4290      	cmp	r0, r2
100004fe:	d901      	bls.n	10000504 <graphfreq+0x50>
10000500:	2b7f      	cmp	r3, #127	@ 0x7f
10000502:	d9f3      	bls.n	100004ec <graphfreq+0x38>
10000504:	f084 0401 	eor.w	r4, r4, #1
10000508:	2b7f      	cmp	r3, #127	@ 0x7f
1000050a:	d801      	bhi.n	10000510 <graphfreq+0x5c>
1000050c:	2200      	movs	r2, #0
1000050e:	e7f5      	b.n	100004fc <graphfreq+0x48>
10000510:	2500      	movs	r5, #0
10000512:	e024      	b.n	1000055e <graphfreq+0xaa>
10000514:	2200      	movs	r2, #0
10000516:	2b00      	cmp	r3, #0
10000518:	d036      	beq.n	10000588 <graphfreq+0xd4>
1000051a:	f101 0380 	add.w	r3, r1, #128	@ 0x80
1000051e:	eb0d 0103 	add.w	r1, sp, r3
10000522:	f811 3c80 	ldrb.w	r3, [r1, #-128]
10000526:	2b00      	cmp	r3, #0
10000528:	d130      	bne.n	1000058c <graphfreq+0xd8>
1000052a:	2301      	movs	r3, #1
1000052c:	e001      	b.n	10000532 <graphfreq+0x7e>
1000052e:	2200      	movs	r2, #0
10000530:	4613      	mov	r3, r2
10000532:	2a00      	cmp	r2, #0
10000534:	d139      	bne.n	100005aa <graphfreq+0xf6>
10000536:	2b00      	cmp	r3, #0
10000538:	d139      	bne.n	100005ae <graphfreq+0xfa>
1000053a:	f105 0380 	add.w	r3, r5, #128	@ 0x80
1000053e:	446b      	add	r3, sp
10000540:	f813 3c80 	ldrb.w	r3, [r3, #-128]
10000544:	2b00      	cmp	r3, #0
10000546:	d134      	bne.n	100005b2 <graphfreq+0xfe>
10000548:	f1a8 0114 	sub.w	r1, r8, #20
1000054c:	b289      	uxth	r1, r1
1000054e:	1970      	adds	r0, r6, r5
10000550:	463a      	mov	r2, r7
10000552:	b2c9      	uxtb	r1, r1
10000554:	b2c0      	uxtb	r0, r0
10000556:	f007 fa7d 	bl	10007a54 <drawPixel>
1000055a:	3501      	adds	r5, #1
1000055c:	b2ad      	uxth	r5, r5
1000055e:	2d7f      	cmp	r5, #127	@ 0x7f
10000560:	d829      	bhi.n	100005b6 <graphfreq+0x102>
10000562:	2d00      	cmp	r5, #0
10000564:	d0e3      	beq.n	1000052e <graphfreq+0x7a>
10000566:	4629      	mov	r1, r5
10000568:	f105 037f 	add.w	r3, r5, #127	@ 0x7f
1000056c:	446b      	add	r3, sp
1000056e:	f813 3c80 	ldrb.w	r3, [r3, #-128]
10000572:	2b00      	cmp	r3, #0
10000574:	d1ce      	bne.n	10000514 <graphfreq+0x60>
10000576:	f105 0280 	add.w	r2, r5, #128	@ 0x80
1000057a:	446a      	add	r2, sp
1000057c:	f812 2c80 	ldrb.w	r2, [r2, #-128]
10000580:	2a00      	cmp	r2, #0
10000582:	d0c8      	beq.n	10000516 <graphfreq+0x62>
10000584:	2201      	movs	r2, #1
10000586:	e7c6      	b.n	10000516 <graphfreq+0x62>
10000588:	2300      	movs	r3, #0
1000058a:	e7d2      	b.n	10000532 <graphfreq+0x7e>
1000058c:	2300      	movs	r3, #0
1000058e:	e7d0      	b.n	10000532 <graphfreq+0x7e>
10000590:	eba8 0104 	sub.w	r1, r8, r4
10000594:	1970      	adds	r0, r6, r5
10000596:	463a      	mov	r2, r7
10000598:	b2c9      	uxtb	r1, r1
1000059a:	b2c0      	uxtb	r0, r0
1000059c:	f007 fa5a 	bl	10007a54 <drawPixel>
100005a0:	3401      	adds	r4, #1
100005a2:	b2a4      	uxth	r4, r4
100005a4:	2c14      	cmp	r4, #20
100005a6:	d9f3      	bls.n	10000590 <graphfreq+0xdc>
100005a8:	e7c7      	b.n	1000053a <graphfreq+0x86>
100005aa:	2400      	movs	r4, #0
100005ac:	e7fa      	b.n	100005a4 <graphfreq+0xf0>
100005ae:	2400      	movs	r4, #0
100005b0:	e7f8      	b.n	100005a4 <graphfreq+0xf0>
100005b2:	4641      	mov	r1, r8
100005b4:	e7cb      	b.n	1000054e <graphfreq+0x9a>
100005b6:	b020      	add	sp, #128	@ 0x80
100005b8:	e8bd 81f0 	ldmia.w	sp!, {r4, r5, r6, r7, r8, pc}
100005bc:	f9284a80 	.word	0xf9284a80
100005c0:	6fd91d85 	.word	0x6fd91d85

100005c4 <init_hw>:
100005c4:	b508      	push	{r3, lr}
100005c6:	f003 fd41 	bl	1000404c <stdio_init_all>
100005ca:	4909      	ldr	r1, [pc, #36]	@ (100005f0 <init_hw+0x2c>)
100005cc:	4809      	ldr	r0, [pc, #36]	@ (100005f4 <init_hw+0x30>)
100005ce:	f006 fd4b 	bl	10007068 <spi_init>
100005d2:	2101      	movs	r1, #1
100005d4:	2010      	movs	r0, #16
100005d6:	f000 fbf5 	bl	10000dc4 <gpio_set_function>
100005da:	2101      	movs	r1, #1
100005dc:	2012      	movs	r0, #18
100005de:	f000 fbf1 	bl	10000dc4 <gpio_set_function>
100005e2:	2101      	movs	r1, #1
100005e4:	2013      	movs	r0, #19
100005e6:	f000 fbed 	bl	10000dc4 <gpio_set_function>
100005ea:	f007 fb63 	bl	10007cb4 <tft_spi_init>
100005ee:	bd08      	pop	{r3, pc}
100005f0:	00989680 	.word	0x00989680
100005f4:	40080000 	.word	0x40080000

100005f8 <main>:
100005f8:	e92d 4ff0 	stmdb	sp!, {r4, r5, r6, r7, r8, r9, sl, fp, lr}
100005fc:	b09b      	sub	sp, #108	@ 0x6c
100005fe:	f003 fd25 	bl	1000404c <stdio_init_all>
10000602:	f8df 90fc 	ldr.w	r9, [pc, #252]	@ 10000700 <main+0x108>
10000606:	4935      	ldr	r1, [pc, #212]	@ (100006dc <main+0xe4>)
10000608:	4648      	mov	r0, r9
1000060a:	f006 fe3b 	bl	10007284 <pio_add_program>
1000060e:	4682      	mov	sl, r0
10000610:	2101      	movs	r1, #1
10000612:	4648      	mov	r0, r9
10000614:	f006 fe1a 	bl	1000724c <pio_claim_unused_sm>
10000618:	4680      	mov	r8, r0
1000061a:	230f      	movs	r3, #15
1000061c:	4652      	mov	r2, sl
1000061e:	4601      	mov	r1, r0
10000620:	4648      	mov	r0, r9
10000622:	f7ff fedf 	bl	100003e4 <freq_counter_program_init>
10000626:	f7ff ffcd 	bl	100005c4 <init_hw>
1000062a:	f007 fb21 	bl	10007c70 <TFT_GreenTab_Initialize>
1000062e:	2000      	movs	r0, #0
10000630:	f007 f98e 	bl	10007950 <fillScreen>
10000634:	f04f 0900 	mov.w	r9, #0
10000638:	e00d      	b.n	10000656 <main+0x5e>
1000063a:	f8df a0c8 	ldr.w	sl, [pc, #200]	@ 10000704 <main+0x10c>
1000063e:	f85a 0029 	ldr.w	r0, [sl, r9, lsl #2]
10000642:	f000 fbdb 	bl	10000dfc <gpio_init>
10000646:	f85a 3029 	ldr.w	r3, [sl, r9, lsl #2]
1000064a:	f04f 0201 	mov.w	r2, #1
1000064e:	ec42 3044 	gpioc_bit_oe_put r3, r2
10000652:	f109 0901 	add.w	r9, r9, #1
10000656:	f1b9 0f0b 	cmp.w	r9, #11
1000065a:	d9ee      	bls.n	1000063a <main+0x42>
1000065c:	4b20      	ldr	r3, [pc, #128]	@ (100006e0 <main+0xe8>)
1000065e:	6819      	ldr	r1, [r3, #0]
10000660:	4b20      	ldr	r3, [pc, #128]	@ (100006e4 <main+0xec>)
10000662:	6818      	ldr	r0, [r3, #0]
10000664:	f7ff feac 	bl	100003c0 <setup_stepper>
10000668:	481f      	ldr	r0, [pc, #124]	@ (100006e8 <main+0xf0>)
1000066a:	f006 ff4b 	bl	10007504 <multicore_launch_core1>
1000066e:	f001 fbb3 	bl	10001dd8 <time_us_64>
10000672:	b1a1      	cbz	r1, 1000069e <main+0xa6>
10000674:	f44f 727a 	mov.w	r2, #1000	@ 0x3e8
10000678:	2300      	movs	r3, #0
1000067a:	f00a fca9 	bl	1000afd0 <____aeabi_uldivmod_veneer>
1000067e:	4b1b      	ldr	r3, [pc, #108]	@ (100006ec <main+0xf4>)
10000680:	6018      	str	r0, [r3, #0]
10000682:	f001 fba9 	bl	10001dd8 <time_us_64>
10000686:	b179      	cbz	r1, 100006a8 <main+0xb0>
10000688:	f44f 727a 	mov.w	r2, #1000	@ 0x3e8
1000068c:	2300      	movs	r3, #0
1000068e:	f00a fc9f 	bl	1000afd0 <____aeabi_uldivmod_veneer>
10000692:	4b17      	ldr	r3, [pc, #92]	@ (100006f0 <main+0xf8>)
10000694:	6018      	str	r0, [r3, #0]
10000696:	20c8      	movs	r0, #200	@ 0xc8
10000698:	f001 fab2 	bl	10001c00 <sleep_ms>
1000069c:	e0cf      	b.n	1000083e <main+0x246>
1000069e:	f44f 737a 	mov.w	r3, #1000	@ 0x3e8
100006a2:	fbb0 f0f3 	udiv	r0, r0, r3
100006a6:	e7ea      	b.n	1000067e <main+0x86>
100006a8:	f44f 737a 	mov.w	r3, #1000	@ 0x3e8
100006ac:	fbb0 f0f3 	udiv	r0, r0, r3
100006b0:	e7ef      	b.n	10000692 <main+0x9a>
100006b2:	4b10      	ldr	r3, [pc, #64]	@ (100006f4 <main+0xfc>)
100006b4:	fba3 3000 	umull	r3, r0, r3, r0
100006b8:	0980      	lsrs	r0, r0, #6
100006ba:	e116      	b.n	100008ea <main+0x2f2>
100006bc:	ab04      	add	r3, sp, #16
100006be:	9300      	str	r3, [sp, #0]
100006c0:	4b0d      	ldr	r3, [pc, #52]	@ (100006f8 <main+0x100>)
100006c2:	4a0e      	ldr	r2, [pc, #56]	@ (100006fc <main+0x104>)
100006c4:	2120      	movs	r1, #32
100006c6:	a812      	add	r0, sp, #72	@ 0x48
100006c8:	f003 fb4a 	bl	10003d60 <__wrap_snprintf>
100006cc:	e125      	b.n	1000091a <main+0x322>
100006ce:	4b09      	ldr	r3, [pc, #36]	@ (100006f4 <main+0xfc>)
100006d0:	fba3 3000 	umull	r3, r0, r3, r0
100006d4:	ea4f 1990 	mov.w	r9, r0, lsr #6
100006d8:	e134      	b.n	10000944 <main+0x34c>
100006da:	bf00      	nop
100006dc:	1000bc70 	.word	0x1000bc70
100006e0:	200011e8 	.word	0x200011e8
100006e4:	200011ec 	.word	0x200011ec
100006e8:	10000385 	.word	0x10000385
100006ec:	20001b24 	.word	0x20001b24
100006f0:	20001b28 	.word	0x20001b28
100006f4:	10624dd3 	.word	0x10624dd3
100006f8:	1000b0a4 	.word	0x1000b0a4
100006fc:	1000b09c 	.word	0x1000b09c
10000700:	50200000 	.word	0x50200000
10000704:	200011f4 	.word	0x200011f4
10000708:	f89d 2021 	ldrb.w	r2, [sp, #33]	@ 0x21
1000070c:	4bc2      	ldr	r3, [pc, #776]	@ (10000a18 <main+0x420>)
1000070e:	701a      	strb	r2, [r3, #0]
10000710:	f9bd 2022 	ldrsh.w	r2, [sp, #34]	@ 0x22
10000714:	4bc1      	ldr	r3, [pc, #772]	@ (10000a1c <main+0x424>)
10000716:	801a      	strh	r2, [r3, #0]
10000718:	f9bd 2024 	ldrsh.w	r2, [sp, #36]	@ 0x24
1000071c:	4bc0      	ldr	r3, [pc, #768]	@ (10000a20 <main+0x428>)
1000071e:	801a      	strh	r2, [r3, #0]
10000720:	9a0a      	ldr	r2, [sp, #40]	@ 0x28
10000722:	4bc0      	ldr	r3, [pc, #768]	@ (10000a24 <main+0x42c>)
10000724:	601a      	str	r2, [r3, #0]
10000726:	a808      	add	r0, sp, #32
10000728:	f000 fb31 	bl	10000d8e <pico_link_fifo_try_pop>
1000072c:	4681      	mov	r9, r0
1000072e:	2800      	cmp	r0, #0
10000730:	d1ea      	bne.n	10000708 <main+0x110>
10000732:	f000 fb13 	bl	10000d5c <pico_link_last_rx_ms>
10000736:	4682      	mov	sl, r0
10000738:	f001 fb4e 	bl	10001dd8 <time_us_64>
1000073c:	2900      	cmp	r1, #0
1000073e:	f000 8123 	beq.w	10000988 <main+0x390>
10000742:	f44f 727a 	mov.w	r2, #1000	@ 0x3e8
10000746:	2300      	movs	r3, #0
10000748:	f00a fc42 	bl	1000afd0 <____aeabi_uldivmod_veneer>
1000074c:	f1ba 0f00 	cmp.w	sl, #0
10000750:	d005      	beq.n	1000075e <main+0x166>
10000752:	eba0 000a 	sub.w	r0, r0, sl
10000756:	f5b0 7f7a 	cmp.w	r0, #1000	@ 0x3e8
1000075a:	f0c0 811a 	bcc.w	10000992 <main+0x39a>
1000075e:	4bb2      	ldr	r3, [pc, #712]	@ (10000a28 <main+0x430>)
10000760:	e893 0003 	ldmia.w	r3, {r0, r1}
10000764:	900c      	str	r0, [sp, #48]	@ 0x30
10000766:	f88d 1034 	strb.w	r1, [sp, #52]	@ 0x34
1000076a:	2000      	movs	r0, #0
1000076c:	9000      	str	r0, [sp, #0]
1000076e:	230a      	movs	r3, #10
10000770:	22a0      	movs	r2, #160	@ 0xa0
10000772:	2141      	movs	r1, #65	@ 0x41
10000774:	f007 f956 	bl	10007a24 <fillRect>
10000778:	f1b9 0f00 	cmp.w	r9, #0
1000077c:	f000 8125 	beq.w	100009ca <main+0x3d2>
10000780:	f44f 63fc 	mov.w	r3, #2016	@ 0x7e0
10000784:	2201      	movs	r2, #1
10000786:	9201      	str	r2, [sp, #4]
10000788:	2000      	movs	r0, #0
1000078a:	9000      	str	r0, [sp, #0]
1000078c:	aa0c      	add	r2, sp, #48	@ 0x30
1000078e:	2141      	movs	r1, #65	@ 0x41
10000790:	f007 f9f4 	bl	10007b7c <drawText>
10000794:	4ba5      	ldr	r3, [pc, #660]	@ (10000a2c <main+0x434>)
10000796:	681b      	ldr	r3, [r3, #0]
10000798:	f503 591c 	add.w	r9, r3, #9984	@ 0x2700
1000079c:	f109 0910 	add.w	r9, r9, #16
100007a0:	f001 fb1a 	bl	10001dd8 <time_us_64>
100007a4:	2900      	cmp	r1, #0
100007a6:	f000 8113 	beq.w	100009d0 <main+0x3d8>
100007aa:	f44f 727a 	mov.w	r2, #1000	@ 0x3e8
100007ae:	2300      	movs	r3, #0
100007b0:	f00a fc0e 	bl	1000afd0 <____aeabi_uldivmod_veneer>
100007b4:	4581      	cmp	r9, r0
100007b6:	d21a      	bcs.n	100007ee <main+0x1f6>
100007b8:	4b9d      	ldr	r3, [pc, #628]	@ (10000a30 <main+0x438>)
100007ba:	781b      	ldrb	r3, [r3, #0]
100007bc:	2b00      	cmp	r3, #0
100007be:	f000 810c 	beq.w	100009da <main+0x3e2>
100007c2:	2300      	movs	r3, #0
100007c4:	4a9b      	ldr	r2, [pc, #620]	@ (10000a34 <main+0x43c>)
100007c6:	6814      	ldr	r4, [r2, #0]
100007c8:	461d      	mov	r5, r3
100007ca:	4618      	mov	r0, r3
100007cc:	4619      	mov	r1, r3
100007ce:	ec40 4030 	gpioc_hilo_out_clr r4, r0
100007d2:	4a97      	ldr	r2, [pc, #604]	@ (10000a30 <main+0x438>)
100007d4:	7013      	strb	r3, [r2, #0]
100007d6:	f001 faff 	bl	10001dd8 <time_us_64>
100007da:	2900      	cmp	r1, #0
100007dc:	f000 8109 	beq.w	100009f2 <main+0x3fa>
100007e0:	f44f 727a 	mov.w	r2, #1000	@ 0x3e8
100007e4:	2300      	movs	r3, #0
100007e6:	f00a fbf3 	bl	1000afd0 <____aeabi_uldivmod_veneer>
100007ea:	4b90      	ldr	r3, [pc, #576]	@ (10000a2c <main+0x434>)
100007ec:	6018      	str	r0, [r3, #0]
100007ee:	4b92      	ldr	r3, [pc, #584]	@ (10000a38 <main+0x440>)
100007f0:	681b      	ldr	r3, [r3, #0]
100007f2:	f503 69fa 	add.w	r9, r3, #2000	@ 0x7d0
100007f6:	f001 faef 	bl	10001dd8 <time_us_64>
100007fa:	2900      	cmp	r1, #0
100007fc:	f000 80fe 	beq.w	100009fc <main+0x404>
10000800:	f44f 727a 	mov.w	r2, #1000	@ 0x3e8
10000804:	2300      	movs	r3, #0
10000806:	f00a fbe3 	bl	1000afd0 <____aeabi_uldivmod_veneer>
1000080a:	4581      	cmp	r9, r0
1000080c:	d217      	bcs.n	1000083e <main+0x246>
1000080e:	2301      	movs	r3, #1
10000810:	9300      	str	r3, [sp, #0]
10000812:	4b8a      	ldr	r3, [pc, #552]	@ (10000a3c <main+0x444>)
10000814:	681b      	ldr	r3, [r3, #0]
10000816:	4a8a      	ldr	r2, [pc, #552]	@ (10000a40 <main+0x448>)
10000818:	6812      	ldr	r2, [r2, #0]
1000081a:	f04f 517c 	mov.w	r1, #1056964608	@ 0x3f000000
1000081e:	f240 401a 	movw	r0, #1050	@ 0x41a
10000822:	f7ff fe1b 	bl	1000045c <drive_stepper>
10000826:	f001 fad7 	bl	10001dd8 <time_us_64>
1000082a:	2900      	cmp	r1, #0
1000082c:	f000 80eb 	beq.w	10000a06 <main+0x40e>
10000830:	f44f 727a 	mov.w	r2, #1000	@ 0x3e8
10000834:	2300      	movs	r3, #0
10000836:	f00a fbcb 	bl	1000afd0 <____aeabi_uldivmod_veneer>
1000083a:	4b7f      	ldr	r3, [pc, #508]	@ (10000a38 <main+0x440>)
1000083c:	6018      	str	r0, [r3, #0]
1000083e:	f8df a230 	ldr.w	sl, [pc, #560]	@ 10000a70 <main+0x478>
10000842:	f108 0b08 	add.w	fp, r8, #8
10000846:	f85a 302b 	ldr.w	r3, [sl, fp, lsl #2]
1000084a:	f8df 9228 	ldr.w	r9, [pc, #552]	@ 10000a74 <main+0x47c>
1000084e:	f8c9 3000 	str.w	r3, [r9]
10000852:	200a      	movs	r0, #10
10000854:	f001 f9d4 	bl	10001c00 <sleep_ms>
10000858:	f85a 302b 	ldr.w	r3, [sl, fp, lsl #2]
1000085c:	4a79      	ldr	r2, [pc, #484]	@ (10000a44 <main+0x44c>)
1000085e:	6013      	str	r3, [r2, #0]
10000860:	f8d9 0000 	ldr.w	r0, [r9]
10000864:	1ac0      	subs	r0, r0, r3
10000866:	4b78      	ldr	r3, [pc, #480]	@ (10000a48 <main+0x450>)
10000868:	6018      	str	r0, [r3, #0]
1000086a:	f001 ff5d 	bl	10002728 <__wrap___aeabi_ui2d>
1000086e:	a368      	add	r3, pc, #416	@ (adr r3, 10000a10 <main+0x418>)
10000870:	e9d3 2300 	ldrd	r2, r3, [r3]
10000874:	f001 feea 	bl	1000264c <__wrap___aeabi_ddiv>
10000878:	f8df a1fc 	ldr.w	sl, [pc, #508]	@ 10000a78 <main+0x480>
1000087c:	f001 ff78 	bl	10002770 <__wrap___aeabi_d2uiz>
10000880:	f8ca 0000 	str.w	r0, [sl]
10000884:	f04f 0900 	mov.w	r9, #0
10000888:	f8cd 9000 	str.w	r9, [sp]
1000088c:	2323      	movs	r3, #35	@ 0x23
1000088e:	22a0      	movs	r2, #160	@ 0xa0
10000890:	210a      	movs	r1, #10
10000892:	4648      	mov	r0, r9
10000894:	f007 f8c6 	bl	10007a24 <fillRect>
10000898:	f10d 0b10 	add.w	fp, sp, #16
1000089c:	f8da 3000 	ldr.w	r3, [sl]
100008a0:	4a6a      	ldr	r2, [pc, #424]	@ (10000a4c <main+0x454>)
100008a2:	2110      	movs	r1, #16
100008a4:	4658      	mov	r0, fp
100008a6:	f003 fa5b 	bl	10003d60 <__wrap_snprintf>
100008aa:	2301      	movs	r3, #1
100008ac:	9301      	str	r3, [sp, #4]
100008ae:	f8cd 9000 	str.w	r9, [sp]
100008b2:	f64f 73ff 	movw	r3, #65535	@ 0xffff
100008b6:	465a      	mov	r2, fp
100008b8:	2105      	movs	r1, #5
100008ba:	2014      	movs	r0, #20
100008bc:	f007 f95e 	bl	10007b7c <drawText>
100008c0:	f8da 3000 	ldr.w	r3, [sl]
100008c4:	f64f 72ff 	movw	r2, #65535	@ 0xffff
100008c8:	2128      	movs	r1, #40	@ 0x28
100008ca:	4648      	mov	r0, r9
100008cc:	f7ff fdf2 	bl	100004b4 <graphfreq>
100008d0:	4b56      	ldr	r3, [pc, #344]	@ (10000a2c <main+0x434>)
100008d2:	f8d3 9000 	ldr.w	r9, [r3]
100008d6:	f001 fa7f 	bl	10001dd8 <time_us_64>
100008da:	2900      	cmp	r1, #0
100008dc:	f43f aee9 	beq.w	100006b2 <main+0xba>
100008e0:	f44f 727a 	mov.w	r2, #1000	@ 0x3e8
100008e4:	2300      	movs	r3, #0
100008e6:	f00a fb73 	bl	1000afd0 <____aeabi_uldivmod_veneer>
100008ea:	eba9 0300 	sub.w	r3, r9, r0
100008ee:	f503 531c 	add.w	r3, r3, #9984	@ 0x2700
100008f2:	3310      	adds	r3, #16
100008f4:	4a55      	ldr	r2, [pc, #340]	@ (10000a4c <main+0x454>)
100008f6:	2110      	movs	r1, #16
100008f8:	eb0d 0001 	add.w	r0, sp, r1
100008fc:	f003 fa30 	bl	10003d60 <__wrap_snprintf>
10000900:	4b4b      	ldr	r3, [pc, #300]	@ (10000a30 <main+0x438>)
10000902:	781b      	ldrb	r3, [r3, #0]
10000904:	2b00      	cmp	r3, #0
10000906:	f43f aed9 	beq.w	100006bc <main+0xc4>
1000090a:	ab04      	add	r3, sp, #16
1000090c:	9300      	str	r3, [sp, #0]
1000090e:	4b50      	ldr	r3, [pc, #320]	@ (10000a50 <main+0x458>)
10000910:	4a50      	ldr	r2, [pc, #320]	@ (10000a54 <main+0x45c>)
10000912:	2120      	movs	r1, #32
10000914:	a812      	add	r0, sp, #72	@ 0x48
10000916:	f003 fa23 	bl	10003d60 <__wrap_snprintf>
1000091a:	2301      	movs	r3, #1
1000091c:	9301      	str	r3, [sp, #4]
1000091e:	2000      	movs	r0, #0
10000920:	9000      	str	r0, [sp, #0]
10000922:	f64f 73ff 	movw	r3, #65535	@ 0xffff
10000926:	aa12      	add	r2, sp, #72	@ 0x48
10000928:	2132      	movs	r1, #50	@ 0x32
1000092a:	f007 f927 	bl	10007b7c <drawText>
1000092e:	f001 fa53 	bl	10001dd8 <time_us_64>
10000932:	2900      	cmp	r1, #0
10000934:	f43f aecb 	beq.w	100006ce <main+0xd6>
10000938:	f44f 727a 	mov.w	r2, #1000	@ 0x3e8
1000093c:	2300      	movs	r3, #0
1000093e:	f00a fb47 	bl	1000afd0 <____aeabi_uldivmod_veneer>
10000942:	4681      	mov	r9, r0
10000944:	4b44      	ldr	r3, [pc, #272]	@ (10000a58 <main+0x460>)
10000946:	681b      	ldr	r3, [r3, #0]
10000948:	f503 737a 	add.w	r3, r3, #1000	@ 0x3e8
1000094c:	454b      	cmp	r3, r9
1000094e:	f4bf aeea 	bcs.w	10000726 <main+0x12e>
10000952:	f8df a128 	ldr.w	sl, [pc, #296]	@ 10000a7c <main+0x484>
10000956:	f89a 2000 	ldrb.w	r2, [sl]
1000095a:	4b40      	ldr	r3, [pc, #256]	@ (10000a5c <main+0x464>)
1000095c:	f853 1022 	ldr.w	r1, [r3, r2, lsl #2]
10000960:	483f      	ldr	r0, [pc, #252]	@ (10000a60 <main+0x468>)
10000962:	f7ff fc9f 	bl	100002a4 <uart_puts>
10000966:	f89a 2000 	ldrb.w	r2, [sl]
1000096a:	3201      	adds	r2, #1
1000096c:	4b3d      	ldr	r3, [pc, #244]	@ (10000a64 <main+0x46c>)
1000096e:	fb83 1302 	smull	r1, r3, r3, r2
10000972:	4413      	add	r3, r2
10000974:	109b      	asrs	r3, r3, #2
10000976:	ebc3 03c3 	rsb	r3, r3, r3, lsl #3
1000097a:	1ad3      	subs	r3, r2, r3
1000097c:	f88a 3000 	strb.w	r3, [sl]
10000980:	4b35      	ldr	r3, [pc, #212]	@ (10000a58 <main+0x460>)
10000982:	f8c3 9000 	str.w	r9, [r3]
10000986:	e6ce      	b.n	10000726 <main+0x12e>
10000988:	4b37      	ldr	r3, [pc, #220]	@ (10000a68 <main+0x470>)
1000098a:	fba3 3000 	umull	r3, r0, r3, r0
1000098e:	0980      	lsrs	r0, r0, #6
10000990:	e6dc      	b.n	1000074c <main+0x154>
10000992:	4b21      	ldr	r3, [pc, #132]	@ (10000a18 <main+0x420>)
10000994:	7818      	ldrb	r0, [r3, #0]
10000996:	f7ff fcd1 	bl	1000033c <bin_short>
1000099a:	4681      	mov	r9, r0
1000099c:	4b21      	ldr	r3, [pc, #132]	@ (10000a24 <main+0x42c>)
1000099e:	6818      	ldr	r0, [r3, #0]
100009a0:	f00a fb12 	bl	1000afc8 <____aeabi_f2d_veneer>
100009a4:	e9cd 0102 	strd	r0, r1, [sp, #8]
100009a8:	4b1d      	ldr	r3, [pc, #116]	@ (10000a20 <main+0x428>)
100009aa:	f9b3 3000 	ldrsh.w	r3, [r3]
100009ae:	9301      	str	r3, [sp, #4]
100009b0:	4b1a      	ldr	r3, [pc, #104]	@ (10000a1c <main+0x424>)
100009b2:	f9b3 3000 	ldrsh.w	r3, [r3]
100009b6:	9300      	str	r3, [sp, #0]
100009b8:	464b      	mov	r3, r9
100009ba:	4a2c      	ldr	r2, [pc, #176]	@ (10000a6c <main+0x474>)
100009bc:	2118      	movs	r1, #24
100009be:	a80c      	add	r0, sp, #48	@ 0x30
100009c0:	f003 f9ce 	bl	10003d60 <__wrap_snprintf>
100009c4:	f04f 0901 	mov.w	r9, #1
100009c8:	e6cf      	b.n	1000076a <main+0x172>
100009ca:	f44f 4378 	mov.w	r3, #63488	@ 0xf800
100009ce:	e6d9      	b.n	10000784 <main+0x18c>
100009d0:	4b25      	ldr	r3, [pc, #148]	@ (10000a68 <main+0x470>)
100009d2:	fba3 3000 	umull	r3, r0, r3, r0
100009d6:	0980      	lsrs	r0, r0, #6
100009d8:	e6ec      	b.n	100007b4 <main+0x1bc>
100009da:	2100      	movs	r1, #0
100009dc:	4b15      	ldr	r3, [pc, #84]	@ (10000a34 <main+0x43c>)
100009de:	681e      	ldr	r6, [r3, #0]
100009e0:	460f      	mov	r7, r1
100009e2:	460a      	mov	r2, r1
100009e4:	460b      	mov	r3, r1
100009e6:	ec42 6020 	gpioc_hilo_out_set r6, r2
100009ea:	4b11      	ldr	r3, [pc, #68]	@ (10000a30 <main+0x438>)
100009ec:	2201      	movs	r2, #1
100009ee:	701a      	strb	r2, [r3, #0]
100009f0:	e6f1      	b.n	100007d6 <main+0x1de>
100009f2:	4b1d      	ldr	r3, [pc, #116]	@ (10000a68 <main+0x470>)
100009f4:	fba3 3000 	umull	r3, r0, r3, r0
100009f8:	0980      	lsrs	r0, r0, #6
100009fa:	e6f6      	b.n	100007ea <main+0x1f2>
100009fc:	4b1a      	ldr	r3, [pc, #104]	@ (10000a68 <main+0x470>)
100009fe:	fba3 3000 	umull	r3, r0, r3, r0
10000a02:	0980      	lsrs	r0, r0, #6
10000a04:	e701      	b.n	1000080a <main+0x212>
10000a06:	4b18      	ldr	r3, [pc, #96]	@ (10000a68 <main+0x470>)
10000a08:	fba3 3000 	umull	r3, r0, r3, r0
10000a0c:	0980      	lsrs	r0, r0, #6
10000a0e:	e714      	b.n	1000083a <main+0x242>
10000a10:	47ae147b 	.word	0x47ae147b
10000a14:	3f847ae1 	.word	0x3f847ae1
10000a18:	200027b9 	.word	0x200027b9
10000a1c:	200027aa 	.word	0x200027aa
10000a20:	200027ac 	.word	0x200027ac
10000a24:	200026e4 	.word	0x200026e4
10000a28:	1000b0bc 	.word	0x1000b0bc
10000a2c:	20001b24 	.word	0x20001b24
10000a30:	200027ae 	.word	0x200027ae
10000a34:	200011f0 	.word	0x200011f0
10000a38:	20001b28 	.word	0x20001b28
10000a3c:	200011e8 	.word	0x200011e8
10000a40:	200011ec 	.word	0x200011ec
10000a44:	20001b34 	.word	0x20001b34
10000a48:	20001b2c 	.word	0x20001b2c
10000a4c:	1000b090 	.word	0x1000b090
10000a50:	1000b094 	.word	0x1000b094
10000a54:	1000b09c 	.word	0x1000b09c
10000a58:	20002790 	.word	0x20002790
10000a5c:	1000bc54 	.word	0x1000bc54
10000a60:	40070000 	.word	0x40070000
10000a64:	92492493 	.word	0x92492493
10000a68:	10624dd3 	.word	0x10624dd3
10000a6c:	1000b0a8 	.word	0x1000b0a8
10000a70:	50200000 	.word	0x50200000
10000a74:	20001b30 	.word	0x20001b30
10000a78:	20001b20 	.word	0x20001b20
10000a7c:	200027bc 	.word	0x200027bc

10000a80 <uart_getc>:
10000a80:	b410      	push	{r4}
10000a82:	b083      	sub	sp, #12
10000a84:	2100      	movs	r1, #0
10000a86:	f10d 0207 	add.w	r2, sp, #7
10000a8a:	e009      	b.n	10000aa0 <uart_getc+0x20>
10000a8c:	6983      	ldr	r3, [r0, #24]
10000a8e:	f013 0f10 	tst.w	r3, #16
10000a92:	d1fb      	bne.n	10000a8c <uart_getc+0xc>
10000a94:	6804      	ldr	r4, [r0, #0]
10000a96:	4613      	mov	r3, r2
10000a98:	f803 4b01 	strb.w	r4, [r3], #1
10000a9c:	3101      	adds	r1, #1
10000a9e:	461a      	mov	r2, r3
10000aa0:	2900      	cmp	r1, #0
10000aa2:	d0f3      	beq.n	10000a8c <uart_getc+0xc>
10000aa4:	f89d 0007 	ldrb.w	r0, [sp, #7]
10000aa8:	b003      	add	sp, #12
10000aaa:	f85d 4b04 	ldr.w	r4, [sp], #4
10000aae:	4770      	bx	lr

10000ab0 <material_num_to_bin>:
10000ab0:	1e43      	subs	r3, r0, #1
10000ab2:	2b05      	cmp	r3, #5
10000ab4:	d901      	bls.n	10000aba <material_num_to_bin+0xa>
10000ab6:	2000      	movs	r0, #0
10000ab8:	4770      	bx	lr
10000aba:	b2c0      	uxtb	r0, r0
10000abc:	4770      	bx	lr

10000abe <fifo_unpack>:
10000abe:	f04f 0c01 	mov.w	ip, #1
10000ac2:	f883 c000 	strb.w	ip, [r3]
10000ac6:	7058      	strb	r0, [r3, #1]
10000ac8:	8059      	strh	r1, [r3, #2]
10000aca:	1409      	asrs	r1, r1, #16
10000acc:	8099      	strh	r1, [r3, #4]
10000ace:	609a      	str	r2, [r3, #8]
10000ad0:	2200      	movs	r2, #0
10000ad2:	731a      	strb	r2, [r3, #12]
10000ad4:	4770      	bx	lr

10000ad6 <next_field>:
10000ad6:	b538      	push	{r3, r4, r5, lr}
10000ad8:	6805      	ldr	r5, [r0, #0]
10000ada:	b155      	cbz	r5, 10000af2 <next_field+0x1c>
10000adc:	4604      	mov	r4, r0
10000ade:	212c      	movs	r1, #44	@ 0x2c
10000ae0:	4628      	mov	r0, r5
10000ae2:	f008 fddb 	bl	1000969c <strchr>
10000ae6:	4603      	mov	r3, r0
10000ae8:	b128      	cbz	r0, 10000af6 <next_field+0x20>
10000aea:	2200      	movs	r2, #0
10000aec:	f803 2b01 	strb.w	r2, [r3], #1
10000af0:	6023      	str	r3, [r4, #0]
10000af2:	4628      	mov	r0, r5
10000af4:	bd38      	pop	{r3, r4, r5, pc}
10000af6:	2300      	movs	r3, #0
10000af8:	6023      	str	r3, [r4, #0]
10000afa:	e7fa      	b.n	10000af2 <next_field+0x1c>

10000afc <parse_line>:
10000afc:	b5f0      	push	{r4, r5, r6, r7, lr}
10000afe:	ed2d 8b02 	vpush	{d8}
10000b02:	b083      	sub	sp, #12
10000b04:	460c      	mov	r4, r1
10000b06:	9001      	str	r0, [sp, #4]
10000b08:	a801      	add	r0, sp, #4
10000b0a:	f7ff ffe4 	bl	10000ad6 <next_field>
10000b0e:	2800      	cmp	r0, #0
10000b10:	f000 8093 	beq.w	10000c3a <parse_line+0x13e>
10000b14:	7802      	ldrb	r2, [r0, #0]
10000b16:	2a00      	cmp	r2, #0
10000b18:	f000 8091 	beq.w	10000c3e <parse_line+0x142>
10000b1c:	7843      	ldrb	r3, [r0, #1]
10000b1e:	2b00      	cmp	r3, #0
10000b20:	f040 8092 	bne.w	10000c48 <parse_line+0x14c>
10000b24:	2a4d      	cmp	r2, #77	@ 0x4d
10000b26:	d001      	beq.n	10000b2c <parse_line+0x30>
10000b28:	2000      	movs	r0, #0
10000b2a:	e089      	b.n	10000c40 <parse_line+0x144>
10000b2c:	a801      	add	r0, sp, #4
10000b2e:	f7ff ffd2 	bl	10000ad6 <next_field>
10000b32:	2800      	cmp	r0, #0
10000b34:	f000 808a 	beq.w	10000c4c <parse_line+0x150>
10000b38:	7802      	ldrb	r2, [r0, #0]
10000b3a:	b90a      	cbnz	r2, 10000b40 <parse_line+0x44>
10000b3c:	2000      	movs	r0, #0
10000b3e:	e07f      	b.n	10000c40 <parse_line+0x144>
10000b40:	220a      	movs	r2, #10
10000b42:	4669      	mov	r1, sp
10000b44:	f008 fd46 	bl	100095d4 <strtol>
10000b48:	9b00      	ldr	r3, [sp, #0]
10000b4a:	781b      	ldrb	r3, [r3, #0]
10000b4c:	2b00      	cmp	r3, #0
10000b4e:	d17f      	bne.n	10000c50 <parse_line+0x154>
10000b50:	f7ff ffae 	bl	10000ab0 <material_num_to_bin>
10000b54:	4605      	mov	r5, r0
10000b56:	b908      	cbnz	r0, 10000b5c <parse_line+0x60>
10000b58:	2000      	movs	r0, #0
10000b5a:	e071      	b.n	10000c40 <parse_line+0x144>
10000b5c:	a801      	add	r0, sp, #4
10000b5e:	f7ff ffba 	bl	10000ad6 <next_field>
10000b62:	2800      	cmp	r0, #0
10000b64:	d076      	beq.n	10000c54 <parse_line+0x158>
10000b66:	7802      	ldrb	r2, [r0, #0]
10000b68:	b90a      	cbnz	r2, 10000b6e <parse_line+0x72>
10000b6a:	2000      	movs	r0, #0
10000b6c:	e068      	b.n	10000c40 <parse_line+0x144>
10000b6e:	220a      	movs	r2, #10
10000b70:	4669      	mov	r1, sp
10000b72:	f008 fd2f 	bl	100095d4 <strtol>
10000b76:	4606      	mov	r6, r0
10000b78:	9b00      	ldr	r3, [sp, #0]
10000b7a:	781b      	ldrb	r3, [r3, #0]
10000b7c:	b10b      	cbz	r3, 10000b82 <parse_line+0x86>
10000b7e:	2000      	movs	r0, #0
10000b80:	e05e      	b.n	10000c40 <parse_line+0x144>
10000b82:	a801      	add	r0, sp, #4
10000b84:	f7ff ffa7 	bl	10000ad6 <next_field>
10000b88:	2800      	cmp	r0, #0
10000b8a:	d065      	beq.n	10000c58 <parse_line+0x15c>
10000b8c:	7802      	ldrb	r2, [r0, #0]
10000b8e:	b90a      	cbnz	r2, 10000b94 <parse_line+0x98>
10000b90:	2000      	movs	r0, #0
10000b92:	e055      	b.n	10000c40 <parse_line+0x144>
10000b94:	220a      	movs	r2, #10
10000b96:	4669      	mov	r1, sp
10000b98:	f008 fd1c 	bl	100095d4 <strtol>
10000b9c:	4607      	mov	r7, r0
10000b9e:	9b00      	ldr	r3, [sp, #0]
10000ba0:	781b      	ldrb	r3, [r3, #0]
10000ba2:	b10b      	cbz	r3, 10000ba8 <parse_line+0xac>
10000ba4:	2000      	movs	r0, #0
10000ba6:	e04b      	b.n	10000c40 <parse_line+0x144>
10000ba8:	a801      	add	r0, sp, #4
10000baa:	f7ff ff94 	bl	10000ad6 <next_field>
10000bae:	2800      	cmp	r0, #0
10000bb0:	d054      	beq.n	10000c5c <parse_line+0x160>
10000bb2:	7802      	ldrb	r2, [r0, #0]
10000bb4:	b90a      	cbnz	r2, 10000bba <parse_line+0xbe>
10000bb6:	2000      	movs	r0, #0
10000bb8:	e042      	b.n	10000c40 <parse_line+0x144>
10000bba:	4669      	mov	r1, sp
10000bbc:	f008 fbcc 	bl	10009358 <strtof>
10000bc0:	ee08 0a10 	vmov	s16, r0
10000bc4:	9b00      	ldr	r3, [sp, #0]
10000bc6:	781b      	ldrb	r3, [r3, #0]
10000bc8:	b10b      	cbz	r3, 10000bce <parse_line+0xd2>
10000bca:	2000      	movs	r0, #0
10000bcc:	e038      	b.n	10000c40 <parse_line+0x144>
10000bce:	a801      	add	r0, sp, #4
10000bd0:	f7ff ff81 	bl	10000ad6 <next_field>
10000bd4:	2800      	cmp	r0, #0
10000bd6:	d043      	beq.n	10000c60 <parse_line+0x164>
10000bd8:	7802      	ldrb	r2, [r0, #0]
10000bda:	b90a      	cbnz	r2, 10000be0 <parse_line+0xe4>
10000bdc:	2000      	movs	r0, #0
10000bde:	e02f      	b.n	10000c40 <parse_line+0x144>
10000be0:	220a      	movs	r2, #10
10000be2:	4669      	mov	r1, sp
10000be4:	f008 fcf6 	bl	100095d4 <strtol>
10000be8:	9b00      	ldr	r3, [sp, #0]
10000bea:	781b      	ldrb	r3, [r3, #0]
10000bec:	bbd3      	cbnz	r3, 10000c64 <parse_line+0x168>
10000bee:	9b01      	ldr	r3, [sp, #4]
10000bf0:	b10b      	cbz	r3, 10000bf6 <parse_line+0xfa>
10000bf2:	2000      	movs	r0, #0
10000bf4:	e024      	b.n	10000c40 <parse_line+0x144>
10000bf6:	f506 4300 	add.w	r3, r6, #32768	@ 0x8000
10000bfa:	f5b3 3f80 	cmp.w	r3, #65536	@ 0x10000
10000bfe:	d233      	bcs.n	10000c68 <parse_line+0x16c>
10000c00:	f507 4300 	add.w	r3, r7, #32768	@ 0x8000
10000c04:	f5b3 3f80 	cmp.w	r3, #65536	@ 0x10000
10000c08:	d230      	bcs.n	10000c6c <parse_line+0x170>
10000c0a:	28ff      	cmp	r0, #255	@ 0xff
10000c0c:	d830      	bhi.n	10000c70 <parse_line+0x174>
10000c0e:	eeb5 8ac0 	vcmpe.f32	s16, #0.0
10000c12:	eef1 fa10 	vmrs	APSR_nzcv, fpscr
10000c16:	d42d      	bmi.n	10000c74 <parse_line+0x178>
10000c18:	eef7 7a00 	vmov.f32	s15, #112	@ 0x3f800000  1.0
10000c1c:	eeb4 8ae7 	vcmpe.f32	s16, s15
10000c20:	eef1 fa10 	vmrs	APSR_nzcv, fpscr
10000c24:	dc28      	bgt.n	10000c78 <parse_line+0x17c>
10000c26:	2301      	movs	r3, #1
10000c28:	7023      	strb	r3, [r4, #0]
10000c2a:	7065      	strb	r5, [r4, #1]
10000c2c:	8066      	strh	r6, [r4, #2]
10000c2e:	80a7      	strh	r7, [r4, #4]
10000c30:	ed84 8a02 	vstr	s16, [r4, #8]
10000c34:	7320      	strb	r0, [r4, #12]
10000c36:	4618      	mov	r0, r3
10000c38:	e002      	b.n	10000c40 <parse_line+0x144>
10000c3a:	2000      	movs	r0, #0
10000c3c:	e000      	b.n	10000c40 <parse_line+0x144>
10000c3e:	2000      	movs	r0, #0
10000c40:	b003      	add	sp, #12
10000c42:	ecbd 8b02 	vpop	{d8}
10000c46:	bdf0      	pop	{r4, r5, r6, r7, pc}
10000c48:	2000      	movs	r0, #0
10000c4a:	e7f9      	b.n	10000c40 <parse_line+0x144>
10000c4c:	2000      	movs	r0, #0
10000c4e:	e7f7      	b.n	10000c40 <parse_line+0x144>
10000c50:	2000      	movs	r0, #0
10000c52:	e7f5      	b.n	10000c40 <parse_line+0x144>
10000c54:	2000      	movs	r0, #0
10000c56:	e7f3      	b.n	10000c40 <parse_line+0x144>
10000c58:	2000      	movs	r0, #0
10000c5a:	e7f1      	b.n	10000c40 <parse_line+0x144>
10000c5c:	2000      	movs	r0, #0
10000c5e:	e7ef      	b.n	10000c40 <parse_line+0x144>
10000c60:	2000      	movs	r0, #0
10000c62:	e7ed      	b.n	10000c40 <parse_line+0x144>
10000c64:	2000      	movs	r0, #0
10000c66:	e7eb      	b.n	10000c40 <parse_line+0x144>
10000c68:	2000      	movs	r0, #0
10000c6a:	e7e9      	b.n	10000c40 <parse_line+0x144>
10000c6c:	2000      	movs	r0, #0
10000c6e:	e7e7      	b.n	10000c40 <parse_line+0x144>
10000c70:	2000      	movs	r0, #0
10000c72:	e7e5      	b.n	10000c40 <parse_line+0x144>
10000c74:	2000      	movs	r0, #0
10000c76:	e7e3      	b.n	10000c40 <parse_line+0x144>
10000c78:	2000      	movs	r0, #0
10000c7a:	e7e1      	b.n	10000c40 <parse_line+0x144>

10000c7c <pico_link_init>:
10000c7c:	b5f8      	push	{r3, r4, r5, r6, r7, lr}
10000c7e:	4604      	mov	r4, r0
10000c80:	4616      	mov	r6, r2
10000c82:	461d      	mov	r5, r3
10000c84:	4b0f      	ldr	r3, [pc, #60]	@ (10000cc4 <pico_link_init+0x48>)
10000c86:	6018      	str	r0, [r3, #0]
10000c88:	2700      	movs	r7, #0
10000c8a:	4b0f      	ldr	r3, [pc, #60]	@ (10000cc8 <pico_link_init+0x4c>)
10000c8c:	601f      	str	r7, [r3, #0]
10000c8e:	f001 f95b 	bl	10001f48 <uart_init>
10000c92:	2102      	movs	r1, #2
10000c94:	4630      	mov	r0, r6
10000c96:	f000 f895 	bl	10000dc4 <gpio_set_function>
10000c9a:	2102      	movs	r1, #2
10000c9c:	4628      	mov	r0, r5
10000c9e:	f000 f891 	bl	10000dc4 <gpio_set_function>
10000ca2:	463b      	mov	r3, r7
10000ca4:	2201      	movs	r2, #1
10000ca6:	2108      	movs	r1, #8
10000ca8:	4620      	mov	r0, r4
10000caa:	f001 f91e 	bl	10001eea <uart_set_format>
10000cae:	2101      	movs	r1, #1
10000cb0:	4620      	mov	r0, r4
10000cb2:	f001 f930 	bl	10001f16 <uart_set_fifo_enabled>
10000cb6:	6b23      	ldr	r3, [r4, #48]	@ 0x30
10000cb8:	f403 4340 	and.w	r3, r3, #49152	@ 0xc000
10000cbc:	f504 5481 	add.w	r4, r4, #4128	@ 0x1020
10000cc0:	6123      	str	r3, [r4, #16]
10000cc2:	bdf8      	pop	{r3, r4, r5, r6, r7, pc}
10000cc4:	20002780 	.word	0x20002780
10000cc8:	2000277c 	.word	0x2000277c

10000ccc <pico_link_read_blocking>:
10000ccc:	b510      	push	{r4, lr}
10000cce:	4604      	mov	r4, r0
10000cd0:	4b1d      	ldr	r3, [pc, #116]	@ (10000d48 <pico_link_read_blocking+0x7c>)
10000cd2:	6818      	ldr	r0, [r3, #0]
10000cd4:	f7ff fed4 	bl	10000a80 <uart_getc>
10000cd8:	280d      	cmp	r0, #13
10000cda:	d0f9      	beq.n	10000cd0 <pico_link_read_blocking+0x4>
10000cdc:	280a      	cmp	r0, #10
10000cde:	d009      	beq.n	10000cf4 <pico_link_read_blocking+0x28>
10000ce0:	4b1a      	ldr	r3, [pc, #104]	@ (10000d4c <pico_link_read_blocking+0x80>)
10000ce2:	681b      	ldr	r3, [r3, #0]
10000ce4:	2b3e      	cmp	r3, #62	@ 0x3e
10000ce6:	d825      	bhi.n	10000d34 <pico_link_read_blocking+0x68>
10000ce8:	1c59      	adds	r1, r3, #1
10000cea:	4a18      	ldr	r2, [pc, #96]	@ (10000d4c <pico_link_read_blocking+0x80>)
10000cec:	6011      	str	r1, [r2, #0]
10000cee:	4a18      	ldr	r2, [pc, #96]	@ (10000d50 <pico_link_read_blocking+0x84>)
10000cf0:	54d0      	strb	r0, [r2, r3]
10000cf2:	e7ed      	b.n	10000cd0 <pico_link_read_blocking+0x4>
10000cf4:	4b15      	ldr	r3, [pc, #84]	@ (10000d4c <pico_link_read_blocking+0x80>)
10000cf6:	681b      	ldr	r3, [r3, #0]
10000cf8:	2b00      	cmp	r3, #0
10000cfa:	d0e9      	beq.n	10000cd0 <pico_link_read_blocking+0x4>
10000cfc:	4814      	ldr	r0, [pc, #80]	@ (10000d50 <pico_link_read_blocking+0x84>)
10000cfe:	2200      	movs	r2, #0
10000d00:	54c2      	strb	r2, [r0, r3]
10000d02:	4b12      	ldr	r3, [pc, #72]	@ (10000d4c <pico_link_read_blocking+0x80>)
10000d04:	601a      	str	r2, [r3, #0]
10000d06:	4621      	mov	r1, r4
10000d08:	f7ff fef8 	bl	10000afc <parse_line>
10000d0c:	4604      	mov	r4, r0
10000d0e:	b908      	cbnz	r0, 10000d14 <pico_link_read_blocking+0x48>
10000d10:	4620      	mov	r0, r4
10000d12:	bd10      	pop	{r4, pc}
10000d14:	f001 f860 	bl	10001dd8 <time_us_64>
10000d18:	b139      	cbz	r1, 10000d2a <pico_link_read_blocking+0x5e>
10000d1a:	f44f 727a 	mov.w	r2, #1000	@ 0x3e8
10000d1e:	2300      	movs	r3, #0
10000d20:	f00a f956 	bl	1000afd0 <____aeabi_uldivmod_veneer>
10000d24:	4b0b      	ldr	r3, [pc, #44]	@ (10000d54 <pico_link_read_blocking+0x88>)
10000d26:	6018      	str	r0, [r3, #0]
10000d28:	e7f2      	b.n	10000d10 <pico_link_read_blocking+0x44>
10000d2a:	4b0b      	ldr	r3, [pc, #44]	@ (10000d58 <pico_link_read_blocking+0x8c>)
10000d2c:	fba3 3000 	umull	r3, r0, r3, r0
10000d30:	0980      	lsrs	r0, r0, #6
10000d32:	e7f7      	b.n	10000d24 <pico_link_read_blocking+0x58>
10000d34:	4b05      	ldr	r3, [pc, #20]	@ (10000d4c <pico_link_read_blocking+0x80>)
10000d36:	2200      	movs	r2, #0
10000d38:	601a      	str	r2, [r3, #0]
10000d3a:	4b03      	ldr	r3, [pc, #12]	@ (10000d48 <pico_link_read_blocking+0x7c>)
10000d3c:	6818      	ldr	r0, [r3, #0]
10000d3e:	f7ff fe9f 	bl	10000a80 <uart_getc>
10000d42:	280a      	cmp	r0, #10
10000d44:	d1f9      	bne.n	10000d3a <pico_link_read_blocking+0x6e>
10000d46:	e7c3      	b.n	10000cd0 <pico_link_read_blocking+0x4>
10000d48:	20002780 	.word	0x20002780
10000d4c:	2000277c 	.word	0x2000277c
10000d50:	20002738 	.word	0x20002738
10000d54:	20002778 	.word	0x20002778
10000d58:	10624dd3 	.word	0x10624dd3

10000d5c <pico_link_last_rx_ms>:
10000d5c:	4b01      	ldr	r3, [pc, #4]	@ (10000d64 <pico_link_last_rx_ms+0x8>)
10000d5e:	6818      	ldr	r0, [r3, #0]
10000d60:	4770      	bx	lr
10000d62:	bf00      	nop
10000d64:	20002778 	.word	0x20002778

10000d68 <pico_link_fifo_push>:
10000d68:	b538      	push	{r3, r4, r5, lr}
10000d6a:	f9b0 4002 	ldrsh.w	r4, [r0, #2]
10000d6e:	b2a4      	uxth	r4, r4
10000d70:	f9b0 3004 	ldrsh.w	r3, [r0, #4]
10000d74:	ea44 4403 	orr.w	r4, r4, r3, lsl #16
10000d78:	6885      	ldr	r5, [r0, #8]
10000d7a:	7840      	ldrb	r0, [r0, #1]
10000d7c:	f006 fb46 	bl	1000740c <multicore_fifo_push_blocking>
10000d80:	4620      	mov	r0, r4
10000d82:	f006 fb43 	bl	1000740c <multicore_fifo_push_blocking>
10000d86:	4628      	mov	r0, r5
10000d88:	f006 fb40 	bl	1000740c <multicore_fifo_push_blocking>
10000d8c:	bd38      	pop	{r3, r4, r5, pc}

10000d8e <pico_link_fifo_try_pop>:
10000d8e:	f04f 4350 	mov.w	r3, #3489660928	@ 0xd0000000
10000d92:	6d1b      	ldr	r3, [r3, #80]	@ 0x50
10000d94:	f013 0f01 	tst.w	r3, #1
10000d98:	d101      	bne.n	10000d9e <pico_link_fifo_try_pop+0x10>
10000d9a:	2000      	movs	r0, #0
10000d9c:	4770      	bx	lr
10000d9e:	b570      	push	{r4, r5, r6, lr}
10000da0:	4604      	mov	r4, r0
10000da2:	f006 fb3e 	bl	10007422 <multicore_fifo_pop_blocking>
10000da6:	4605      	mov	r5, r0
10000da8:	f006 fb3b 	bl	10007422 <multicore_fifo_pop_blocking>
10000dac:	4606      	mov	r6, r0
10000dae:	f006 fb38 	bl	10007422 <multicore_fifo_pop_blocking>
10000db2:	4602      	mov	r2, r0
10000db4:	4623      	mov	r3, r4
10000db6:	4631      	mov	r1, r6
10000db8:	4628      	mov	r0, r5
10000dba:	f7ff fe80 	bl	10000abe <fifo_unpack>
10000dbe:	2001      	movs	r0, #1
10000dc0:	bd70      	pop	{r4, r5, r6, pc}
	...

10000dc4 <gpio_set_function>:
10000dc4:	4b0c      	ldr	r3, [pc, #48]	@ (10000df8 <gpio_set_function+0x34>)
10000dc6:	eb03 0280 	add.w	r2, r3, r0, lsl #2
10000dca:	f853 3020 	ldr.w	r3, [r3, r0, lsl #2]
10000dce:	f083 0340 	eor.w	r3, r3, #64	@ 0x40
10000dd2:	f003 03c0 	and.w	r3, r3, #192	@ 0xc0
10000dd6:	f502 5c80 	add.w	ip, r2, #4096	@ 0x1000
10000dda:	f8cc 3000 	str.w	r3, [ip]
10000dde:	00c0      	lsls	r0, r0, #3
10000de0:	f100 4080 	add.w	r0, r0, #1073741824	@ 0x40000000
10000de4:	f500 3020 	add.w	r0, r0, #163840	@ 0x28000
10000de8:	6041      	str	r1, [r0, #4]
10000dea:	f502 5240 	add.w	r2, r2, #12288	@ 0x3000
10000dee:	f44f 7380 	mov.w	r3, #256	@ 0x100
10000df2:	6013      	str	r3, [r2, #0]
10000df4:	4770      	bx	lr
10000df6:	bf00      	nop
10000df8:	40038004 	.word	0x40038004

10000dfc <gpio_init>:
10000dfc:	b508      	push	{r3, lr}
10000dfe:	f04f 0200 	mov.w	r2, #0
10000e02:	ec42 0044 	gpioc_bit_oe_put r0, r2
10000e06:	ec42 0040 	gpioc_bit_out_put r0, r2
10000e0a:	2105      	movs	r1, #5
10000e0c:	f7ff ffda 	bl	10000dc4 <gpio_set_function>
10000e10:	bd08      	pop	{r3, pc}
	...

10000e14 <panic>:
10000e14:	b40f      	push	{r0, r1, r2, r3}
10000e16:	b500      	push	{lr}
10000e18:	b083      	sub	sp, #12
10000e1a:	9c04      	ldr	r4, [sp, #16]
10000e1c:	4807      	ldr	r0, [pc, #28]	@ (10000e3c <panic+0x28>)
10000e1e:	f003 f919 	bl	10004054 <__wrap_puts>
10000e22:	b13c      	cbz	r4, 10000e34 <panic+0x20>
10000e24:	a905      	add	r1, sp, #20
10000e26:	9101      	str	r1, [sp, #4]
10000e28:	4620      	mov	r0, r4
10000e2a:	f003 f923 	bl	10004074 <__wrap_vprintf>
10000e2e:	4804      	ldr	r0, [pc, #16]	@ (10000e40 <panic+0x2c>)
10000e30:	f003 f910 	bl	10004054 <__wrap_puts>
10000e34:	2001      	movs	r0, #1
10000e36:	f002 ffb9 	bl	10003dac <_exit>
10000e3a:	bf00      	nop
10000e3c:	1000b164 	.word	0x1000b164
10000e40:	1000b174 	.word	0x1000b174

10000e44 <hw_claim_lock>:
10000e44:	f3ef 8010 	mrs	r0, PRIMASK
10000e48:	b672      	cpsid	i
10000e4a:	4b06      	ldr	r3, [pc, #24]	@ (10000e64 <hw_claim_lock+0x20>)
10000e4c:	e8d3 1fcf 	ldaexb	r1, [r3]
10000e50:	2201      	movs	r2, #1
10000e52:	2900      	cmp	r1, #0
10000e54:	d1fa      	bne.n	10000e4c <hw_claim_lock+0x8>
10000e56:	e8c3 2f41 	strexb	r1, r2, [r3]
10000e5a:	2900      	cmp	r1, #0
10000e5c:	d1f6      	bne.n	10000e4c <hw_claim_lock+0x8>
10000e5e:	f3bf 8f5f 	dmb	sy
10000e62:	4770      	bx	lr
10000e64:	20001e57 	.word	0x20001e57

10000e68 <hw_claim_unlock>:
10000e68:	2300      	movs	r3, #0
10000e6a:	4a03      	ldr	r2, [pc, #12]	@ (10000e78 <hw_claim_unlock+0x10>)
10000e6c:	e8c2 3f8f 	stlb	r3, [r2]
10000e70:	f380 8810 	msr	PRIMASK, r0
10000e74:	4770      	bx	lr
10000e76:	bf00      	nop
10000e78:	20001e57 	.word	0x20001e57

10000e7c <hw_claim_or_assert>:
10000e7c:	b570      	push	{r4, r5, r6, lr}
10000e7e:	4605      	mov	r5, r0
10000e80:	460c      	mov	r4, r1
10000e82:	4616      	mov	r6, r2
10000e84:	f7ff ffde 	bl	10000e44 <hw_claim_lock>
10000e88:	08e2      	lsrs	r2, r4, #3
10000e8a:	5ca9      	ldrb	r1, [r5, r2]
10000e8c:	f004 0c07 	and.w	ip, r4, #7
10000e90:	2301      	movs	r3, #1
10000e92:	fa03 f30c 	lsl.w	r3, r3, ip
10000e96:	4219      	tst	r1, r3
10000e98:	d105      	bne.n	10000ea6 <hw_claim_or_assert+0x2a>
10000e9a:	b2db      	uxtb	r3, r3
10000e9c:	430b      	orrs	r3, r1
10000e9e:	54ab      	strb	r3, [r5, r2]
10000ea0:	f7ff ffe2 	bl	10000e68 <hw_claim_unlock>
10000ea4:	bd70      	pop	{r4, r5, r6, pc}
10000ea6:	4621      	mov	r1, r4
10000ea8:	4630      	mov	r0, r6
10000eaa:	f7ff ffb3 	bl	10000e14 <panic>

10000eae <hw_claim_unused_from_range>:
10000eae:	b5f8      	push	{r3, r4, r5, r6, r7, lr}
10000eb0:	4606      	mov	r6, r0
10000eb2:	460d      	mov	r5, r1
10000eb4:	4614      	mov	r4, r2
10000eb6:	461f      	mov	r7, r3
10000eb8:	f7ff ffc4 	bl	10000e44 <hw_claim_lock>
10000ebc:	e000      	b.n	10000ec0 <hw_claim_unused_from_range+0x12>
10000ebe:	3401      	adds	r4, #1
10000ec0:	42bc      	cmp	r4, r7
10000ec2:	d80e      	bhi.n	10000ee2 <hw_claim_unused_from_range+0x34>
10000ec4:	ea4f 0cd4 	mov.w	ip, r4, lsr #3
10000ec8:	f816 100c 	ldrb.w	r1, [r6, ip]
10000ecc:	f004 0307 	and.w	r3, r4, #7
10000ed0:	2201      	movs	r2, #1
10000ed2:	409a      	lsls	r2, r3
10000ed4:	4211      	tst	r1, r2
10000ed6:	d1f2      	bne.n	10000ebe <hw_claim_unused_from_range+0x10>
10000ed8:	b2d2      	uxtb	r2, r2
10000eda:	430a      	orrs	r2, r1
10000edc:	f806 200c 	strb.w	r2, [r6, ip]
10000ee0:	e001      	b.n	10000ee6 <hw_claim_unused_from_range+0x38>
10000ee2:	f04f 34ff 	mov.w	r4, #4294967295
10000ee6:	f7ff ffbf 	bl	10000e68 <hw_claim_unlock>
10000eea:	2c00      	cmp	r4, #0
10000eec:	db01      	blt.n	10000ef2 <hw_claim_unused_from_range+0x44>
10000eee:	4620      	mov	r0, r4
10000ef0:	bdf8      	pop	{r3, r4, r5, r6, r7, pc}
10000ef2:	2d00      	cmp	r5, #0
10000ef4:	d0fb      	beq.n	10000eee <hw_claim_unused_from_range+0x40>
10000ef6:	9806      	ldr	r0, [sp, #24]
10000ef8:	f7ff ff8c 	bl	10000e14 <panic>

10000efc <next_striped_spin_lock_num>:
10000efc:	4a05      	ldr	r2, [pc, #20]	@ (10000f14 <next_striped_spin_lock_num+0x18>)
10000efe:	7810      	ldrb	r0, [r2, #0]
10000f00:	1c43      	adds	r3, r0, #1
10000f02:	b2db      	uxtb	r3, r3
10000f04:	7013      	strb	r3, [r2, #0]
10000f06:	2b17      	cmp	r3, #23
10000f08:	d902      	bls.n	10000f10 <next_striped_spin_lock_num+0x14>
10000f0a:	4613      	mov	r3, r2
10000f0c:	2210      	movs	r2, #16
10000f0e:	701a      	strb	r2, [r3, #0]
10000f10:	4770      	bx	lr
10000f12:	bf00      	nop
10000f14:	20001228 	.word	0x20001228

10000f18 <spin_lock_claim_unused>:
10000f18:	b500      	push	{lr}
10000f1a:	b083      	sub	sp, #12
10000f1c:	4601      	mov	r1, r0
10000f1e:	4b05      	ldr	r3, [pc, #20]	@ (10000f34 <spin_lock_claim_unused+0x1c>)
10000f20:	9300      	str	r3, [sp, #0]
10000f22:	231f      	movs	r3, #31
10000f24:	2218      	movs	r2, #24
10000f26:	4804      	ldr	r0, [pc, #16]	@ (10000f38 <spin_lock_claim_unused+0x20>)
10000f28:	f7ff ffc1 	bl	10000eae <hw_claim_unused_from_range>
10000f2c:	b003      	add	sp, #12
10000f2e:	f85d fb04 	ldr.w	pc, [sp], #4
10000f32:	bf00      	nop
10000f34:	1000b178 	.word	0x1000b178
10000f38:	20002274 	.word	0x20002274

10000f3c <spinlock_set_extexclall>:
10000f3c:	f04f 22e0 	mov.w	r2, #3758153728	@ 0xe000e000
10000f40:	6893      	ldr	r3, [r2, #8]
10000f42:	f043 5300 	orr.w	r3, r3, #536870912	@ 0x20000000
10000f46:	6093      	str	r3, [r2, #8]
10000f48:	4770      	bx	lr
	...

10000f4c <spin_locks_reset>:
10000f4c:	2300      	movs	r3, #0
10000f4e:	e005      	b.n	10000f5c <spin_locks_reset+0x10>
10000f50:	4a04      	ldr	r2, [pc, #16]	@ (10000f64 <spin_locks_reset+0x18>)
10000f52:	441a      	add	r2, r3
10000f54:	2100      	movs	r1, #0
10000f56:	e8c2 1f8f 	stlb	r1, [r2]
10000f5a:	3301      	adds	r3, #1
10000f5c:	2b1f      	cmp	r3, #31
10000f5e:	d9f7      	bls.n	10000f50 <spin_locks_reset+0x4>
10000f60:	4770      	bx	lr
10000f62:	bf00      	nop
10000f64:	20001e4c 	.word	0x20001e4c

10000f68 <set_raw_irq_handler_and_unlock>:
10000f68:	4b06      	ldr	r3, [pc, #24]	@ (10000f84 <set_raw_irq_handler_and_unlock+0x1c>)
10000f6a:	689b      	ldr	r3, [r3, #8]
10000f6c:	3010      	adds	r0, #16
10000f6e:	f843 1020 	str.w	r1, [r3, r0, lsl #2]
10000f72:	f3bf 8f5f 	dmb	sy
10000f76:	2300      	movs	r3, #0
10000f78:	4903      	ldr	r1, [pc, #12]	@ (10000f88 <set_raw_irq_handler_and_unlock+0x20>)
10000f7a:	e8c1 3f8f 	stlb	r3, [r1]
10000f7e:	f382 8810 	msr	PRIMASK, r2
10000f82:	4770      	bx	lr
10000f84:	e000ed00 	.word	0xe000ed00
10000f88:	20001e55 	.word	0x20001e55

10000f8c <nvic_ipr0>:
10000f8c:	4800      	ldr	r0, [pc, #0]	@ (10000f90 <nvic_ipr0+0x4>)
10000f8e:	4770      	bx	lr
10000f90:	e000e400 	.word	0xe000e400

10000f94 <runtime_init_per_core_irq_priorities>:
10000f94:	b508      	push	{r3, lr}
10000f96:	f7ff fff9 	bl	10000f8c <nvic_ipr0>
10000f9a:	2300      	movs	r3, #0
10000f9c:	e004      	b.n	10000fa8 <runtime_init_per_core_irq_priorities+0x14>
10000f9e:	f04f 3280 	mov.w	r2, #2155905152	@ 0x80808080
10000fa2:	f840 2b04 	str.w	r2, [r0], #4
10000fa6:	3301      	adds	r3, #1
10000fa8:	2b0c      	cmp	r3, #12
10000faa:	d9f8      	bls.n	10000f9e <runtime_init_per_core_irq_priorities+0xa>
10000fac:	b662      	cpsie	i
10000fae:	bd08      	pop	{r3, pc}

10000fb0 <resolve_j_16>:
10000fb0:	b508      	push	{r3, lr}
10000fb2:	8803      	ldrh	r3, [r0, #0]
10000fb4:	0ada      	lsrs	r2, r3, #11
10000fb6:	2a1c      	cmp	r2, #28
10000fb8:	d106      	bne.n	10000fc8 <resolve_j_16+0x18>
10000fba:	055b      	lsls	r3, r3, #21
10000fbc:	d40b      	bmi.n	10000fd6 <resolve_j_16+0x26>
10000fbe:	155b      	asrs	r3, r3, #21
10000fc0:	3302      	adds	r3, #2
10000fc2:	eb00 0043 	add.w	r0, r0, r3, lsl #1
10000fc6:	bd08      	pop	{r3, pc}
10000fc8:	4b06      	ldr	r3, [pc, #24]	@ (10000fe4 <resolve_j_16+0x34>)
10000fca:	4a07      	ldr	r2, [pc, #28]	@ (10000fe8 <resolve_j_16+0x38>)
10000fcc:	f44f 718e 	mov.w	r1, #284	@ 0x11c
10000fd0:	4806      	ldr	r0, [pc, #24]	@ (10000fec <resolve_j_16+0x3c>)
10000fd2:	f002 ff0b 	bl	10003dec <__assert_func>
10000fd6:	f503 13ff 	add.w	r3, r3, #2088960	@ 0x1fe000
10000fda:	f503 53ff 	add.w	r3, r3, #8160	@ 0x1fe0
10000fde:	331f      	adds	r3, #31
10000fe0:	e7ed      	b.n	10000fbe <resolve_j_16+0xe>
10000fe2:	bf00      	nop
10000fe4:	1000b194 	.word	0x1000b194
10000fe8:	1000bcac 	.word	0x1000bcac
10000fec:	1000b1ac 	.word	0x1000b1ac

10000ff0 <make_j_16>:
10000ff0:	b508      	push	{r3, lr}
10000ff2:	1a09      	subs	r1, r1, r0
10000ff4:	f201 72fc 	addw	r2, r1, #2044	@ 0x7fc
10000ff8:	f640 73fe 	movw	r3, #4094	@ 0xffe
10000ffc:	429a      	cmp	r2, r3
10000ffe:	d808      	bhi.n	10001012 <make_j_16+0x22>
10001000:	1f08      	subs	r0, r1, #4
10001002:	f011 0f01 	tst.w	r1, #1
10001006:	d104      	bne.n	10001012 <make_j_16+0x22>
10001008:	f3c0 004a 	ubfx	r0, r0, #1, #11
1000100c:	f440 4060 	orr.w	r0, r0, #57344	@ 0xe000
10001010:	bd08      	pop	{r3, pc}
10001012:	4b03      	ldr	r3, [pc, #12]	@ (10001020 <make_j_16+0x30>)
10001014:	4a03      	ldr	r2, [pc, #12]	@ (10001024 <make_j_16+0x34>)
10001016:	f44f 7187 	mov.w	r1, #270	@ 0x10e
1000101a:	4803      	ldr	r0, [pc, #12]	@ (10001028 <make_j_16+0x38>)
1000101c:	f002 fee6 	bl	10003dec <__assert_func>
10001020:	1000b1f4 	.word	0x1000b1f4
10001024:	1000bca0 	.word	0x1000bca0
10001028:	1000b1ac 	.word	0x1000b1ac

1000102c <irq_is_enabled>:
1000102c:	0942      	lsrs	r2, r0, #5
1000102e:	4b06      	ldr	r3, [pc, #24]	@ (10001048 <irq_is_enabled+0x1c>)
10001030:	f853 3022 	ldr.w	r3, [r3, r2, lsl #2]
10001034:	f000 001f 	and.w	r0, r0, #31
10001038:	2201      	movs	r2, #1
1000103a:	4082      	lsls	r2, r0
1000103c:	ea03 0002 	and.w	r0, r3, r2
10001040:	3800      	subs	r0, #0
10001042:	bf18      	it	ne
10001044:	2001      	movne	r0, #1
10001046:	4770      	bx	lr
10001048:	e000e100 	.word	0xe000e100

1000104c <irq_set_mask_n_enabled>:
1000104c:	b13a      	cbz	r2, 1000105e <irq_set_mask_n_enabled+0x12>
1000104e:	4b06      	ldr	r3, [pc, #24]	@ (10001068 <irq_set_mask_n_enabled+0x1c>)
10001050:	f100 0260 	add.w	r2, r0, #96	@ 0x60
10001054:	f843 1022 	str.w	r1, [r3, r2, lsl #2]
10001058:	f843 1020 	str.w	r1, [r3, r0, lsl #2]
1000105c:	4770      	bx	lr
1000105e:	3020      	adds	r0, #32
10001060:	4b01      	ldr	r3, [pc, #4]	@ (10001068 <irq_set_mask_n_enabled+0x1c>)
10001062:	f843 1020 	str.w	r1, [r3, r0, lsl #2]
10001066:	4770      	bx	lr
10001068:	e000e100 	.word	0xe000e100

1000106c <irq_set_enabled>:
1000106c:	b508      	push	{r3, lr}
1000106e:	460a      	mov	r2, r1
10001070:	f000 031f 	and.w	r3, r0, #31
10001074:	2101      	movs	r1, #1
10001076:	4099      	lsls	r1, r3
10001078:	0940      	lsrs	r0, r0, #5
1000107a:	f7ff ffe7 	bl	1000104c <irq_set_mask_n_enabled>
1000107e:	bd08      	pop	{r3, pc}

10001080 <irq_set_pending>:
10001080:	f000 021f 	and.w	r2, r0, #31
10001084:	0940      	lsrs	r0, r0, #5
10001086:	2301      	movs	r3, #1
10001088:	4093      	lsls	r3, r2
1000108a:	3040      	adds	r0, #64	@ 0x40
1000108c:	4a01      	ldr	r2, [pc, #4]	@ (10001094 <irq_set_pending+0x14>)
1000108e:	f842 3020 	str.w	r3, [r2, r0, lsl #2]
10001092:	4770      	bx	lr
10001094:	e000e100 	.word	0xe000e100

10001098 <irq_get_vtable_handler>:
10001098:	4b02      	ldr	r3, [pc, #8]	@ (100010a4 <irq_get_vtable_handler+0xc>)
1000109a:	689b      	ldr	r3, [r3, #8]
1000109c:	3010      	adds	r0, #16
1000109e:	f853 0020 	ldr.w	r0, [r3, r0, lsl #2]
100010a2:	4770      	bx	lr
100010a4:	e000ed00 	.word	0xe000ed00

100010a8 <irq_has_shared_handler>:
100010a8:	b508      	push	{r3, lr}
100010aa:	f7ff fff5 	bl	10001098 <irq_get_vtable_handler>
100010ae:	4b03      	ldr	r3, [pc, #12]	@ (100010bc <irq_has_shared_handler+0x14>)
100010b0:	1ac0      	subs	r0, r0, r3
100010b2:	282f      	cmp	r0, #47	@ 0x2f
100010b4:	bf8c      	ite	hi
100010b6:	2000      	movhi	r0, #0
100010b8:	2001      	movls	r0, #1
100010ba:	bd08      	pop	{r3, pc}
100010bc:	2000122c 	.word	0x2000122c

100010c0 <irq_set_exclusive_handler>:
100010c0:	b570      	push	{r4, r5, r6, lr}
100010c2:	4605      	mov	r5, r0
100010c4:	460c      	mov	r4, r1
100010c6:	f3ef 8610 	mrs	r6, PRIMASK
100010ca:	b672      	cpsid	i
100010cc:	4b0f      	ldr	r3, [pc, #60]	@ (1000110c <irq_set_exclusive_handler+0x4c>)
100010ce:	e8d3 1fcf 	ldaexb	r1, [r3]
100010d2:	2201      	movs	r2, #1
100010d4:	2900      	cmp	r1, #0
100010d6:	d1fa      	bne.n	100010ce <irq_set_exclusive_handler+0xe>
100010d8:	e8c3 2f41 	strexb	r1, r2, [r3]
100010dc:	2900      	cmp	r1, #0
100010de:	d1f6      	bne.n	100010ce <irq_set_exclusive_handler+0xe>
100010e0:	f3bf 8f5f 	dmb	sy
100010e4:	f7ff ffd8 	bl	10001098 <irq_get_vtable_handler>
100010e8:	4b09      	ldr	r3, [pc, #36]	@ (10001110 <irq_set_exclusive_handler+0x50>)
100010ea:	4298      	cmp	r0, r3
100010ec:	d001      	beq.n	100010f2 <irq_set_exclusive_handler+0x32>
100010ee:	42a0      	cmp	r0, r4
100010f0:	d105      	bne.n	100010fe <irq_set_exclusive_handler+0x3e>
100010f2:	4632      	mov	r2, r6
100010f4:	4621      	mov	r1, r4
100010f6:	4628      	mov	r0, r5
100010f8:	f7ff ff36 	bl	10000f68 <set_raw_irq_handler_and_unlock>
100010fc:	bd70      	pop	{r4, r5, r6, pc}
100010fe:	4b05      	ldr	r3, [pc, #20]	@ (10001114 <irq_set_exclusive_handler+0x54>)
10001100:	4a05      	ldr	r2, [pc, #20]	@ (10001118 <irq_set_exclusive_handler+0x58>)
10001102:	21ed      	movs	r1, #237	@ 0xed
10001104:	4805      	ldr	r0, [pc, #20]	@ (1000111c <irq_set_exclusive_handler+0x5c>)
10001106:	f002 fe71 	bl	10003dec <__assert_func>
1000110a:	bf00      	nop
1000110c:	20001e55 	.word	0x20001e55
10001110:	10000111 	.word	0x10000111
10001114:	1000b224 	.word	0x1000b224
10001118:	1000bcd4 	.word	0x1000bcd4
1000111c:	1000b1ac 	.word	0x1000b1ac

10001120 <irq_add_shared_handler>:
10001120:	e92d 4ff0 	stmdb	sp!, {r4, r5, r6, r7, r8, r9, sl, fp, lr}
10001124:	b087      	sub	sp, #28
10001126:	9100      	str	r1, [sp, #0]
10001128:	4615      	mov	r5, r2
1000112a:	f3ef 8a10 	mrs	sl, PRIMASK
1000112e:	b672      	cpsid	i
10001130:	4b7c      	ldr	r3, [pc, #496]	@ (10001324 <irq_add_shared_handler+0x204>)
10001132:	e8d3 1fcf 	ldaexb	r1, [r3]
10001136:	2201      	movs	r2, #1
10001138:	2900      	cmp	r1, #0
1000113a:	d1fa      	bne.n	10001132 <irq_add_shared_handler+0x12>
1000113c:	e8c3 2f41 	strexb	r1, r2, [r3]
10001140:	2900      	cmp	r1, #0
10001142:	d1f6      	bne.n	10001132 <irq_add_shared_handler+0x12>
10001144:	f3bf 8f5f 	dmb	sy
10001148:	4b77      	ldr	r3, [pc, #476]	@ (10001328 <irq_add_shared_handler+0x208>)
1000114a:	f993 4000 	ldrsb.w	r4, [r3]
1000114e:	2c00      	cmp	r4, #0
10001150:	db44      	blt.n	100011dc <irq_add_shared_handler+0xbc>
10001152:	4680      	mov	r8, r0
10001154:	eb04 0744 	add.w	r7, r4, r4, lsl #1
10001158:	4b74      	ldr	r3, [pc, #464]	@ (1000132c <irq_add_shared_handler+0x20c>)
1000115a:	eb03 0787 	add.w	r7, r3, r7, lsl #2
1000115e:	f997 1006 	ldrsb.w	r1, [r7, #6]
10001162:	4a71      	ldr	r2, [pc, #452]	@ (10001328 <irq_add_shared_handler+0x208>)
10001164:	7011      	strb	r1, [r2, #0]
10001166:	4a72      	ldr	r2, [pc, #456]	@ (10001330 <irq_add_shared_handler+0x210>)
10001168:	6892      	ldr	r2, [r2, #8]
1000116a:	f100 0110 	add.w	r1, r0, #16
1000116e:	f852 9021 	ldr.w	r9, [r2, r1, lsl #2]
10001172:	eba9 0203 	sub.w	r2, r9, r3
10001176:	2a2f      	cmp	r2, #47	@ 0x2f
10001178:	d93e      	bls.n	100011f8 <irq_add_shared_handler+0xd8>
1000117a:	4b6e      	ldr	r3, [pc, #440]	@ (10001334 <irq_add_shared_handler+0x214>)
1000117c:	4599      	cmp	r9, r3
1000117e:	d134      	bne.n	100011ea <irq_add_shared_handler+0xca>
10001180:	f44f 4321 	mov.w	r3, #41216	@ 0xa100
10001184:	f8ad 300c 	strh.w	r3, [sp, #12]
10001188:	ea4f 0944 	mov.w	r9, r4, lsl #1
1000118c:	eb04 0044 	add.w	r0, r4, r4, lsl #1
10001190:	4e66      	ldr	r6, [pc, #408]	@ (1000132c <irq_add_shared_handler+0x20c>)
10001192:	eb06 0080 	add.w	r0, r6, r0, lsl #2
10001196:	4968      	ldr	r1, [pc, #416]	@ (10001338 <irq_add_shared_handler+0x218>)
10001198:	3002      	adds	r0, #2
1000119a:	f7ff ff29 	bl	10000ff0 <make_j_16>
1000119e:	f8ad 000e 	strh.w	r0, [sp, #14]
100011a2:	f64b 5301 	movw	r3, #48385	@ 0xbd01
100011a6:	f8ad 3010 	strh.w	r3, [sp, #16]
100011aa:	23ff      	movs	r3, #255	@ 0xff
100011ac:	f88d 3012 	strb.w	r3, [sp, #18]
100011b0:	f88d 5013 	strb.w	r5, [sp, #19]
100011b4:	9b00      	ldr	r3, [sp, #0]
100011b6:	9305      	str	r3, [sp, #20]
100011b8:	44a1      	add	r9, r4
100011ba:	eb06 0389 	add.w	r3, r6, r9, lsl #2
100011be:	aa06      	add	r2, sp, #24
100011c0:	e912 0007 	ldmdb	r2, {r0, r1, r2}
100011c4:	e883 0007 	stmia.w	r3, {r0, r1, r2}
100011c8:	f047 0901 	orr.w	r9, r7, #1
100011cc:	4652      	mov	r2, sl
100011ce:	4649      	mov	r1, r9
100011d0:	4640      	mov	r0, r8
100011d2:	f7ff fec9 	bl	10000f68 <set_raw_irq_handler_and_unlock>
100011d6:	b007      	add	sp, #28
100011d8:	e8bd 8ff0 	ldmia.w	sp!, {r4, r5, r6, r7, r8, r9, sl, fp, pc}
100011dc:	4b57      	ldr	r3, [pc, #348]	@ (1000133c <irq_add_shared_handler+0x21c>)
100011de:	4a58      	ldr	r2, [pc, #352]	@ (10001340 <irq_add_shared_handler+0x220>)
100011e0:	f44f 71be 	mov.w	r1, #380	@ 0x17c
100011e4:	4857      	ldr	r0, [pc, #348]	@ (10001344 <irq_add_shared_handler+0x224>)
100011e6:	f002 fe01 	bl	10003dec <__assert_func>
100011ea:	4b57      	ldr	r3, [pc, #348]	@ (10001348 <irq_add_shared_handler+0x228>)
100011ec:	4a54      	ldr	r2, [pc, #336]	@ (10001340 <irq_add_shared_handler+0x220>)
100011ee:	f240 1183 	movw	r1, #387	@ 0x183
100011f2:	4854      	ldr	r0, [pc, #336]	@ (10001344 <irq_add_shared_handler+0x224>)
100011f4:	f002 fdfa 	bl	10003dec <__assert_func>
100011f8:	f029 0b01 	bic.w	fp, r9, #1
100011fc:	ebab 0303 	sub.w	r3, fp, r3
10001200:	4a52      	ldr	r2, [pc, #328]	@ (1000134c <irq_add_shared_handler+0x22c>)
10001202:	fba2 1203 	umull	r1, r2, r2, r3
10001206:	08d2      	lsrs	r2, r2, #3
10001208:	eb02 0242 	add.w	r2, r2, r2, lsl #1
1000120c:	ebb3 0f82 	cmp.w	r3, r2, lsl #2
10001210:	d10f      	bne.n	10001232 <irq_add_shared_handler+0x112>
10001212:	465b      	mov	r3, fp
10001214:	2600      	movs	r6, #0
10001216:	79da      	ldrb	r2, [r3, #7]
10001218:	42aa      	cmp	r2, r5
1000121a:	d912      	bls.n	10001242 <irq_add_shared_handler+0x122>
1000121c:	f993 2006 	ldrsb.w	r2, [r3, #6]
10001220:	2a00      	cmp	r2, #0
10001222:	db0d      	blt.n	10001240 <irq_add_shared_handler+0x120>
10001224:	eb02 0242 	add.w	r2, r2, r2, lsl #1
10001228:	461e      	mov	r6, r3
1000122a:	4b40      	ldr	r3, [pc, #256]	@ (1000132c <irq_add_shared_handler+0x20c>)
1000122c:	eb03 0382 	add.w	r3, r3, r2, lsl #2
10001230:	e7f1      	b.n	10001216 <irq_add_shared_handler+0xf6>
10001232:	4b47      	ldr	r3, [pc, #284]	@ (10001350 <irq_add_shared_handler+0x230>)
10001234:	4a42      	ldr	r2, [pc, #264]	@ (10001340 <irq_add_shared_handler+0x220>)
10001236:	f44f 71ca 	mov.w	r1, #404	@ 0x194
1000123a:	4842      	ldr	r0, [pc, #264]	@ (10001344 <irq_add_shared_handler+0x224>)
1000123c:	f002 fdd6 	bl	10003dec <__assert_func>
10001240:	461e      	mov	r6, r3
10001242:	b3a6      	cbz	r6, 100012ae <irq_add_shared_handler+0x18e>
10001244:	f644 0301 	movw	r3, #18433	@ 0x4801
10001248:	f8ad 300c 	strh.w	r3, [sp, #12]
1000124c:	f44f 438f 	mov.w	r3, #18304	@ 0x4780
10001250:	f8ad 300e 	strh.w	r3, [sp, #14]
10001254:	f996 b006 	ldrsb.w	fp, [r6, #6]
10001258:	f1bb 0f00 	cmp.w	fp, #0
1000125c:	da1a      	bge.n	10001294 <irq_add_shared_handler+0x174>
1000125e:	f64b 5001 	movw	r0, #48385	@ 0xbd01
10001262:	f8ad 0010 	strh.w	r0, [sp, #16]
10001266:	f88d b012 	strb.w	fp, [sp, #18]
1000126a:	f88d 5013 	strb.w	r5, [sp, #19]
1000126e:	9b00      	ldr	r3, [sp, #0]
10001270:	9305      	str	r3, [sp, #20]
10001272:	4639      	mov	r1, r7
10001274:	1d30      	adds	r0, r6, #4
10001276:	f7ff febb 	bl	10000ff0 <make_j_16>
1000127a:	80b0      	strh	r0, [r6, #4]
1000127c:	71b4      	strb	r4, [r6, #6]
1000127e:	eb04 0444 	add.w	r4, r4, r4, lsl #1
10001282:	4b2a      	ldr	r3, [pc, #168]	@ (1000132c <irq_add_shared_handler+0x20c>)
10001284:	eb03 0384 	add.w	r3, r3, r4, lsl #2
10001288:	aa06      	add	r2, sp, #24
1000128a:	e912 0007 	ldmdb	r2, {r0, r1, r2}
1000128e:	e883 0007 	stmia.w	r3, {r0, r1, r2}
10001292:	e79b      	b.n	100011cc <irq_add_shared_handler+0xac>
10001294:	1d30      	adds	r0, r6, #4
10001296:	f7ff fe8b 	bl	10000fb0 <resolve_j_16>
1000129a:	4601      	mov	r1, r0
1000129c:	eb04 0244 	add.w	r2, r4, r4, lsl #1
100012a0:	4b22      	ldr	r3, [pc, #136]	@ (1000132c <irq_add_shared_handler+0x20c>)
100012a2:	eb03 0382 	add.w	r3, r3, r2, lsl #2
100012a6:	1d18      	adds	r0, r3, #4
100012a8:	f7ff fea2 	bl	10000ff0 <make_j_16>
100012ac:	e7d9      	b.n	10001262 <irq_add_shared_handler+0x142>
100012ae:	f44f 4321 	mov.w	r3, #41216	@ 0xa100
100012b2:	f8ad 300c 	strh.w	r3, [sp, #12]
100012b6:	0063      	lsls	r3, r4, #1
100012b8:	9301      	str	r3, [sp, #4]
100012ba:	eb04 0644 	add.w	r6, r4, r4, lsl #1
100012be:	f8df 906c 	ldr.w	r9, [pc, #108]	@ 1000132c <irq_add_shared_handler+0x20c>
100012c2:	eb09 0686 	add.w	r6, r9, r6, lsl #2
100012c6:	491c      	ldr	r1, [pc, #112]	@ (10001338 <irq_add_shared_handler+0x218>)
100012c8:	1cb0      	adds	r0, r6, #2
100012ca:	f7ff fe91 	bl	10000ff0 <make_j_16>
100012ce:	f8ad 000e 	strh.w	r0, [sp, #14]
100012d2:	4659      	mov	r1, fp
100012d4:	1d30      	adds	r0, r6, #4
100012d6:	f7ff fe8b 	bl	10000ff0 <make_j_16>
100012da:	f8ad 0010 	strh.w	r0, [sp, #16]
100012de:	f64a 23aa 	movw	r3, #43690	@ 0xaaaa
100012e2:	465a      	mov	r2, fp
100012e4:	4649      	mov	r1, r9
100012e6:	1a52      	subs	r2, r2, r1
100012e8:	4152      	adcs	r2, r2
100012ea:	4353      	muls	r3, r2
100012ec:	0d1b      	lsrs	r3, r3, #20
100012ee:	f88d 3012 	strb.w	r3, [sp, #18]
100012f2:	f88d 5013 	strb.w	r5, [sp, #19]
100012f6:	9a00      	ldr	r2, [sp, #0]
100012f8:	9205      	str	r2, [sp, #20]
100012fa:	9b01      	ldr	r3, [sp, #4]
100012fc:	4423      	add	r3, r4
100012fe:	eb09 0983 	add.w	r9, r9, r3, lsl #2
10001302:	ab06      	add	r3, sp, #24
10001304:	e913 0007 	ldmdb	r3, {r0, r1, r2}
10001308:	e889 0007 	stmia.w	r9, {r0, r1, r2}
1000130c:	f644 0301 	movw	r3, #18433	@ 0x4801
10001310:	f8ab 3000 	strh.w	r3, [fp]
10001314:	f44f 438f 	mov.w	r3, #18304	@ 0x4780
10001318:	f8ab 3002 	strh.w	r3, [fp, #2]
1000131c:	f047 0901 	orr.w	r9, r7, #1
10001320:	e754      	b.n	100011cc <irq_add_shared_handler+0xac>
10001322:	bf00      	nop
10001324:	20001e55 	.word	0x20001e55
10001328:	200027b7 	.word	0x200027b7
1000132c:	2000122c 	.word	0x2000122c
10001330:	e000ed00 	.word	0xe000ed00
10001334:	10000111 	.word	0x10000111
10001338:	2000125c 	.word	0x2000125c
1000133c:	1000b25c 	.word	0x1000b25c
10001340:	1000bcbc 	.word	0x1000bcbc
10001344:	1000b1ac 	.word	0x1000b1ac
10001348:	1000b284 	.word	0x1000b284
1000134c:	aaaaaaab 	.word	0xaaaaaaab
10001350:	1000b2ac 	.word	0x1000b2ac

10001354 <irq_add_tail_to_free_list>:
10001354:	b538      	push	{r3, r4, r5, lr}
10001356:	f040 0401 	orr.w	r4, r0, #1
1000135a:	4b32      	ldr	r3, [pc, #200]	@ (10001424 <irq_add_tail_to_free_list+0xd0>)
1000135c:	1ae3      	subs	r3, r4, r3
1000135e:	2b2f      	cmp	r3, #47	@ 0x2f
10001360:	d831      	bhi.n	100013c6 <irq_add_tail_to_free_list+0x72>
10001362:	f3ef 8105 	mrs	r1, IPSR
10001366:	b2c9      	uxtb	r1, r1
10001368:	2900      	cmp	r1, #0
1000136a:	d033      	beq.n	100013d4 <irq_add_tail_to_free_list+0x80>
1000136c:	f3ef 8e10 	mrs	lr, PRIMASK
10001370:	b672      	cpsid	i
10001372:	4b2d      	ldr	r3, [pc, #180]	@ (10001428 <irq_add_tail_to_free_list+0xd4>)
10001374:	e8d3 5fcf 	ldaexb	r5, [r3]
10001378:	2201      	movs	r2, #1
1000137a:	2d00      	cmp	r5, #0
1000137c:	d1fa      	bne.n	10001374 <irq_add_tail_to_free_list+0x20>
1000137e:	e8c3 2f45 	strexb	r5, r2, [r3]
10001382:	2d00      	cmp	r5, #0
10001384:	d1f6      	bne.n	10001374 <irq_add_tail_to_free_list+0x20>
10001386:	f3bf 8f5f 	dmb	sy
1000138a:	f64a 23aa 	movw	r3, #43690	@ 0xaaaa
1000138e:	4602      	mov	r2, r0
10001390:	4d24      	ldr	r5, [pc, #144]	@ (10001424 <irq_add_tail_to_free_list+0xd0>)
10001392:	1b52      	subs	r2, r2, r5
10001394:	4152      	adcs	r2, r2
10001396:	4353      	muls	r3, r2
10001398:	0d1b      	lsrs	r3, r3, #20
1000139a:	fa4f fc83 	sxtb.w	ip, r3
1000139e:	4b23      	ldr	r3, [pc, #140]	@ (1000142c <irq_add_tail_to_free_list+0xd8>)
100013a0:	689b      	ldr	r3, [r3, #8]
100013a2:	f853 3021 	ldr.w	r3, [r3, r1, lsl #2]
100013a6:	42a3      	cmp	r3, r4
100013a8:	d01b      	beq.n	100013e2 <irq_add_tail_to_free_list+0x8e>
100013aa:	2300      	movs	r3, #0
100013ac:	2b03      	cmp	r3, #3
100013ae:	d832      	bhi.n	10001416 <irq_add_tail_to_free_list+0xc2>
100013b0:	eb03 0143 	add.w	r1, r3, r3, lsl #1
100013b4:	4a1b      	ldr	r2, [pc, #108]	@ (10001424 <irq_add_tail_to_free_list+0xd0>)
100013b6:	eb02 0281 	add.w	r2, r2, r1, lsl #2
100013ba:	f992 2006 	ldrsb.w	r2, [r2, #6]
100013be:	4562      	cmp	r2, ip
100013c0:	d020      	beq.n	10001404 <irq_add_tail_to_free_list+0xb0>
100013c2:	3301      	adds	r3, #1
100013c4:	e7f2      	b.n	100013ac <irq_add_tail_to_free_list+0x58>
100013c6:	4b1a      	ldr	r3, [pc, #104]	@ (10001430 <irq_add_tail_to_free_list+0xdc>)
100013c8:	4a1a      	ldr	r2, [pc, #104]	@ (10001434 <irq_add_tail_to_free_list+0xe0>)
100013ca:	f240 217f 	movw	r1, #639	@ 0x27f
100013ce:	481a      	ldr	r0, [pc, #104]	@ (10001438 <irq_add_tail_to_free_list+0xe4>)
100013d0:	f002 fd0c 	bl	10003dec <__assert_func>
100013d4:	4b19      	ldr	r3, [pc, #100]	@ (1000143c <irq_add_tail_to_free_list+0xe8>)
100013d6:	4a17      	ldr	r2, [pc, #92]	@ (10001434 <irq_add_tail_to_free_list+0xe0>)
100013d8:	f240 2182 	movw	r1, #642	@ 0x282
100013dc:	4816      	ldr	r0, [pc, #88]	@ (10001438 <irq_add_tail_to_free_list+0xe4>)
100013de:	f002 fd05 	bl	10003dec <__assert_func>
100013e2:	4b12      	ldr	r3, [pc, #72]	@ (1000142c <irq_add_tail_to_free_list+0xd8>)
100013e4:	689b      	ldr	r3, [r3, #8]
100013e6:	4a16      	ldr	r2, [pc, #88]	@ (10001440 <irq_add_tail_to_free_list+0xec>)
100013e8:	f843 2021 	str.w	r2, [r3, r1, lsl #2]
100013ec:	4b15      	ldr	r3, [pc, #84]	@ (10001444 <irq_add_tail_to_free_list+0xf0>)
100013ee:	781a      	ldrb	r2, [r3, #0]
100013f0:	7182      	strb	r2, [r0, #6]
100013f2:	f883 c000 	strb.w	ip, [r3]
100013f6:	2300      	movs	r3, #0
100013f8:	4a0b      	ldr	r2, [pc, #44]	@ (10001428 <irq_add_tail_to_free_list+0xd4>)
100013fa:	e8c2 3f8f 	stlb	r3, [r2]
100013fe:	f38e 8810 	msr	PRIMASK, lr
10001402:	bd38      	pop	{r3, r4, r5, pc}
10001404:	4a07      	ldr	r2, [pc, #28]	@ (10001424 <irq_add_tail_to_free_list+0xd0>)
10001406:	eb02 0181 	add.w	r1, r2, r1, lsl #2
1000140a:	24ff      	movs	r4, #255	@ 0xff
1000140c:	718c      	strb	r4, [r1, #6]
1000140e:	f64b 5301 	movw	r3, #48385	@ 0xbd01
10001412:	808b      	strh	r3, [r1, #4]
10001414:	e7ea      	b.n	100013ec <irq_add_tail_to_free_list+0x98>
10001416:	4b0c      	ldr	r3, [pc, #48]	@ (10001448 <irq_add_tail_to_free_list+0xf4>)
10001418:	4a06      	ldr	r2, [pc, #24]	@ (10001434 <irq_add_tail_to_free_list+0xe0>)
1000141a:	f240 2193 	movw	r1, #659	@ 0x293
1000141e:	4806      	ldr	r0, [pc, #24]	@ (10001438 <irq_add_tail_to_free_list+0xe4>)
10001420:	f002 fce4 	bl	10003dec <__assert_func>
10001424:	2000122c 	.word	0x2000122c
10001428:	20001e55 	.word	0x20001e55
1000142c:	e000ed00 	.word	0xe000ed00
10001430:	1000b330 	.word	0x1000b330
10001434:	1000bc84 	.word	0x1000bc84
10001438:	1000b1ac 	.word	0x1000b1ac
1000143c:	1000b358 	.word	0x1000b358
10001440:	10000111 	.word	0x10000111
10001444:	200027b7 	.word	0x200027b7
10001448:	1000b364 	.word	0x1000b364

1000144c <user_irq_claim_unused>:
1000144c:	b500      	push	{lr}
1000144e:	b083      	sub	sp, #12
10001450:	4601      	mov	r1, r0
10001452:	4b07      	ldr	r3, [pc, #28]	@ (10001470 <user_irq_claim_unused+0x24>)
10001454:	9300      	str	r3, [sp, #0]
10001456:	2305      	movs	r3, #5
10001458:	2200      	movs	r2, #0
1000145a:	4806      	ldr	r0, [pc, #24]	@ (10001474 <user_irq_claim_unused+0x28>)
1000145c:	f7ff fd27 	bl	10000eae <hw_claim_unused_from_range>
10001460:	2800      	cmp	r0, #0
10001462:	db01      	blt.n	10001468 <user_irq_claim_unused+0x1c>
10001464:	f1c0 0033 	rsb	r0, r0, #51	@ 0x33
10001468:	b003      	add	sp, #12
1000146a:	f85d fb04 	ldr.w	pc, [sp], #4
1000146e:	bf00      	nop
10001470:	1000b36c 	.word	0x1000b36c
10001474:	200027bd 	.word	0x200027bd

10001478 <lock_init>:
10001478:	4b01      	ldr	r3, [pc, #4]	@ (10001480 <lock_init+0x8>)
1000147a:	440b      	add	r3, r1
1000147c:	6003      	str	r3, [r0, #0]
1000147e:	4770      	bx	lr
10001480:	20001e4c 	.word	0x20001e4c

10001484 <mutex_init>:
10001484:	b510      	push	{r4, lr}
10001486:	4604      	mov	r4, r0
10001488:	f7ff fd38 	bl	10000efc <next_striped_spin_lock_num>
1000148c:	4601      	mov	r1, r0
1000148e:	4620      	mov	r0, r4
10001490:	f7ff fff2 	bl	10001478 <lock_init>
10001494:	23ff      	movs	r3, #255	@ 0xff
10001496:	7123      	strb	r3, [r4, #4]
10001498:	f3bf 8f5f 	dmb	sy
1000149c:	bd10      	pop	{r4, pc}

1000149e <recursive_mutex_init>:
1000149e:	b510      	push	{r4, lr}
100014a0:	4604      	mov	r4, r0
100014a2:	f7ff fd2b 	bl	10000efc <next_striped_spin_lock_num>
100014a6:	4601      	mov	r1, r0
100014a8:	4620      	mov	r0, r4
100014aa:	f7ff ffe5 	bl	10001478 <lock_init>
100014ae:	23ff      	movs	r3, #255	@ 0xff
100014b0:	7123      	strb	r3, [r4, #4]
100014b2:	2300      	movs	r3, #0
100014b4:	7163      	strb	r3, [r4, #5]
100014b6:	f3bf 8f5f 	dmb	sy
100014ba:	bd10      	pop	{r4, pc}

100014bc <runtime_init_mutex>:
100014bc:	b510      	push	{r4, lr}
100014be:	4c0d      	ldr	r4, [pc, #52]	@ (100014f4 <runtime_init_mutex+0x38>)
100014c0:	e009      	b.n	100014d6 <runtime_init_mutex+0x1a>
100014c2:	4b0d      	ldr	r3, [pc, #52]	@ (100014f8 <runtime_init_mutex+0x3c>)
100014c4:	4a0d      	ldr	r2, [pc, #52]	@ (100014fc <runtime_init_mutex+0x40>)
100014c6:	211a      	movs	r1, #26
100014c8:	480d      	ldr	r0, [pc, #52]	@ (10001500 <runtime_init_mutex+0x44>)
100014ca:	f002 fc8f 	bl	10003dec <__assert_func>
100014ce:	4620      	mov	r0, r4
100014d0:	f7ff ffd8 	bl	10001484 <mutex_init>
100014d4:	3408      	adds	r4, #8
100014d6:	4b0b      	ldr	r3, [pc, #44]	@ (10001504 <runtime_init_mutex+0x48>)
100014d8:	429c      	cmp	r4, r3
100014da:	d209      	bcs.n	100014f0 <runtime_init_mutex+0x34>
100014dc:	6823      	ldr	r3, [r4, #0]
100014de:	2b00      	cmp	r3, #0
100014e0:	d0f5      	beq.n	100014ce <runtime_init_mutex+0x12>
100014e2:	2b01      	cmp	r3, #1
100014e4:	d1ed      	bne.n	100014c2 <runtime_init_mutex+0x6>
100014e6:	4620      	mov	r0, r4
100014e8:	f7ff ffd9 	bl	1000149e <recursive_mutex_init>
100014ec:	3408      	adds	r4, #8
100014ee:	e7f2      	b.n	100014d6 <runtime_init_mutex+0x1a>
100014f0:	bd10      	pop	{r4, pc}
100014f2:	bf00      	nop
100014f4:	20001988 	.word	0x20001988
100014f8:	1000b388 	.word	0x1000b388
100014fc:	1000bd14 	.word	0x1000bd14
10001500:	1000b3a8 	.word	0x1000b3a8
10001504:	20001998 	.word	0x20001998

10001508 <critical_section_init_with_lock_num>:
10001508:	4b02      	ldr	r3, [pc, #8]	@ (10001514 <critical_section_init_with_lock_num+0xc>)
1000150a:	440b      	add	r3, r1
1000150c:	6003      	str	r3, [r0, #0]
1000150e:	f3bf 8f5f 	dmb	sy
10001512:	4770      	bx	lr
10001514:	20001e4c 	.word	0x20001e4c

10001518 <critical_section_init>:
10001518:	b510      	push	{r4, lr}
1000151a:	4604      	mov	r4, r0
1000151c:	2001      	movs	r0, #1
1000151e:	f7ff fcfb 	bl	10000f18 <spin_lock_claim_unused>
10001522:	4601      	mov	r1, r0
10001524:	4620      	mov	r0, r4
10001526:	f7ff ffef 	bl	10001508 <critical_section_init_with_lock_num>
1000152a:	bd10      	pop	{r4, pc}

1000152c <ta_from_current_irq>:
1000152c:	4602      	mov	r2, r0
1000152e:	f3ef 8305 	mrs	r3, IPSR
10001532:	b2db      	uxtb	r3, r3
10001534:	3b10      	subs	r3, #16
10001536:	0899      	lsrs	r1, r3, #2
10001538:	d004      	beq.n	10001544 <ta_from_current_irq+0x18>
1000153a:	4803      	ldr	r0, [pc, #12]	@ (10001548 <ta_from_current_irq+0x1c>)
1000153c:	f003 0303 	and.w	r3, r3, #3
10001540:	6013      	str	r3, [r2, #0]
10001542:	4770      	bx	lr
10001544:	4801      	ldr	r0, [pc, #4]	@ (1000154c <ta_from_current_irq+0x20>)
10001546:	e7f9      	b.n	1000153c <ta_from_current_irq+0x10>
10001548:	400b8000 	.word	0x400b8000
1000154c:	400b0000 	.word	0x400b0000

10001550 <ta_set_timeout>:
10001550:	b410      	push	{r4}
10001552:	6a84      	ldr	r4, [r0, #40]	@ 0x28
10001554:	eba2 0c04 	sub.w	ip, r2, r4
10001558:	1d0b      	adds	r3, r1, #4
1000155a:	f850 3023 	ldr.w	r3, [r0, r3, lsl #2]
1000155e:	1b1b      	subs	r3, r3, r4
10001560:	459c      	cmp	ip, r3
10001562:	d304      	bcc.n	1000156e <ta_set_timeout+0x1e>
10001564:	6a04      	ldr	r4, [r0, #32]
10001566:	2301      	movs	r3, #1
10001568:	408b      	lsls	r3, r1
1000156a:	421c      	tst	r4, r3
1000156c:	d102      	bne.n	10001574 <ta_set_timeout+0x24>
1000156e:	3104      	adds	r1, #4
10001570:	f840 2021 	str.w	r2, [r0, r1, lsl #2]
10001574:	f85d 4b04 	ldr.w	r4, [sp], #4
10001578:	4770      	bx	lr

1000157a <make_alarm_id>:
1000157a:	ea41 4000 	orr.w	r0, r1, r0, lsl #16
1000157e:	4770      	bx	lr

10001580 <sleep_until_callback>:
10001580:	4b0d      	ldr	r3, [pc, #52]	@ (100015b8 <sleep_until_callback+0x38>)
10001582:	681a      	ldr	r2, [r3, #0]
10001584:	f3ef 8110 	mrs	r1, PRIMASK
10001588:	b672      	cpsid	i
1000158a:	e8d2 cfcf 	ldaexb	ip, [r2]
1000158e:	2001      	movs	r0, #1
10001590:	f1bc 0f00 	cmp.w	ip, #0
10001594:	d1f9      	bne.n	1000158a <sleep_until_callback+0xa>
10001596:	e8c2 0f4c 	strexb	ip, r0, [r2]
1000159a:	f1bc 0f00 	cmp.w	ip, #0
1000159e:	d1f4      	bne.n	1000158a <sleep_until_callback+0xa>
100015a0:	f3bf 8f5f 	dmb	sy
100015a4:	681a      	ldr	r2, [r3, #0]
100015a6:	2300      	movs	r3, #0
100015a8:	e8c2 3f8f 	stlb	r3, [r2]
100015ac:	f381 8810 	msr	PRIMASK, r1
100015b0:	bf40      	sev
100015b2:	2000      	movs	r0, #0
100015b4:	2100      	movs	r1, #0
100015b6:	4770      	bx	lr
100015b8:	20002784 	.word	0x20002784

100015bc <alarm_pool_irq_handler>:
100015bc:	e92d 4ff0 	stmdb	sp!, {r4, r5, r6, r7, r8, r9, sl, fp, lr}
100015c0:	b085      	sub	sp, #20
100015c2:	a803      	add	r0, sp, #12
100015c4:	f7ff ffb2 	bl	1000152c <ta_from_current_irq>
100015c8:	4b95      	ldr	r3, [pc, #596]	@ (10001820 <alarm_pool_irq_handler+0x264>)
100015ca:	4298      	cmp	r0, r3
100015cc:	bf14      	ite	ne
100015ce:	2300      	movne	r3, #0
100015d0:	2301      	moveq	r3, #1
100015d2:	9903      	ldr	r1, [sp, #12]
100015d4:	eb01 0383 	add.w	r3, r1, r3, lsl #2
100015d8:	4a92      	ldr	r2, [pc, #584]	@ (10001824 <alarm_pool_irq_handler+0x268>)
100015da:	f852 4023 	ldr.w	r4, [r2, r3, lsl #2]
100015de:	7823      	ldrb	r3, [r4, #0]
100015e0:	4299      	cmp	r1, r3
100015e2:	d106      	bne.n	100015f2 <alarm_pool_irq_handler+0x36>
100015e4:	4605      	mov	r5, r0
100015e6:	2201      	movs	r2, #1
100015e8:	408a      	lsls	r2, r1
100015ea:	f500 5341 	add.w	r3, r0, #12352	@ 0x3040
100015ee:	605a      	str	r2, [r3, #4]
100015f0:	e12c      	b.n	1000184c <alarm_pool_irq_handler+0x290>
100015f2:	4b8d      	ldr	r3, [pc, #564]	@ (10001828 <alarm_pool_irq_handler+0x26c>)
100015f4:	4a8d      	ldr	r2, [pc, #564]	@ (1000182c <alarm_pool_irq_handler+0x270>)
100015f6:	2192      	movs	r1, #146	@ 0x92
100015f8:	488d      	ldr	r0, [pc, #564]	@ (10001830 <alarm_pool_irq_handler+0x274>)
100015fa:	f002 fbf7 	bl	10003dec <__assert_func>
100015fe:	f8d4 9014 	ldr.w	r9, [r4, #20]
10001602:	eb06 0746 	add.w	r7, r6, r6, lsl #1
10001606:	ea4f 0ac7 	mov.w	sl, r7, lsl #3
1000160a:	eb09 07c7 	add.w	r7, r9, r7, lsl #3
1000160e:	f8d7 b008 	ldr.w	fp, [r7, #8]
10001612:	f8d7 800c 	ldr.w	r8, [r7, #12]
10001616:	4628      	mov	r0, r5
10001618:	f000 fbb4 	bl	10001d84 <timer_time_us_64>
1000161c:	ebb0 000b 	subs.w	r0, r0, fp
10001620:	eb61 0308 	sbc.w	r3, r1, r8
10001624:	2b00      	cmp	r3, #0
10001626:	f2c0 811a 	blt.w	1000185e <alarm_pool_irq_handler+0x2a2>
1000162a:	f1b8 0f00 	cmp.w	r8, #0
1000162e:	db64      	blt.n	100016fa <alarm_pool_irq_handler+0x13e>
10001630:	693b      	ldr	r3, [r7, #16]
10001632:	461a      	mov	r2, r3
10001634:	9300      	str	r3, [sp, #0]
10001636:	4b7f      	ldr	r3, [pc, #508]	@ (10001834 <alarm_pool_irq_handler+0x278>)
10001638:	429a      	cmp	r2, r3
1000163a:	d030      	beq.n	1000169e <alarm_pool_irq_handler+0xe2>
1000163c:	8879      	ldrh	r1, [r7, #2]
1000163e:	b289      	uxth	r1, r1
10001640:	f9b4 0008 	ldrsh.w	r0, [r4, #8]
10001644:	f7ff ff99 	bl	1000157a <make_alarm_id>
10001648:	6979      	ldr	r1, [r7, #20]
1000164a:	9b00      	ldr	r3, [sp, #0]
1000164c:	4798      	blx	r3
1000164e:	9000      	str	r0, [sp, #0]
10001650:	9101      	str	r1, [sp, #4]
10001652:	9900      	ldr	r1, [sp, #0]
10001654:	9a01      	ldr	r2, [sp, #4]
10001656:	ea51 0302 	orrs.w	r3, r1, r2
1000165a:	d04e      	beq.n	100016fa <alarm_pool_irq_handler+0x13e>
1000165c:	4613      	mov	r3, r2
1000165e:	2a00      	cmp	r2, #0
10001660:	da29      	bge.n	100016b6 <alarm_pool_irq_handler+0xfa>
10001662:	ebbb 0201 	subs.w	r2, fp, r1
10001666:	eb68 0803 	sbc.w	r8, r8, r3
1000166a:	60ba      	str	r2, [r7, #8]
1000166c:	f8c7 800c 	str.w	r8, [r7, #12]
10001670:	f939 700a 	ldrsh.w	r7, [r9, sl]
10001674:	2f00      	cmp	r7, #0
10001676:	f2c0 80f2 	blt.w	1000185e <alarm_pool_irq_handler+0x2a2>
1000167a:	f8d4 e014 	ldr.w	lr, [r4, #20]
1000167e:	eb07 0347 	add.w	r3, r7, r7, lsl #1
10001682:	eb0e 03c3 	add.w	r3, lr, r3, lsl #3
10001686:	6899      	ldr	r1, [r3, #8]
10001688:	68db      	ldr	r3, [r3, #12]
1000168a:	1a51      	subs	r1, r2, r1
1000168c:	eb68 0303 	sbc.w	r3, r8, r3
10001690:	2b00      	cmp	r3, #0
10001692:	f2c0 80e4 	blt.w	1000185e <alarm_pool_irq_handler+0x2a2>
10001696:	46a4      	mov	ip, r4
10001698:	f82c 7f08 	strh.w	r7, [ip, #8]!
1000169c:	e017      	b.n	100016ce <alarm_pool_irq_handler+0x112>
1000169e:	697a      	ldr	r2, [r7, #20]
100016a0:	6913      	ldr	r3, [r2, #16]
100016a2:	9200      	str	r2, [sp, #0]
100016a4:	4610      	mov	r0, r2
100016a6:	4798      	blx	r3
100016a8:	b338      	cbz	r0, 100016fa <alarm_pool_irq_handler+0x13e>
100016aa:	9a00      	ldr	r2, [sp, #0]
100016ac:	6813      	ldr	r3, [r2, #0]
100016ae:	9300      	str	r3, [sp, #0]
100016b0:	6853      	ldr	r3, [r2, #4]
100016b2:	9301      	str	r3, [sp, #4]
100016b4:	e7cd      	b.n	10001652 <alarm_pool_irq_handler+0x96>
100016b6:	4628      	mov	r0, r5
100016b8:	f000 fb64 	bl	10001d84 <timer_time_us_64>
100016bc:	9b00      	ldr	r3, [sp, #0]
100016be:	181a      	adds	r2, r3, r0
100016c0:	9b01      	ldr	r3, [sp, #4]
100016c2:	eb43 0801 	adc.w	r8, r3, r1
100016c6:	e7d0      	b.n	1000166a <alarm_pool_irq_handler+0xae>
100016c8:	469c      	mov	ip, r3
100016ca:	f93e 700b 	ldrsh.w	r7, [lr, fp]
100016ce:	2f00      	cmp	r7, #0
100016d0:	db0e      	blt.n	100016f0 <alarm_pool_irq_handler+0x134>
100016d2:	f9bc 3000 	ldrsh.w	r3, [ip]
100016d6:	eb03 0343 	add.w	r3, r3, r3, lsl #1
100016da:	ea4f 0bc3 	mov.w	fp, r3, lsl #3
100016de:	eb0e 03c3 	add.w	r3, lr, r3, lsl #3
100016e2:	6898      	ldr	r0, [r3, #8]
100016e4:	68d9      	ldr	r1, [r3, #12]
100016e6:	1a10      	subs	r0, r2, r0
100016e8:	eb68 0101 	sbc.w	r1, r8, r1
100016ec:	2900      	cmp	r1, #0
100016ee:	daeb      	bge.n	100016c8 <alarm_pool_irq_handler+0x10c>
100016f0:	f829 700a 	strh.w	r7, [r9, sl]
100016f4:	f8ac 6000 	strh.w	r6, [ip]
100016f8:	e0b1      	b.n	1000185e <alarm_pool_irq_handler+0x2a2>
100016fa:	f939 300a 	ldrsh.w	r3, [r9, sl]
100016fe:	8123      	strh	r3, [r4, #8]
10001700:	6923      	ldr	r3, [r4, #16]
10001702:	f3ef 8210 	mrs	r2, PRIMASK
10001706:	b672      	cpsid	i
10001708:	e8d3 0fcf 	ldaexb	r0, [r3]
1000170c:	2101      	movs	r1, #1
1000170e:	2800      	cmp	r0, #0
10001710:	d1fa      	bne.n	10001708 <alarm_pool_irq_handler+0x14c>
10001712:	e8c3 1f40 	strexb	r0, r1, [r3]
10001716:	2800      	cmp	r0, #0
10001718:	d1f6      	bne.n	10001708 <alarm_pool_irq_handler+0x14c>
1000171a:	f3bf 8f5f 	dmb	sy
1000171e:	f9b4 3002 	ldrsh.w	r3, [r4, #2]
10001722:	f829 300a 	strh.w	r3, [r9, sl]
10001726:	8066      	strh	r6, [r4, #2]
10001728:	6921      	ldr	r1, [r4, #16]
1000172a:	2300      	movs	r3, #0
1000172c:	e8c1 3f8f 	stlb	r3, [r1]
10001730:	f382 8810 	msr	PRIMASK, r2
10001734:	e093      	b.n	1000185e <alarm_pool_irq_handler+0x2a2>
10001736:	6923      	ldr	r3, [r4, #16]
10001738:	f3ef 8210 	mrs	r2, PRIMASK
1000173c:	b672      	cpsid	i
1000173e:	e8d3 0fcf 	ldaexb	r0, [r3]
10001742:	2101      	movs	r1, #1
10001744:	2800      	cmp	r0, #0
10001746:	d1fa      	bne.n	1000173e <alarm_pool_irq_handler+0x182>
10001748:	e8c3 1f40 	strexb	r0, r1, [r3]
1000174c:	2800      	cmp	r0, #0
1000174e:	d1f6      	bne.n	1000173e <alarm_pool_irq_handler+0x182>
10001750:	f3bf 8f5f 	dmb	sy
10001754:	f8b4 8004 	ldrh.w	r8, [r4, #4]
10001758:	fa0f f888 	sxth.w	r8, r8
1000175c:	f64f 73ff 	movw	r3, #65535	@ 0xffff
10001760:	80a3      	strh	r3, [r4, #4]
10001762:	6921      	ldr	r1, [r4, #16]
10001764:	2300      	movs	r3, #0
10001766:	e8c1 3f8f 	stlb	r3, [r1]
1000176a:	f382 8810 	msr	PRIMASK, r2
1000176e:	e01a      	b.n	100017a6 <alarm_pool_irq_handler+0x1ea>
10001770:	461f      	mov	r7, r3
10001772:	f930 600a 	ldrsh.w	r6, [r0, sl]
10001776:	2e00      	cmp	r6, #0
10001778:	db0f      	blt.n	1000179a <alarm_pool_irq_handler+0x1de>
1000177a:	f9b7 3000 	ldrsh.w	r3, [r7]
1000177e:	eb03 0343 	add.w	r3, r3, r3, lsl #1
10001782:	ea4f 0ac3 	mov.w	sl, r3, lsl #3
10001786:	eb00 03c3 	add.w	r3, r0, r3, lsl #3
1000178a:	6899      	ldr	r1, [r3, #8]
1000178c:	68da      	ldr	r2, [r3, #12]
1000178e:	ebbc 0101 	subs.w	r1, ip, r1
10001792:	eb6e 0202 	sbc.w	r2, lr, r2
10001796:	2a00      	cmp	r2, #0
10001798:	daea      	bge.n	10001770 <alarm_pool_irq_handler+0x1b4>
1000179a:	f8a7 8000 	strh.w	r8, [r7]
1000179e:	f930 8009 	ldrsh.w	r8, [r0, r9]
100017a2:	f820 6009 	strh.w	r6, [r0, r9]
100017a6:	f1b8 0f00 	cmp.w	r8, #0
100017aa:	db5d      	blt.n	10001868 <alarm_pool_irq_handler+0x2ac>
100017ac:	6960      	ldr	r0, [r4, #20]
100017ae:	eb08 0348 	add.w	r3, r8, r8, lsl #1
100017b2:	ea4f 09c3 	mov.w	r9, r3, lsl #3
100017b6:	eb00 03c3 	add.w	r3, r0, r3, lsl #3
100017ba:	f8d3 c008 	ldr.w	ip, [r3, #8]
100017be:	f8d3 e00c 	ldr.w	lr, [r3, #12]
100017c2:	f104 0708 	add.w	r7, r4, #8
100017c6:	f9b4 6008 	ldrsh.w	r6, [r4, #8]
100017ca:	e7d4      	b.n	10001776 <alarm_pool_irq_handler+0x1ba>
100017cc:	2300      	movs	r3, #0
100017ce:	71a3      	strb	r3, [r4, #6]
100017d0:	f104 0c08 	add.w	ip, r4, #8
100017d4:	f9b4 3008 	ldrsh.w	r3, [r4, #8]
100017d8:	e010      	b.n	100017fc <alarm_pool_irq_handler+0x240>
100017da:	f04f 38ff 	mov.w	r8, #4294967295
100017de:	f04f 39ff 	mov.w	r9, #4294967295
100017e2:	e9c0 8902 	strd	r8, r9, [r0, #8]
100017e6:	f9b4 0008 	ldrsh.w	r0, [r4, #8]
100017ea:	4298      	cmp	r0, r3
100017ec:	d005      	beq.n	100017fa <alarm_pool_irq_handler+0x23e>
100017ee:	f8ac 2000 	strh.w	r2, [ip]
100017f2:	f9b4 0008 	ldrsh.w	r0, [r4, #8]
100017f6:	53c8      	strh	r0, [r1, r7]
100017f8:	8123      	strh	r3, [r4, #8]
100017fa:	4613      	mov	r3, r2
100017fc:	f1b3 3fff 	cmp.w	r3, #4294967295
10001800:	d035      	beq.n	1000186e <alarm_pool_irq_handler+0x2b2>
10001802:	6961      	ldr	r1, [r4, #20]
10001804:	eb03 0243 	add.w	r2, r3, r3, lsl #1
10001808:	00d7      	lsls	r7, r2, #3
1000180a:	eb01 00c2 	add.w	r0, r1, r2, lsl #3
1000180e:	f931 2032 	ldrsh.w	r2, [r1, r2, lsl #3]
10001812:	8846      	ldrh	r6, [r0, #2]
10001814:	f416 4f00 	tst.w	r6, #32768	@ 0x8000
10001818:	d1df      	bne.n	100017da <alarm_pool_irq_handler+0x21e>
1000181a:	4684      	mov	ip, r0
1000181c:	e7ed      	b.n	100017fa <alarm_pool_irq_handler+0x23e>
1000181e:	bf00      	nop
10001820:	400b8000 	.word	0x400b8000
10001824:	20002710 	.word	0x20002710
10001828:	1000b440 	.word	0x1000b440
1000182c:	1000bd40 	.word	0x1000bd40
10001830:	1000b46c 	.word	0x1000b46c
10001834:	100015bd 	.word	0x100015bd
10001838:	4628      	mov	r0, r5
1000183a:	f000 faa3 	bl	10001d84 <timer_time_us_64>
1000183e:	1a3f      	subs	r7, r7, r0
10001840:	eb66 0601 	sbc.w	r6, r6, r1
10001844:	2f01      	cmp	r7, #1
10001846:	f176 0600 	sbcs.w	r6, r6, #0
1000184a:	da28      	bge.n	1000189e <alarm_pool_irq_handler+0x2e2>
1000184c:	9a03      	ldr	r2, [sp, #12]
1000184e:	2301      	movs	r3, #1
10001850:	4093      	lsls	r3, r2
10001852:	63eb      	str	r3, [r5, #60]	@ 0x3c
10001854:	f9b4 6008 	ldrsh.w	r6, [r4, #8]
10001858:	2e00      	cmp	r6, #0
1000185a:	f6bf aed0 	bge.w	100015fe <alarm_pool_irq_handler+0x42>
1000185e:	88a3      	ldrh	r3, [r4, #4]
10001860:	f413 4f00 	tst.w	r3, #32768	@ 0x8000
10001864:	f43f af67 	beq.w	10001736 <alarm_pool_irq_handler+0x17a>
10001868:	79a3      	ldrb	r3, [r4, #6]
1000186a:	2b00      	cmp	r3, #0
1000186c:	d1ae      	bne.n	100017cc <alarm_pool_irq_handler+0x210>
1000186e:	f9b4 3008 	ldrsh.w	r3, [r4, #8]
10001872:	2b00      	cmp	r3, #0
10001874:	db13      	blt.n	1000189e <alarm_pool_irq_handler+0x2e2>
10001876:	6962      	ldr	r2, [r4, #20]
10001878:	eb03 0343 	add.w	r3, r3, r3, lsl #1
1000187c:	eb02 03c3 	add.w	r3, r2, r3, lsl #3
10001880:	689f      	ldr	r7, [r3, #8]
10001882:	68de      	ldr	r6, [r3, #12]
10001884:	f1b6 3fff 	cmp.w	r6, #4294967295
10001888:	bf08      	it	eq
1000188a:	f1b7 3fff 	cmpeq.w	r7, #4294967295
1000188e:	d0d3      	beq.n	10001838 <alarm_pool_irq_handler+0x27c>
10001890:	463a      	mov	r2, r7
10001892:	4633      	mov	r3, r6
10001894:	9903      	ldr	r1, [sp, #12]
10001896:	4628      	mov	r0, r5
10001898:	f7ff fe5a 	bl	10001550 <ta_set_timeout>
1000189c:	e7cc      	b.n	10001838 <alarm_pool_irq_handler+0x27c>
1000189e:	bf40      	sev
100018a0:	b005      	add	sp, #20
100018a2:	e8bd 8ff0 	ldmia.w	sp!, {r4, r5, r6, r7, r8, r9, sl, fp, pc}
100018a6:	bf00      	nop

100018a8 <ta_enable_irq_handler>:
100018a8:	b5f8      	push	{r3, r4, r5, r6, r7, lr}
100018aa:	4604      	mov	r4, r0
100018ac:	460d      	mov	r5, r1
100018ae:	4611      	mov	r1, r2
100018b0:	4b0a      	ldr	r3, [pc, #40]	@ (100018dc <ta_enable_irq_handler+0x34>)
100018b2:	4298      	cmp	r0, r3
100018b4:	d010      	beq.n	100018d8 <ta_enable_irq_handler+0x30>
100018b6:	2600      	movs	r6, #0
100018b8:	442e      	add	r6, r5
100018ba:	2701      	movs	r7, #1
100018bc:	fa07 f505 	lsl.w	r5, r7, r5
100018c0:	6225      	str	r5, [r4, #32]
100018c2:	4630      	mov	r0, r6
100018c4:	f7ff fbfc 	bl	100010c0 <irq_set_exclusive_handler>
100018c8:	4639      	mov	r1, r7
100018ca:	4630      	mov	r0, r6
100018cc:	f7ff fbce 	bl	1000106c <irq_set_enabled>
100018d0:	f504 5401 	add.w	r4, r4, #8256	@ 0x2040
100018d4:	6025      	str	r5, [r4, #0]
100018d6:	bdf8      	pop	{r3, r4, r5, r6, r7, pc}
100018d8:	2604      	movs	r6, #4
100018da:	e7ed      	b.n	100018b8 <ta_enable_irq_handler+0x10>
100018dc:	400b8000 	.word	0x400b8000

100018e0 <alarm_pool_post_alloc_init>:
100018e0:	b5f8      	push	{r3, r4, r5, r6, r7, lr}
100018e2:	4604      	mov	r4, r0
100018e4:	460e      	mov	r6, r1
100018e6:	4617      	mov	r7, r2
100018e8:	461d      	mov	r5, r3
100018ea:	60c1      	str	r1, [r0, #12]
100018ec:	f7ff fb06 	bl	10000efc <next_striped_spin_lock_num>
100018f0:	4b16      	ldr	r3, [pc, #88]	@ (1000194c <alarm_pool_post_alloc_init+0x6c>)
100018f2:	4403      	add	r3, r0
100018f4:	6123      	str	r3, [r4, #16]
100018f6:	7027      	strb	r7, [r4, #0]
100018f8:	b2ab      	uxth	r3, r5
100018fa:	8163      	strh	r3, [r4, #10]
100018fc:	f04f 4250 	mov.w	r2, #3489660928	@ 0xd0000000
10001900:	7812      	ldrb	r2, [r2, #0]
10001902:	7062      	strb	r2, [r4, #1]
10001904:	f64f 72ff 	movw	r2, #65535	@ 0xffff
10001908:	8122      	strh	r2, [r4, #8]
1000190a:	80a2      	strh	r2, [r4, #4]
1000190c:	3b01      	subs	r3, #1
1000190e:	8063      	strh	r3, [r4, #2]
10001910:	f04f 0c00 	mov.w	ip, #0
10001914:	e008      	b.n	10001928 <alarm_pool_post_alloc_init+0x48>
10001916:	f10c 30ff 	add.w	r0, ip, #4294967295
1000191a:	eb0c 0e4c 	add.w	lr, ip, ip, lsl #1
1000191e:	6963      	ldr	r3, [r4, #20]
10001920:	f823 003e 	strh.w	r0, [r3, lr, lsl #3]
10001924:	f10c 0c01 	add.w	ip, ip, #1
10001928:	45ac      	cmp	ip, r5
1000192a:	d3f4      	bcc.n	10001916 <alarm_pool_post_alloc_init+0x36>
1000192c:	4b08      	ldr	r3, [pc, #32]	@ (10001950 <alarm_pool_post_alloc_init+0x70>)
1000192e:	429e      	cmp	r6, r3
10001930:	bf14      	ite	ne
10001932:	2300      	movne	r3, #0
10001934:	2301      	moveq	r3, #1
10001936:	eb07 0383 	add.w	r3, r7, r3, lsl #2
1000193a:	4a06      	ldr	r2, [pc, #24]	@ (10001954 <alarm_pool_post_alloc_init+0x74>)
1000193c:	f842 4023 	str.w	r4, [r2, r3, lsl #2]
10001940:	4a05      	ldr	r2, [pc, #20]	@ (10001958 <alarm_pool_post_alloc_init+0x78>)
10001942:	4639      	mov	r1, r7
10001944:	4630      	mov	r0, r6
10001946:	f7ff ffaf 	bl	100018a8 <ta_enable_irq_handler>
1000194a:	bdf8      	pop	{r3, r4, r5, r6, r7, pc}
1000194c:	20001e4c 	.word	0x20001e4c
10001950:	400b8000 	.word	0x400b8000
10001954:	20002710 	.word	0x20002710
10001958:	100015bd 	.word	0x100015bd

1000195c <alarm_pool_get_default>:
1000195c:	b508      	push	{r3, lr}
1000195e:	4b05      	ldr	r3, [pc, #20]	@ (10001974 <alarm_pool_get_default+0x18>)
10001960:	691b      	ldr	r3, [r3, #16]
10001962:	b10b      	cbz	r3, 10001968 <alarm_pool_get_default+0xc>
10001964:	4803      	ldr	r0, [pc, #12]	@ (10001974 <alarm_pool_get_default+0x18>)
10001966:	bd08      	pop	{r3, pc}
10001968:	4b03      	ldr	r3, [pc, #12]	@ (10001978 <alarm_pool_get_default+0x1c>)
1000196a:	4a04      	ldr	r2, [pc, #16]	@ (1000197c <alarm_pool_get_default+0x20>)
1000196c:	2165      	movs	r1, #101	@ 0x65
1000196e:	4804      	ldr	r0, [pc, #16]	@ (10001980 <alarm_pool_get_default+0x24>)
10001970:	f002 fa3c 	bl	10003dec <__assert_func>
10001974:	20001274 	.word	0x20001274
10001978:	1000b4b0 	.word	0x1000b4b0
1000197c:	1000bd28 	.word	0x1000bd28
10001980:	1000b46c 	.word	0x1000b46c

10001984 <alarm_pool_add_alarm_at_force_in_context>:
10001984:	b5f8      	push	{r3, r4, r5, r6, r7, lr}
10001986:	4604      	mov	r4, r0
10001988:	469e      	mov	lr, r3
1000198a:	6900      	ldr	r0, [r0, #16]
1000198c:	f3ef 8110 	mrs	r1, PRIMASK
10001990:	b672      	cpsid	i
10001992:	e8d0 6fcf 	ldaexb	r6, [r0]
10001996:	2501      	movs	r5, #1
10001998:	2e00      	cmp	r6, #0
1000199a:	d1fa      	bne.n	10001992 <alarm_pool_add_alarm_at_force_in_context+0xe>
1000199c:	e8c0 5f46 	strexb	r6, r5, [r0]
100019a0:	2e00      	cmp	r6, #0
100019a2:	d1f6      	bne.n	10001992 <alarm_pool_add_alarm_at_force_in_context+0xe>
100019a4:	f3bf 8f5f 	dmb	sy
100019a8:	f9b4 5002 	ldrsh.w	r5, [r4, #2]
100019ac:	6966      	ldr	r6, [r4, #20]
100019ae:	eb05 0045 	add.w	r0, r5, r5, lsl #1
100019b2:	00c7      	lsls	r7, r0, #3
100019b4:	eb06 00c0 	add.w	r0, r6, r0, lsl #3
100019b8:	2d00      	cmp	r5, #0
100019ba:	db03      	blt.n	100019c4 <alarm_pool_add_alarm_at_force_in_context+0x40>
100019bc:	f936 c007 	ldrsh.w	ip, [r6, r7]
100019c0:	f8a4 c002 	strh.w	ip, [r4, #2]
100019c4:	f04f 0c00 	mov.w	ip, #0
100019c8:	6923      	ldr	r3, [r4, #16]
100019ca:	e8c3 cf8f 	stlb	ip, [r3]
100019ce:	f381 8810 	msr	PRIMASK, r1
100019d2:	4565      	cmp	r5, ip
100019d4:	db33      	blt.n	10001a3e <alarm_pool_add_alarm_at_force_in_context+0xba>
100019d6:	9906      	ldr	r1, [sp, #24]
100019d8:	6101      	str	r1, [r0, #16]
100019da:	9907      	ldr	r1, [sp, #28]
100019dc:	6141      	str	r1, [r0, #20]
100019de:	6082      	str	r2, [r0, #8]
100019e0:	f8c0 e00c 	str.w	lr, [r0, #12]
100019e4:	8841      	ldrh	r1, [r0, #2]
100019e6:	b289      	uxth	r1, r1
100019e8:	3101      	adds	r1, #1
100019ea:	f3c1 010e 	ubfx	r1, r1, #0, #15
100019ee:	b901      	cbnz	r1, 100019f2 <alarm_pool_add_alarm_at_force_in_context+0x6e>
100019f0:	2101      	movs	r1, #1
100019f2:	8041      	strh	r1, [r0, #2]
100019f4:	4628      	mov	r0, r5
100019f6:	f7ff fdc0 	bl	1000157a <make_alarm_id>
100019fa:	6923      	ldr	r3, [r4, #16]
100019fc:	f3ef 8210 	mrs	r2, PRIMASK
10001a00:	b672      	cpsid	i
10001a02:	e8d3 cfcf 	ldaexb	ip, [r3]
10001a06:	2101      	movs	r1, #1
10001a08:	f1bc 0f00 	cmp.w	ip, #0
10001a0c:	d1f9      	bne.n	10001a02 <alarm_pool_add_alarm_at_force_in_context+0x7e>
10001a0e:	e8c3 1f4c 	strexb	ip, r1, [r3]
10001a12:	f1bc 0f00 	cmp.w	ip, #0
10001a16:	d1f4      	bne.n	10001a02 <alarm_pool_add_alarm_at_force_in_context+0x7e>
10001a18:	f3bf 8f5f 	dmb	sy
10001a1c:	88a3      	ldrh	r3, [r4, #4]
10001a1e:	53f3      	strh	r3, [r6, r7]
10001a20:	80a5      	strh	r5, [r4, #4]
10001a22:	6921      	ldr	r1, [r4, #16]
10001a24:	2300      	movs	r3, #0
10001a26:	e8c1 3f8f 	stlb	r3, [r1]
10001a2a:	f382 8810 	msr	PRIMASK, r2
10001a2e:	68e3      	ldr	r3, [r4, #12]
10001a30:	7821      	ldrb	r1, [r4, #0]
10001a32:	2201      	movs	r2, #1
10001a34:	408a      	lsls	r2, r1
10001a36:	f503 5301 	add.w	r3, r3, #8256	@ 0x2040
10001a3a:	605a      	str	r2, [r3, #4]
10001a3c:	bdf8      	pop	{r3, r4, r5, r6, r7, pc}
10001a3e:	f04f 30ff 	mov.w	r0, #4294967295
10001a42:	e7fb      	b.n	10001a3c <alarm_pool_add_alarm_at_force_in_context+0xb8>

10001a44 <alarm_pool_add_alarm_at>:
10001a44:	b570      	push	{r4, r5, r6, lr}
10001a46:	b082      	sub	sp, #8
10001a48:	4606      	mov	r6, r0
10001a4a:	4615      	mov	r5, r2
10001a4c:	461c      	mov	r4, r3
10001a4e:	f89d 3020 	ldrb.w	r3, [sp, #32]
10001a52:	b933      	cbnz	r3, 10001a62 <alarm_pool_add_alarm_at+0x1e>
10001a54:	f000 f9c0 	bl	10001dd8 <time_us_64>
10001a58:	4285      	cmp	r5, r0
10001a5a:	eb64 0101 	sbc.w	r1, r4, r1
10001a5e:	2900      	cmp	r1, #0
10001a60:	db0a      	blt.n	10001a78 <alarm_pool_add_alarm_at+0x34>
10001a62:	9b07      	ldr	r3, [sp, #28]
10001a64:	9301      	str	r3, [sp, #4]
10001a66:	9b06      	ldr	r3, [sp, #24]
10001a68:	9300      	str	r3, [sp, #0]
10001a6a:	462a      	mov	r2, r5
10001a6c:	4623      	mov	r3, r4
10001a6e:	4630      	mov	r0, r6
10001a70:	f7ff ff88 	bl	10001984 <alarm_pool_add_alarm_at_force_in_context>
10001a74:	b002      	add	sp, #8
10001a76:	bd70      	pop	{r4, r5, r6, pc}
10001a78:	2000      	movs	r0, #0
10001a7a:	e7fb      	b.n	10001a74 <alarm_pool_add_alarm_at+0x30>

10001a7c <add_alarm_at>:
10001a7c:	b5f0      	push	{r4, r5, r6, r7, lr}
10001a7e:	b085      	sub	sp, #20
10001a80:	4605      	mov	r5, r0
10001a82:	460c      	mov	r4, r1
10001a84:	4616      	mov	r6, r2
10001a86:	461f      	mov	r7, r3
10001a88:	f7ff ff68 	bl	1000195c <alarm_pool_get_default>
10001a8c:	f89d 3028 	ldrb.w	r3, [sp, #40]	@ 0x28
10001a90:	9302      	str	r3, [sp, #8]
10001a92:	9701      	str	r7, [sp, #4]
10001a94:	9600      	str	r6, [sp, #0]
10001a96:	462a      	mov	r2, r5
10001a98:	4623      	mov	r3, r4
10001a9a:	f7ff ffd3 	bl	10001a44 <alarm_pool_add_alarm_at>
10001a9e:	b005      	add	sp, #20
10001aa0:	bdf0      	pop	{r4, r5, r6, r7, pc}

10001aa2 <alarm_pool_cancel_alarm>:
10001aa2:	4603      	mov	r3, r0
10001aa4:	8940      	ldrh	r0, [r0, #10]
10001aa6:	ebb0 4f21 	cmp.w	r0, r1, asr #16
10001aaa:	dd31      	ble.n	10001b10 <alarm_pool_cancel_alarm+0x6e>
10001aac:	b510      	push	{r4, lr}
10001aae:	140a      	asrs	r2, r1, #16
10001ab0:	6958      	ldr	r0, [r3, #20]
10001ab2:	eb02 0242 	add.w	r2, r2, r2, lsl #1
10001ab6:	eb00 00c2 	add.w	r0, r0, r2, lsl #3
10001aba:	691a      	ldr	r2, [r3, #16]
10001abc:	f3ef 8c10 	mrs	ip, PRIMASK
10001ac0:	b672      	cpsid	i
10001ac2:	e8d2 4fcf 	ldaexb	r4, [r2]
10001ac6:	f05f 0e01 	movs.w	lr, #1
10001aca:	2c00      	cmp	r4, #0
10001acc:	d1f9      	bne.n	10001ac2 <alarm_pool_cancel_alarm+0x20>
10001ace:	e8c2 ef44 	strexb	r4, lr, [r2]
10001ad2:	2c00      	cmp	r4, #0
10001ad4:	d1f5      	bne.n	10001ac2 <alarm_pool_cancel_alarm+0x20>
10001ad6:	f3bf 8f5f 	dmb	sy
10001ada:	8842      	ldrh	r2, [r0, #2]
10001adc:	b292      	uxth	r2, r2
10001ade:	b289      	uxth	r1, r1
10001ae0:	428a      	cmp	r2, r1
10001ae2:	d00f      	beq.n	10001b04 <alarm_pool_cancel_alarm+0x62>
10001ae4:	2000      	movs	r0, #0
10001ae6:	6919      	ldr	r1, [r3, #16]
10001ae8:	2200      	movs	r2, #0
10001aea:	e8c1 2f8f 	stlb	r2, [r1]
10001aee:	f38c 8810 	msr	PRIMASK, ip
10001af2:	b130      	cbz	r0, 10001b02 <alarm_pool_cancel_alarm+0x60>
10001af4:	68da      	ldr	r2, [r3, #12]
10001af6:	781b      	ldrb	r3, [r3, #0]
10001af8:	2101      	movs	r1, #1
10001afa:	4099      	lsls	r1, r3
10001afc:	f502 5301 	add.w	r3, r2, #8256	@ 0x2040
10001b00:	6059      	str	r1, [r3, #4]
10001b02:	bd10      	pop	{r4, pc}
10001b04:	f442 4200 	orr.w	r2, r2, #32768	@ 0x8000
10001b08:	8042      	strh	r2, [r0, #2]
10001b0a:	2001      	movs	r0, #1
10001b0c:	7198      	strb	r0, [r3, #6]
10001b0e:	e7ea      	b.n	10001ae6 <alarm_pool_cancel_alarm+0x44>
10001b10:	2000      	movs	r0, #0
10001b12:	4770      	bx	lr

10001b14 <cancel_alarm>:
10001b14:	b510      	push	{r4, lr}
10001b16:	4604      	mov	r4, r0
10001b18:	f7ff ff20 	bl	1000195c <alarm_pool_get_default>
10001b1c:	4621      	mov	r1, r4
10001b1e:	f7ff ffc0 	bl	10001aa2 <alarm_pool_cancel_alarm>
10001b22:	bd10      	pop	{r4, pc}

10001b24 <alarm_pool_core_num>:
10001b24:	7840      	ldrb	r0, [r0, #1]
10001b26:	4770      	bx	lr

10001b28 <sleep_until>:
10001b28:	b5f0      	push	{r4, r5, r6, r7, lr}
10001b2a:	b083      	sub	sp, #12
10001b2c:	f3ef 8305 	mrs	r3, IPSR
10001b30:	b2db      	uxtb	r3, r3
10001b32:	b9cb      	cbnz	r3, 10001b68 <sleep_until+0x40>
10001b34:	4604      	mov	r4, r0
10001b36:	460d      	mov	r5, r1
10001b38:	1f86      	subs	r6, r0, #6
10001b3a:	f141 37ff 	adc.w	r7, r1, #4294967295
10001b3e:	42b0      	cmp	r0, r6
10001b40:	eb71 0307 	sbcs.w	r3, r1, r7
10001b44:	d201      	bcs.n	10001b4a <sleep_until+0x22>
10001b46:	2600      	movs	r6, #0
10001b48:	4637      	mov	r7, r6
10001b4a:	f000 f945 	bl	10001dd8 <time_us_64>
10001b4e:	1a30      	subs	r0, r6, r0
10001b50:	eb67 0301 	sbc.w	r3, r7, r1
10001b54:	2801      	cmp	r0, #1
10001b56:	f173 0300 	sbcs.w	r3, r3, #0
10001b5a:	da08      	bge.n	10001b6e <sleep_until+0x46>
10001b5c:	4620      	mov	r0, r4
10001b5e:	4629      	mov	r1, r5
10001b60:	f000 f94c 	bl	10001dfc <busy_wait_until>
10001b64:	b003      	add	sp, #12
10001b66:	bdf0      	pop	{r4, r5, r6, r7, pc}
10001b68:	4818      	ldr	r0, [pc, #96]	@ (10001bcc <sleep_until+0xa4>)
10001b6a:	f7ff f953 	bl	10000e14 <panic>
10001b6e:	2300      	movs	r3, #0
10001b70:	9300      	str	r3, [sp, #0]
10001b72:	4a17      	ldr	r2, [pc, #92]	@ (10001bd0 <sleep_until+0xa8>)
10001b74:	4630      	mov	r0, r6
10001b76:	4639      	mov	r1, r7
10001b78:	f7ff ff80 	bl	10001a7c <add_alarm_at>
10001b7c:	2800      	cmp	r0, #0
10001b7e:	da19      	bge.n	10001bb4 <sleep_until+0x8c>
10001b80:	e7ec      	b.n	10001b5c <sleep_until+0x34>
10001b82:	4b14      	ldr	r3, [pc, #80]	@ (10001bd4 <sleep_until+0xac>)
10001b84:	681a      	ldr	r2, [r3, #0]
10001b86:	f3ef 8110 	mrs	r1, PRIMASK
10001b8a:	b672      	cpsid	i
10001b8c:	e8d2 cfcf 	ldaexb	ip, [r2]
10001b90:	2001      	movs	r0, #1
10001b92:	f1bc 0f00 	cmp.w	ip, #0
10001b96:	d1f9      	bne.n	10001b8c <sleep_until+0x64>
10001b98:	e8c2 0f4c 	strexb	ip, r0, [r2]
10001b9c:	f1bc 0f00 	cmp.w	ip, #0
10001ba0:	d1f4      	bne.n	10001b8c <sleep_until+0x64>
10001ba2:	f3bf 8f5f 	dmb	sy
10001ba6:	681a      	ldr	r2, [r3, #0]
10001ba8:	2300      	movs	r3, #0
10001baa:	e8c2 3f8f 	stlb	r3, [r2]
10001bae:	f381 8810 	msr	PRIMASK, r1
10001bb2:	bf20      	wfe
10001bb4:	4b08      	ldr	r3, [pc, #32]	@ (10001bd8 <sleep_until+0xb0>)
10001bb6:	6a5b      	ldr	r3, [r3, #36]	@ 0x24
10001bb8:	429f      	cmp	r7, r3
10001bba:	d8e2      	bhi.n	10001b82 <sleep_until+0x5a>
10001bbc:	4a06      	ldr	r2, [pc, #24]	@ (10001bd8 <sleep_until+0xb0>)
10001bbe:	6a92      	ldr	r2, [r2, #40]	@ 0x28
10001bc0:	42b2      	cmp	r2, r6
10001bc2:	d2cb      	bcs.n	10001b5c <sleep_until+0x34>
10001bc4:	429f      	cmp	r7, r3
10001bc6:	d1c9      	bne.n	10001b5c <sleep_until+0x34>
10001bc8:	e7db      	b.n	10001b82 <sleep_until+0x5a>
10001bca:	bf00      	nop
10001bcc:	1000b4d4 	.word	0x1000b4d4
10001bd0:	10001581 	.word	0x10001581
10001bd4:	20002784 	.word	0x20002784
10001bd8:	400b0000 	.word	0x400b0000

10001bdc <sleep_us>:
10001bdc:	b538      	push	{r3, r4, r5, lr}
10001bde:	4604      	mov	r4, r0
10001be0:	460d      	mov	r5, r1
10001be2:	f000 f8f9 	bl	10001dd8 <time_us_64>
10001be6:	1820      	adds	r0, r4, r0
10001be8:	eb45 0101 	adc.w	r1, r5, r1
10001bec:	2900      	cmp	r1, #0
10001bee:	db02      	blt.n	10001bf6 <sleep_us+0x1a>
10001bf0:	f7ff ff9a 	bl	10001b28 <sleep_until>
10001bf4:	bd38      	pop	{r3, r4, r5, pc}
10001bf6:	f04f 30ff 	mov.w	r0, #4294967295
10001bfa:	f06f 4100 	mvn.w	r1, #2147483648	@ 0x80000000
10001bfe:	e7f7      	b.n	10001bf0 <sleep_us+0x14>

10001c00 <sleep_ms>:
10001c00:	b508      	push	{r3, lr}
10001c02:	0ec3      	lsrs	r3, r0, #27
10001c04:	0141      	lsls	r1, r0, #5
10001c06:	1a09      	subs	r1, r1, r0
10001c08:	f163 0300 	sbc.w	r3, r3, #0
10001c0c:	009b      	lsls	r3, r3, #2
10001c0e:	ea43 7391 	orr.w	r3, r3, r1, lsr #30
10001c12:	0089      	lsls	r1, r1, #2
10001c14:	1809      	adds	r1, r1, r0
10001c16:	f143 0300 	adc.w	r3, r3, #0
10001c1a:	00db      	lsls	r3, r3, #3
10001c1c:	00c8      	lsls	r0, r1, #3
10001c1e:	ea43 7151 	orr.w	r1, r3, r1, lsr #29
10001c22:	f7ff ffdb 	bl	10001bdc <sleep_us>
10001c26:	bd08      	pop	{r3, pc}

10001c28 <best_effort_wfe_or_timeout>:
10001c28:	b5f0      	push	{r4, r5, r6, r7, lr}
10001c2a:	b083      	sub	sp, #12
10001c2c:	4605      	mov	r5, r0
10001c2e:	460c      	mov	r4, r1
10001c30:	f3ef 8305 	mrs	r3, IPSR
10001c34:	b2db      	uxtb	r3, r3
10001c36:	b193      	cbz	r3, 10001c5e <best_effort_wfe_or_timeout+0x36>
10001c38:	4b38      	ldr	r3, [pc, #224]	@ (10001d1c <best_effort_wfe_or_timeout+0xf4>)
10001c3a:	6a5b      	ldr	r3, [r3, #36]	@ 0x24
10001c3c:	428b      	cmp	r3, r1
10001c3e:	d309      	bcc.n	10001c54 <best_effort_wfe_or_timeout+0x2c>
10001c40:	4a36      	ldr	r2, [pc, #216]	@ (10001d1c <best_effort_wfe_or_timeout+0xf4>)
10001c42:	6a92      	ldr	r2, [r2, #40]	@ 0x28
10001c44:	4282      	cmp	r2, r0
10001c46:	d208      	bcs.n	10001c5a <best_effort_wfe_or_timeout+0x32>
10001c48:	428b      	cmp	r3, r1
10001c4a:	d001      	beq.n	10001c50 <best_effort_wfe_or_timeout+0x28>
10001c4c:	2001      	movs	r0, #1
10001c4e:	e002      	b.n	10001c56 <best_effort_wfe_or_timeout+0x2e>
10001c50:	2000      	movs	r0, #0
10001c52:	e000      	b.n	10001c56 <best_effort_wfe_or_timeout+0x2e>
10001c54:	2000      	movs	r0, #0
10001c56:	b003      	add	sp, #12
10001c58:	bdf0      	pop	{r4, r5, r6, r7, pc}
10001c5a:	2001      	movs	r0, #1
10001c5c:	e7fb      	b.n	10001c56 <best_effort_wfe_or_timeout+0x2e>
10001c5e:	f7ff fe7d 	bl	1000195c <alarm_pool_get_default>
10001c62:	68c7      	ldr	r7, [r0, #12]
10001c64:	7806      	ldrb	r6, [r0, #0]
10001c66:	4638      	mov	r0, r7
10001c68:	f000 f88c 	bl	10001d84 <timer_time_us_64>
10001c6c:	1a2a      	subs	r2, r5, r0
10001c6e:	eb64 0101 	sbc.w	r1, r4, r1
10001c72:	3604      	adds	r6, #4
10001c74:	f857 3026 	ldr.w	r3, [r7, r6, lsl #2]
10001c78:	1a1b      	subs	r3, r3, r0
10001c7a:	429a      	cmp	r2, r3
10001c7c:	f171 0100 	sbcs.w	r1, r1, #0
10001c80:	db12      	blt.n	10001ca8 <best_effort_wfe_or_timeout+0x80>
10001c82:	bf20      	wfe
10001c84:	4b25      	ldr	r3, [pc, #148]	@ (10001d1c <best_effort_wfe_or_timeout+0xf4>)
10001c86:	6a5b      	ldr	r3, [r3, #36]	@ 0x24
10001c88:	429c      	cmp	r4, r3
10001c8a:	d809      	bhi.n	10001ca0 <best_effort_wfe_or_timeout+0x78>
10001c8c:	4a23      	ldr	r2, [pc, #140]	@ (10001d1c <best_effort_wfe_or_timeout+0xf4>)
10001c8e:	6a92      	ldr	r2, [r2, #40]	@ 0x28
10001c90:	42aa      	cmp	r2, r5
10001c92:	d207      	bcs.n	10001ca4 <best_effort_wfe_or_timeout+0x7c>
10001c94:	429c      	cmp	r4, r3
10001c96:	d001      	beq.n	10001c9c <best_effort_wfe_or_timeout+0x74>
10001c98:	2001      	movs	r0, #1
10001c9a:	e7dc      	b.n	10001c56 <best_effort_wfe_or_timeout+0x2e>
10001c9c:	2000      	movs	r0, #0
10001c9e:	e7da      	b.n	10001c56 <best_effort_wfe_or_timeout+0x2e>
10001ca0:	2000      	movs	r0, #0
10001ca2:	e7d8      	b.n	10001c56 <best_effort_wfe_or_timeout+0x2e>
10001ca4:	2001      	movs	r0, #1
10001ca6:	e7d6      	b.n	10001c56 <best_effort_wfe_or_timeout+0x2e>
10001ca8:	2300      	movs	r3, #0
10001caa:	9300      	str	r3, [sp, #0]
10001cac:	4a1c      	ldr	r2, [pc, #112]	@ (10001d20 <best_effort_wfe_or_timeout+0xf8>)
10001cae:	4628      	mov	r0, r5
10001cb0:	4621      	mov	r1, r4
10001cb2:	f7ff fee3 	bl	10001a7c <add_alarm_at>
10001cb6:	2800      	cmp	r0, #0
10001cb8:	dd18      	ble.n	10001cec <best_effort_wfe_or_timeout+0xc4>
10001cba:	4b18      	ldr	r3, [pc, #96]	@ (10001d1c <best_effort_wfe_or_timeout+0xf4>)
10001cbc:	6a5b      	ldr	r3, [r3, #36]	@ 0x24
10001cbe:	429c      	cmp	r4, r3
10001cc0:	d805      	bhi.n	10001cce <best_effort_wfe_or_timeout+0xa6>
10001cc2:	4a16      	ldr	r2, [pc, #88]	@ (10001d1c <best_effort_wfe_or_timeout+0xf4>)
10001cc4:	6a92      	ldr	r2, [r2, #40]	@ 0x28
10001cc6:	42aa      	cmp	r2, r5
10001cc8:	d202      	bcs.n	10001cd0 <best_effort_wfe_or_timeout+0xa8>
10001cca:	429c      	cmp	r4, r3
10001ccc:	d100      	bne.n	10001cd0 <best_effort_wfe_or_timeout+0xa8>
10001cce:	bf20      	wfe
10001cd0:	f7ff ff20 	bl	10001b14 <cancel_alarm>
10001cd4:	4b11      	ldr	r3, [pc, #68]	@ (10001d1c <best_effort_wfe_or_timeout+0xf4>)
10001cd6:	6a5b      	ldr	r3, [r3, #36]	@ 0x24
10001cd8:	429c      	cmp	r4, r3
10001cda:	d81b      	bhi.n	10001d14 <best_effort_wfe_or_timeout+0xec>
10001cdc:	4a0f      	ldr	r2, [pc, #60]	@ (10001d1c <best_effort_wfe_or_timeout+0xf4>)
10001cde:	6a92      	ldr	r2, [r2, #40]	@ 0x28
10001ce0:	42aa      	cmp	r2, r5
10001ce2:	d219      	bcs.n	10001d18 <best_effort_wfe_or_timeout+0xf0>
10001ce4:	429c      	cmp	r4, r3
10001ce6:	d013      	beq.n	10001d10 <best_effort_wfe_or_timeout+0xe8>
10001ce8:	2001      	movs	r0, #1
10001cea:	e7b4      	b.n	10001c56 <best_effort_wfe_or_timeout+0x2e>
10001cec:	4b0b      	ldr	r3, [pc, #44]	@ (10001d1c <best_effort_wfe_or_timeout+0xf4>)
10001cee:	6a5b      	ldr	r3, [r3, #36]	@ 0x24
10001cf0:	429c      	cmp	r4, r3
10001cf2:	d809      	bhi.n	10001d08 <best_effort_wfe_or_timeout+0xe0>
10001cf4:	4a09      	ldr	r2, [pc, #36]	@ (10001d1c <best_effort_wfe_or_timeout+0xf4>)
10001cf6:	6a92      	ldr	r2, [r2, #40]	@ 0x28
10001cf8:	42aa      	cmp	r2, r5
10001cfa:	d207      	bcs.n	10001d0c <best_effort_wfe_or_timeout+0xe4>
10001cfc:	429c      	cmp	r4, r3
10001cfe:	d001      	beq.n	10001d04 <best_effort_wfe_or_timeout+0xdc>
10001d00:	2001      	movs	r0, #1
10001d02:	e7a8      	b.n	10001c56 <best_effort_wfe_or_timeout+0x2e>
10001d04:	2000      	movs	r0, #0
10001d06:	e7a6      	b.n	10001c56 <best_effort_wfe_or_timeout+0x2e>
10001d08:	2000      	movs	r0, #0
10001d0a:	e7a4      	b.n	10001c56 <best_effort_wfe_or_timeout+0x2e>
10001d0c:	2001      	movs	r0, #1
10001d0e:	e7a2      	b.n	10001c56 <best_effort_wfe_or_timeout+0x2e>
10001d10:	2000      	movs	r0, #0
10001d12:	e7a0      	b.n	10001c56 <best_effort_wfe_or_timeout+0x2e>
10001d14:	2000      	movs	r0, #0
10001d16:	e79e      	b.n	10001c56 <best_effort_wfe_or_timeout+0x2e>
10001d18:	2001      	movs	r0, #1
10001d1a:	e79c      	b.n	10001c56 <best_effort_wfe_or_timeout+0x2e>
10001d1c:	400b0000 	.word	0x400b0000
10001d20:	10001581 	.word	0x10001581

10001d24 <alarm_pool_get_default_timer>:
10001d24:	4800      	ldr	r0, [pc, #0]	@ (10001d28 <alarm_pool_get_default_timer+0x4>)
10001d26:	4770      	bx	lr
10001d28:	400b0000 	.word	0x400b0000

10001d2c <runtime_init_default_alarm_pool>:
10001d2c:	b510      	push	{r4, lr}
10001d2e:	4b0a      	ldr	r3, [pc, #40]	@ (10001d58 <runtime_init_default_alarm_pool+0x2c>)
10001d30:	691b      	ldr	r3, [r3, #16]
10001d32:	b123      	cbz	r3, 10001d3e <runtime_init_default_alarm_pool+0x12>
10001d34:	210a      	movs	r1, #10
10001d36:	4809      	ldr	r0, [pc, #36]	@ (10001d5c <runtime_init_default_alarm_pool+0x30>)
10001d38:	f7ff fb9e 	bl	10001478 <lock_init>
10001d3c:	bd10      	pop	{r4, pc}
10001d3e:	f7ff fff1 	bl	10001d24 <alarm_pool_get_default_timer>
10001d42:	4604      	mov	r4, r0
10001d44:	2103      	movs	r1, #3
10001d46:	f000 f80b 	bl	10001d60 <timer_hardware_alarm_claim>
10001d4a:	2310      	movs	r3, #16
10001d4c:	2203      	movs	r2, #3
10001d4e:	4621      	mov	r1, r4
10001d50:	4801      	ldr	r0, [pc, #4]	@ (10001d58 <runtime_init_default_alarm_pool+0x2c>)
10001d52:	f7ff fdc5 	bl	100018e0 <alarm_pool_post_alloc_init>
10001d56:	e7ed      	b.n	10001d34 <runtime_init_default_alarm_pool+0x8>
10001d58:	20001274 	.word	0x20001274
10001d5c:	20002784 	.word	0x20002784

10001d60 <timer_hardware_alarm_claim>:
10001d60:	b510      	push	{r4, lr}
10001d62:	4a05      	ldr	r2, [pc, #20]	@ (10001d78 <timer_hardware_alarm_claim+0x18>)
10001d64:	4c05      	ldr	r4, [pc, #20]	@ (10001d7c <timer_hardware_alarm_claim+0x1c>)
10001d66:	4b06      	ldr	r3, [pc, #24]	@ (10001d80 <timer_hardware_alarm_claim+0x20>)
10001d68:	42a0      	cmp	r0, r4
10001d6a:	bf14      	ite	ne
10001d6c:	4618      	movne	r0, r3
10001d6e:	1c58      	addeq	r0, r3, #1
10001d70:	f7ff f884 	bl	10000e7c <hw_claim_or_assert>
10001d74:	bd10      	pop	{r4, pc}
10001d76:	bf00      	nop
10001d78:	1000b524 	.word	0x1000b524
10001d7c:	400b8000 	.word	0x400b8000
10001d80:	20002278 	.word	0x20002278

10001d84 <timer_time_us_64>:
10001d84:	4602      	mov	r2, r0
10001d86:	6a43      	ldr	r3, [r0, #36]	@ 0x24
10001d88:	6a90      	ldr	r0, [r2, #40]	@ 0x28
10001d8a:	4619      	mov	r1, r3
10001d8c:	6a53      	ldr	r3, [r2, #36]	@ 0x24
10001d8e:	4299      	cmp	r1, r3
10001d90:	d1fa      	bne.n	10001d88 <timer_time_us_64+0x4>
10001d92:	4770      	bx	lr

10001d94 <timer_busy_wait_until>:
10001d94:	6a41      	ldr	r1, [r0, #36]	@ 0x24
10001d96:	e000      	b.n	10001d9a <timer_busy_wait_until+0x6>
10001d98:	6a41      	ldr	r1, [r0, #36]	@ 0x24
10001d9a:	4299      	cmp	r1, r3
10001d9c:	d3fc      	bcc.n	10001d98 <timer_busy_wait_until+0x4>
10001d9e:	e000      	b.n	10001da2 <timer_busy_wait_until+0xe>
10001da0:	6a41      	ldr	r1, [r0, #36]	@ 0x24
10001da2:	4299      	cmp	r1, r3
10001da4:	d102      	bne.n	10001dac <timer_busy_wait_until+0x18>
10001da6:	6a81      	ldr	r1, [r0, #40]	@ 0x28
10001da8:	4291      	cmp	r1, r2
10001daa:	d3f9      	bcc.n	10001da0 <timer_busy_wait_until+0xc>
10001dac:	4770      	bx	lr

10001dae <timer_busy_wait_us>:
10001dae:	b570      	push	{r4, r5, r6, lr}
10001db0:	4606      	mov	r6, r0
10001db2:	4614      	mov	r4, r2
10001db4:	461d      	mov	r5, r3
10001db6:	f7ff ffe5 	bl	10001d84 <timer_time_us_64>
10001dba:	1902      	adds	r2, r0, r4
10001dbc:	eb41 0305 	adc.w	r3, r1, r5
10001dc0:	4282      	cmp	r2, r0
10001dc2:	eb73 0101 	sbcs.w	r1, r3, r1
10001dc6:	d202      	bcs.n	10001dce <timer_busy_wait_us+0x20>
10001dc8:	f04f 32ff 	mov.w	r2, #4294967295
10001dcc:	4613      	mov	r3, r2
10001dce:	4630      	mov	r0, r6
10001dd0:	f7ff ffe0 	bl	10001d94 <timer_busy_wait_until>
10001dd4:	bd70      	pop	{r4, r5, r6, pc}
	...

10001dd8 <time_us_64>:
10001dd8:	b508      	push	{r3, lr}
10001dda:	4802      	ldr	r0, [pc, #8]	@ (10001de4 <time_us_64+0xc>)
10001ddc:	f7ff ffd2 	bl	10001d84 <timer_time_us_64>
10001de0:	bd08      	pop	{r3, pc}
10001de2:	bf00      	nop
10001de4:	400b0000 	.word	0x400b0000

10001de8 <busy_wait_us>:
10001de8:	b508      	push	{r3, lr}
10001dea:	4602      	mov	r2, r0
10001dec:	460b      	mov	r3, r1
10001dee:	4802      	ldr	r0, [pc, #8]	@ (10001df8 <busy_wait_us+0x10>)
10001df0:	f7ff ffdd 	bl	10001dae <timer_busy_wait_us>
10001df4:	bd08      	pop	{r3, pc}
10001df6:	bf00      	nop
10001df8:	400b0000 	.word	0x400b0000

10001dfc <busy_wait_until>:
10001dfc:	b508      	push	{r3, lr}
10001dfe:	4602      	mov	r2, r0
10001e00:	460b      	mov	r3, r1
10001e02:	4802      	ldr	r0, [pc, #8]	@ (10001e0c <busy_wait_until+0x10>)
10001e04:	f7ff ffc6 	bl	10001d94 <timer_busy_wait_until>
10001e08:	bd08      	pop	{r3, pc}
10001e0a:	bf00      	nop
10001e0c:	400b0000 	.word	0x400b0000

10001e10 <uart_unreset>:
10001e10:	4b07      	ldr	r3, [pc, #28]	@ (10001e30 <uart_unreset+0x20>)
10001e12:	4298      	cmp	r0, r3
10001e14:	d00a      	beq.n	10001e2c <uart_unreset+0x1c>
10001e16:	231a      	movs	r3, #26
10001e18:	2201      	movs	r2, #1
10001e1a:	409a      	lsls	r2, r3
10001e1c:	4b05      	ldr	r3, [pc, #20]	@ (10001e34 <uart_unreset+0x24>)
10001e1e:	601a      	str	r2, [r3, #0]
10001e20:	4b05      	ldr	r3, [pc, #20]	@ (10001e38 <uart_unreset+0x28>)
10001e22:	689b      	ldr	r3, [r3, #8]
10001e24:	ea32 0303 	bics.w	r3, r2, r3
10001e28:	d1fa      	bne.n	10001e20 <uart_unreset+0x10>
10001e2a:	4770      	bx	lr
10001e2c:	231b      	movs	r3, #27
10001e2e:	e7f3      	b.n	10001e18 <uart_unreset+0x8>
10001e30:	40078000 	.word	0x40078000
10001e34:	40023000 	.word	0x40023000
10001e38:	40020000 	.word	0x40020000

10001e3c <uart_disable_before_lcr_write>:
10001e3c:	b538      	push	{r3, r4, r5, lr}
10001e3e:	6b04      	ldr	r4, [r0, #48]	@ 0x30
10001e40:	f014 0f01 	tst.w	r4, #1
10001e44:	d101      	bne.n	10001e4a <uart_disable_before_lcr_write+0xe>
10001e46:	4620      	mov	r0, r4
10001e48:	bd38      	pop	{r3, r4, r5, pc}
10001e4a:	f500 5340 	add.w	r3, r0, #12288	@ 0x3000
10001e4e:	f240 3201 	movw	r2, #769	@ 0x301
10001e52:	631a      	str	r2, [r3, #48]	@ 0x30
10001e54:	6a43      	ldr	r3, [r0, #36]	@ 0x24
10001e56:	6a85      	ldr	r5, [r0, #40]	@ 0x28
10001e58:	eb05 1583 	add.w	r5, r5, r3, lsl #6
10001e5c:	02ad      	lsls	r5, r5, #10
10001e5e:	2006      	movs	r0, #6
10001e60:	f000 f906 	bl	10002070 <clock_get_hz>
10001e64:	4b04      	ldr	r3, [pc, #16]	@ (10001e78 <uart_disable_before_lcr_write+0x3c>)
10001e66:	fba3 3000 	umull	r3, r0, r3, r0
10001e6a:	0ac0      	lsrs	r0, r0, #11
10001e6c:	fbb5 f0f0 	udiv	r0, r5, r0
10001e70:	2100      	movs	r1, #0
10001e72:	f7ff ffb9 	bl	10001de8 <busy_wait_us>
10001e76:	e7e6      	b.n	10001e46 <uart_disable_before_lcr_write+0xa>
10001e78:	8f2b7b75 	.word	0x8f2b7b75

10001e7c <uart_write_lcr_bits_masked>:
10001e7c:	b570      	push	{r4, r5, r6, lr}
10001e7e:	4605      	mov	r5, r0
10001e80:	460c      	mov	r4, r1
10001e82:	4616      	mov	r6, r2
10001e84:	f7ff ffda 	bl	10001e3c <uart_disable_before_lcr_write>
10001e88:	6aeb      	ldr	r3, [r5, #44]	@ 0x2c
10001e8a:	405c      	eors	r4, r3
10001e8c:	4034      	ands	r4, r6
10001e8e:	f505 5381 	add.w	r3, r5, #4128	@ 0x1020
10001e92:	60dc      	str	r4, [r3, #12]
10001e94:	6328      	str	r0, [r5, #48]	@ 0x30
10001e96:	bd70      	pop	{r4, r5, r6, pc}

10001e98 <uart_set_baudrate>:
10001e98:	b570      	push	{r4, r5, r6, lr}
10001e9a:	4605      	mov	r5, r0
10001e9c:	460c      	mov	r4, r1
10001e9e:	2006      	movs	r0, #6
10001ea0:	f000 f8e6 	bl	10002070 <clock_get_hz>
10001ea4:	00c3      	lsls	r3, r0, #3
10001ea6:	fbb3 f3f4 	udiv	r3, r3, r4
10001eaa:	3301      	adds	r3, #1
10001eac:	09dc      	lsrs	r4, r3, #7
10001eae:	d007      	beq.n	10001ec0 <uart_set_baudrate+0x28>
10001eb0:	f64f 72fe 	movw	r2, #65534	@ 0xfffe
10001eb4:	4294      	cmp	r4, r2
10001eb6:	d814      	bhi.n	10001ee2 <uart_set_baudrate+0x4a>
10001eb8:	4626      	mov	r6, r4
10001eba:	f3c3 0445 	ubfx	r4, r3, #1, #6
10001ebe:	e000      	b.n	10001ec2 <uart_set_baudrate+0x2a>
10001ec0:	2601      	movs	r6, #1
10001ec2:	626e      	str	r6, [r5, #36]	@ 0x24
10001ec4:	62ac      	str	r4, [r5, #40]	@ 0x28
10001ec6:	2200      	movs	r2, #0
10001ec8:	4611      	mov	r1, r2
10001eca:	4628      	mov	r0, r5
10001ecc:	f7ff ffd6 	bl	10001e7c <uart_write_lcr_bits_masked>
10001ed0:	2006      	movs	r0, #6
10001ed2:	f000 f8cd 	bl	10002070 <clock_get_hz>
10001ed6:	0080      	lsls	r0, r0, #2
10001ed8:	eb04 1486 	add.w	r4, r4, r6, lsl #6
10001edc:	fbb0 f0f4 	udiv	r0, r0, r4
10001ee0:	bd70      	pop	{r4, r5, r6, pc}
10001ee2:	2400      	movs	r4, #0
10001ee4:	f64f 76ff 	movw	r6, #65535	@ 0xffff
10001ee8:	e7eb      	b.n	10001ec2 <uart_set_baudrate+0x2a>

10001eea <uart_set_format>:
10001eea:	b508      	push	{r3, lr}
10001eec:	f1a1 0c05 	sub.w	ip, r1, #5
10001ef0:	1e51      	subs	r1, r2, #1
10001ef2:	00c9      	lsls	r1, r1, #3
10001ef4:	ea41 114c 	orr.w	r1, r1, ip, lsl #5
10001ef8:	b13b      	cbz	r3, 10001f0a <uart_set_format+0x20>
10001efa:	f041 0102 	orr.w	r1, r1, #2
10001efe:	2b01      	cmp	r3, #1
10001f00:	d001      	beq.n	10001f06 <uart_set_format+0x1c>
10001f02:	2300      	movs	r3, #0
10001f04:	e002      	b.n	10001f0c <uart_set_format+0x22>
10001f06:	2304      	movs	r3, #4
10001f08:	e000      	b.n	10001f0c <uart_set_format+0x22>
10001f0a:	2300      	movs	r3, #0
10001f0c:	226e      	movs	r2, #110	@ 0x6e
10001f0e:	4319      	orrs	r1, r3
10001f10:	f7ff ffb4 	bl	10001e7c <uart_write_lcr_bits_masked>
10001f14:	bd08      	pop	{r3, pc}

10001f16 <uart_set_fifo_enabled>:
10001f16:	b508      	push	{r3, lr}
10001f18:	b101      	cbz	r1, 10001f1c <uart_set_fifo_enabled+0x6>
10001f1a:	2110      	movs	r1, #16
10001f1c:	2210      	movs	r2, #16
10001f1e:	f7ff ffad 	bl	10001e7c <uart_write_lcr_bits_masked>
10001f22:	bd08      	pop	{r3, pc}

10001f24 <uart_set_translate_crlf>:
10001f24:	b149      	cbz	r1, 10001f3a <uart_set_translate_crlf+0x16>
10001f26:	220a      	movs	r2, #10
10001f28:	4b05      	ldr	r3, [pc, #20]	@ (10001f40 <uart_set_translate_crlf+0x1c>)
10001f2a:	4298      	cmp	r0, r3
10001f2c:	bf14      	ite	ne
10001f2e:	2000      	movne	r0, #0
10001f30:	2001      	moveq	r0, #1
10001f32:	4b04      	ldr	r3, [pc, #16]	@ (10001f44 <uart_set_translate_crlf+0x20>)
10001f34:	f823 2010 	strh.w	r2, [r3, r0, lsl #1]
10001f38:	4770      	bx	lr
10001f3a:	f44f 7280 	mov.w	r2, #256	@ 0x100
10001f3e:	e7f3      	b.n	10001f28 <uart_set_translate_crlf+0x4>
10001f40:	40078000 	.word	0x40078000
10001f44:	20002794 	.word	0x20002794

10001f48 <uart_init>:
10001f48:	b538      	push	{r3, r4, r5, lr}
10001f4a:	4604      	mov	r4, r0
10001f4c:	460d      	mov	r5, r1
10001f4e:	2006      	movs	r0, #6
10001f50:	f000 f88e 	bl	10002070 <clock_get_hz>
10001f54:	b1f8      	cbz	r0, 10001f96 <uart_init+0x4e>
10001f56:	4b11      	ldr	r3, [pc, #68]	@ (10001f9c <uart_init+0x54>)
10001f58:	429c      	cmp	r4, r3
10001f5a:	d01d      	beq.n	10001f98 <uart_init+0x50>
10001f5c:	221a      	movs	r2, #26
10001f5e:	2301      	movs	r3, #1
10001f60:	4093      	lsls	r3, r2
10001f62:	4a0f      	ldr	r2, [pc, #60]	@ (10001fa0 <uart_init+0x58>)
10001f64:	6013      	str	r3, [r2, #0]
10001f66:	4620      	mov	r0, r4
10001f68:	f7ff ff52 	bl	10001e10 <uart_unreset>
10001f6c:	2100      	movs	r1, #0
10001f6e:	4620      	mov	r0, r4
10001f70:	f7ff ffd8 	bl	10001f24 <uart_set_translate_crlf>
10001f74:	4629      	mov	r1, r5
10001f76:	4620      	mov	r0, r4
10001f78:	f7ff ff8e 	bl	10001e98 <uart_set_baudrate>
10001f7c:	6ae3      	ldr	r3, [r4, #44]	@ 0x2c
10001f7e:	f083 0370 	eor.w	r3, r3, #112	@ 0x70
10001f82:	f003 037e 	and.w	r3, r3, #126	@ 0x7e
10001f86:	f504 5281 	add.w	r2, r4, #4128	@ 0x1020
10001f8a:	60d3      	str	r3, [r2, #12]
10001f8c:	f240 3301 	movw	r3, #769	@ 0x301
10001f90:	6323      	str	r3, [r4, #48]	@ 0x30
10001f92:	2303      	movs	r3, #3
10001f94:	64a3      	str	r3, [r4, #72]	@ 0x48
10001f96:	bd38      	pop	{r3, r4, r5, pc}
10001f98:	221b      	movs	r2, #27
10001f9a:	e7e0      	b.n	10001f5e <uart_init+0x16>
10001f9c:	40078000 	.word	0x40078000
10001fa0:	40022000 	.word	0x40022000

10001fa4 <clock_configure_internal>:
10001fa4:	b570      	push	{r4, r5, r6, lr}
10001fa6:	4616      	mov	r6, r2
10001fa8:	9d04      	ldr	r5, [sp, #16]
10001faa:	eb00 0c40 	add.w	ip, r0, r0, lsl #1
10001fae:	ea4f 0c8c 	mov.w	ip, ip, lsl #2
10001fb2:	f10c 4c80 	add.w	ip, ip, #1073741824	@ 0x40000000
10001fb6:	f50c 3c80 	add.w	ip, ip, #65536	@ 0x10000
10001fba:	f8dc 2004 	ldr.w	r2, [ip, #4]
10001fbe:	42aa      	cmp	r2, r5
10001fc0:	d201      	bcs.n	10001fc6 <clock_configure_internal+0x22>
10001fc2:	f8cc 5004 	str.w	r5, [ip, #4]
10001fc6:	f1a0 0e04 	sub.w	lr, r0, #4
10001fca:	fa5f fe8e 	uxtb.w	lr, lr
10001fce:	f1be 0f01 	cmp.w	lr, #1
10001fd2:	d928      	bls.n	10002026 <clock_configure_internal+0x82>
10001fd4:	f50c 5240 	add.w	r2, ip, #12288	@ 0x3000
10001fd8:	f44f 6400 	mov.w	r4, #2048	@ 0x800
10001fdc:	6014      	str	r4, [r2, #0]
10001fde:	4a1e      	ldr	r2, [pc, #120]	@ (10002058 <clock_configure_internal+0xb4>)
10001fe0:	f852 2020 	ldr.w	r2, [r2, r0, lsl #2]
10001fe4:	b142      	cbz	r2, 10001ff8 <clock_configure_internal+0x54>
10001fe6:	4c1c      	ldr	r4, [pc, #112]	@ (10002058 <clock_configure_internal+0xb4>)
10001fe8:	6964      	ldr	r4, [r4, #20]
10001fea:	fbb4 f4f2 	udiv	r4, r4, r2
10001fee:	3401      	adds	r4, #1
10001ff0:	eb04 0444 	add.w	r4, r4, r4, lsl #1
10001ff4:	3c03      	subs	r4, #3
10001ff6:	d2fd      	bcs.n	10001ff4 <clock_configure_internal+0x50>
10001ff8:	f8dc 2000 	ldr.w	r2, [ip]
10001ffc:	ea82 1246 	eor.w	r2, r2, r6, lsl #5
10002000:	f002 02e0 	and.w	r2, r2, #224	@ 0xe0
10002004:	f50c 5480 	add.w	r4, ip, #4096	@ 0x1000
10002008:	6022      	str	r2, [r4, #0]
1000200a:	f1be 0f01 	cmp.w	lr, #1
1000200e:	d916      	bls.n	1000203e <clock_configure_internal+0x9a>
10002010:	f50c 5200 	add.w	r2, ip, #8192	@ 0x2000
10002014:	f44f 6100 	mov.w	r1, #2048	@ 0x800
10002018:	6011      	str	r1, [r2, #0]
1000201a:	f8cc 5004 	str.w	r5, [ip, #4]
1000201e:	4a0e      	ldr	r2, [pc, #56]	@ (10002058 <clock_configure_internal+0xb4>)
10002020:	f842 3020 	str.w	r3, [r2, r0, lsl #2]
10002024:	bd70      	pop	{r4, r5, r6, pc}
10002026:	2901      	cmp	r1, #1
10002028:	d1d4      	bne.n	10001fd4 <clock_configure_internal+0x30>
1000202a:	f50c 5240 	add.w	r2, ip, #12288	@ 0x3000
1000202e:	2403      	movs	r4, #3
10002030:	6014      	str	r4, [r2, #0]
10002032:	f8dc 2008 	ldr.w	r2, [ip, #8]
10002036:	f012 0f01 	tst.w	r2, #1
1000203a:	d0fa      	beq.n	10002032 <clock_configure_internal+0x8e>
1000203c:	e7dc      	b.n	10001ff8 <clock_configure_internal+0x54>
1000203e:	f8dc 2000 	ldr.w	r2, [ip]
10002042:	404a      	eors	r2, r1
10002044:	f002 0203 	and.w	r2, r2, #3
10002048:	6022      	str	r2, [r4, #0]
1000204a:	f8dc 4008 	ldr.w	r4, [ip, #8]
1000204e:	2201      	movs	r2, #1
10002050:	408a      	lsls	r2, r1
10002052:	4214      	tst	r4, r2
10002054:	d0f9      	beq.n	1000204a <clock_configure_internal+0xa6>
10002056:	e7db      	b.n	10002010 <clock_configure_internal+0x6c>
10002058:	20002280 	.word	0x20002280

1000205c <clock_configure_undivided>:
1000205c:	b510      	push	{r4, lr}
1000205e:	b082      	sub	sp, #8
10002060:	f44f 3480 	mov.w	r4, #65536	@ 0x10000
10002064:	9400      	str	r4, [sp, #0]
10002066:	f7ff ff9d 	bl	10001fa4 <clock_configure_internal>
1000206a:	b002      	add	sp, #8
1000206c:	bd10      	pop	{r4, pc}
	...

10002070 <clock_get_hz>:
10002070:	4b01      	ldr	r3, [pc, #4]	@ (10002078 <clock_get_hz+0x8>)
10002072:	f853 0020 	ldr.w	r0, [r3, r0, lsl #2]
10002076:	4770      	bx	lr
10002078:	20002280 	.word	0x20002280

1000207c <pll_init>:
1000207c:	b570      	push	{r4, r5, r6, lr}
1000207e:	9c04      	ldr	r4, [sp, #16]
10002080:	4d34      	ldr	r5, [pc, #208]	@ (10002154 <pll_init+0xd8>)
10002082:	fbb5 fcf1 	udiv	ip, r5, r1
10002086:	4d34      	ldr	r5, [pc, #208]	@ (10002158 <pll_init+0xdc>)
10002088:	4415      	add	r5, r2
1000208a:	4e34      	ldr	r6, [pc, #208]	@ (1000215c <pll_init+0xe0>)
1000208c:	42b5      	cmp	r5, r6
1000208e:	d837      	bhi.n	10002100 <pll_init+0x84>
10002090:	fbb2 f5fc 	udiv	r5, r2, ip
10002094:	f1a5 0e10 	sub.w	lr, r5, #16
10002098:	f5be 7f98 	cmp.w	lr, #304	@ 0x130
1000209c:	d836      	bhi.n	1000210c <pll_init+0x90>
1000209e:	f103 3eff 	add.w	lr, r3, #4294967295
100020a2:	f1be 0f06 	cmp.w	lr, #6
100020a6:	d837      	bhi.n	10002118 <pll_init+0x9c>
100020a8:	f104 3eff 	add.w	lr, r4, #4294967295
100020ac:	f1be 0f06 	cmp.w	lr, #6
100020b0:	d832      	bhi.n	10002118 <pll_init+0x9c>
100020b2:	ebbc 1f12 	cmp.w	ip, r2, lsr #4
100020b6:	d835      	bhi.n	10002124 <pll_init+0xa8>
100020b8:	0324      	lsls	r4, r4, #12
100020ba:	ea44 4403 	orr.w	r4, r4, r3, lsl #16
100020be:	6803      	ldr	r3, [r0, #0]
100020c0:	2b00      	cmp	r3, #0
100020c2:	db35      	blt.n	10002130 <pll_init+0xb4>
100020c4:	4b26      	ldr	r3, [pc, #152]	@ (10002160 <pll_init+0xe4>)
100020c6:	4298      	cmp	r0, r3
100020c8:	d042      	beq.n	10002150 <pll_init+0xd4>
100020ca:	230e      	movs	r3, #14
100020cc:	2201      	movs	r2, #1
100020ce:	409a      	lsls	r2, r3
100020d0:	4b24      	ldr	r3, [pc, #144]	@ (10002164 <pll_init+0xe8>)
100020d2:	601a      	str	r2, [r3, #0]
100020d4:	f503 5380 	add.w	r3, r3, #4096	@ 0x1000
100020d8:	601a      	str	r2, [r3, #0]
100020da:	4b23      	ldr	r3, [pc, #140]	@ (10002168 <pll_init+0xec>)
100020dc:	689b      	ldr	r3, [r3, #8]
100020de:	ea32 0303 	bics.w	r3, r2, r3
100020e2:	d1fa      	bne.n	100020da <pll_init+0x5e>
100020e4:	6001      	str	r1, [r0, #0]
100020e6:	6085      	str	r5, [r0, #8]
100020e8:	f500 5240 	add.w	r2, r0, #12288	@ 0x3000
100020ec:	3204      	adds	r2, #4
100020ee:	2321      	movs	r3, #33	@ 0x21
100020f0:	6013      	str	r3, [r2, #0]
100020f2:	6803      	ldr	r3, [r0, #0]
100020f4:	2b00      	cmp	r3, #0
100020f6:	dafc      	bge.n	100020f2 <pll_init+0x76>
100020f8:	60c4      	str	r4, [r0, #12]
100020fa:	2308      	movs	r3, #8
100020fc:	6013      	str	r3, [r2, #0]
100020fe:	bd70      	pop	{r4, r5, r6, pc}
10002100:	4b1a      	ldr	r3, [pc, #104]	@ (1000216c <pll_init+0xf0>)
10002102:	4a1b      	ldr	r2, [pc, #108]	@ (10002170 <pll_init+0xf4>)
10002104:	2111      	movs	r1, #17
10002106:	481b      	ldr	r0, [pc, #108]	@ (10002174 <pll_init+0xf8>)
10002108:	f001 fe70 	bl	10003dec <__assert_func>
1000210c:	4b1a      	ldr	r3, [pc, #104]	@ (10002178 <pll_init+0xfc>)
1000210e:	4a18      	ldr	r2, [pc, #96]	@ (10002170 <pll_init+0xf4>)
10002110:	2119      	movs	r1, #25
10002112:	4818      	ldr	r0, [pc, #96]	@ (10002174 <pll_init+0xf8>)
10002114:	f001 fe6a 	bl	10003dec <__assert_func>
10002118:	4b18      	ldr	r3, [pc, #96]	@ (1000217c <pll_init+0x100>)
1000211a:	4a15      	ldr	r2, [pc, #84]	@ (10002170 <pll_init+0xf4>)
1000211c:	211c      	movs	r1, #28
1000211e:	4815      	ldr	r0, [pc, #84]	@ (10002174 <pll_init+0xf8>)
10002120:	f001 fe64 	bl	10003dec <__assert_func>
10002124:	4b16      	ldr	r3, [pc, #88]	@ (10002180 <pll_init+0x104>)
10002126:	4a12      	ldr	r2, [pc, #72]	@ (10002170 <pll_init+0xf4>)
10002128:	2123      	movs	r1, #35	@ 0x23
1000212a:	4812      	ldr	r0, [pc, #72]	@ (10002174 <pll_init+0xf8>)
1000212c:	f001 fe5e 	bl	10003dec <__assert_func>
10002130:	6803      	ldr	r3, [r0, #0]
10002132:	f003 033f 	and.w	r3, r3, #63	@ 0x3f
10002136:	428b      	cmp	r3, r1
10002138:	d1c4      	bne.n	100020c4 <pll_init+0x48>
1000213a:	6883      	ldr	r3, [r0, #8]
1000213c:	f3c3 030b 	ubfx	r3, r3, #0, #12
10002140:	42ab      	cmp	r3, r5
10002142:	d1bf      	bne.n	100020c4 <pll_init+0x48>
10002144:	68c3      	ldr	r3, [r0, #12]
10002146:	f403 23ee 	and.w	r3, r3, #487424	@ 0x77000
1000214a:	42a3      	cmp	r3, r4
1000214c:	d1ba      	bne.n	100020c4 <pll_init+0x48>
1000214e:	e7d6      	b.n	100020fe <pll_init+0x82>
10002150:	230f      	movs	r3, #15
10002152:	e7bb      	b.n	100020cc <pll_init+0x50>
10002154:	00b71b00 	.word	0x00b71b00
10002158:	d34be880 	.word	0xd34be880
1000215c:	32a9f880 	.word	0x32a9f880
10002160:	40058000 	.word	0x40058000
10002164:	40022000 	.word	0x40022000
10002168:	40020000 	.word	0x40020000
1000216c:	1000b548 	.word	0x1000b548
10002170:	1000bd58 	.word	0x1000bd58
10002174:	1000b598 	.word	0x1000b598
10002178:	1000b5e0 	.word	0x1000b5e0
1000217c:	1000b5fc 	.word	0x1000b5fc
10002180:	1000b648 	.word	0x1000b648

10002184 <watchdog_update>:
10002184:	4b02      	ldr	r3, [pc, #8]	@ (10002190 <watchdog_update+0xc>)
10002186:	681a      	ldr	r2, [r3, #0]
10002188:	4b02      	ldr	r3, [pc, #8]	@ (10002194 <watchdog_update+0x10>)
1000218a:	605a      	str	r2, [r3, #4]
1000218c:	4770      	bx	lr
1000218e:	bf00      	nop
10002190:	200026e8 	.word	0x200026e8
10002194:	400d8000 	.word	0x400d8000

10002198 <_watchdog_enable>:
10002198:	b508      	push	{r3, lr}
1000219a:	4b16      	ldr	r3, [pc, #88]	@ (100021f4 <_watchdog_enable+0x5c>)
1000219c:	f04f 4280 	mov.w	r2, #1073741824	@ 0x40000000
100021a0:	601a      	str	r2, [r3, #0]
100021a2:	f5a3 2341 	sub.w	r3, r3, #790528	@ 0xc1000
100021a6:	4a14      	ldr	r2, [pc, #80]	@ (100021f8 <_watchdog_enable+0x60>)
100021a8:	609a      	str	r2, [r3, #8]
100021aa:	b151      	cbz	r1, 100021c2 <_watchdog_enable+0x2a>
100021ac:	f503 2340 	add.w	r3, r3, #786432	@ 0xc0000
100021b0:	f04f 62e0 	mov.w	r2, #117440512	@ 0x7000000
100021b4:	601a      	str	r2, [r3, #0]
100021b6:	b948      	cbnz	r0, 100021cc <_watchdog_enable+0x34>
100021b8:	4b10      	ldr	r3, [pc, #64]	@ (100021fc <_watchdog_enable+0x64>)
100021ba:	f04f 4200 	mov.w	r2, #2147483648	@ 0x80000000
100021be:	601a      	str	r2, [r3, #0]
100021c0:	bd08      	pop	{r3, pc}
100021c2:	4b0c      	ldr	r3, [pc, #48]	@ (100021f4 <_watchdog_enable+0x5c>)
100021c4:	f04f 62e0 	mov.w	r2, #117440512	@ 0x7000000
100021c8:	601a      	str	r2, [r3, #0]
100021ca:	e7f4      	b.n	100021b6 <_watchdog_enable+0x1e>
100021cc:	f44f 737a 	mov.w	r3, #1000	@ 0x3e8
100021d0:	fb03 f000 	mul.w	r0, r3, r0
100021d4:	4b0a      	ldr	r3, [pc, #40]	@ (10002200 <_watchdog_enable+0x68>)
100021d6:	6018      	str	r0, [r3, #0]
100021d8:	f1b0 7f80 	cmp.w	r0, #16777216	@ 0x1000000
100021dc:	d302      	bcc.n	100021e4 <_watchdog_enable+0x4c>
100021de:	f06f 427f 	mvn.w	r2, #4278190080	@ 0xff000000
100021e2:	601a      	str	r2, [r3, #0]
100021e4:	f7ff ffce 	bl	10002184 <watchdog_update>
100021e8:	4b04      	ldr	r3, [pc, #16]	@ (100021fc <_watchdog_enable+0x64>)
100021ea:	f04f 4280 	mov.w	r2, #1073741824	@ 0x40000000
100021ee:	601a      	str	r2, [r3, #0]
100021f0:	e7e6      	b.n	100021c0 <_watchdog_enable+0x28>
100021f2:	bf00      	nop
100021f4:	400db000 	.word	0x400db000
100021f8:	01fffff3 	.word	0x01fffff3
100021fc:	400da000 	.word	0x400da000
10002200:	200026e8 	.word	0x200026e8

10002204 <watchdog_reboot>:
10002204:	b510      	push	{r4, lr}
10002206:	4b0c      	ldr	r3, [pc, #48]	@ (10002238 <watchdog_reboot+0x34>)
10002208:	f04f 4480 	mov.w	r4, #1073741824	@ 0x40000000
1000220c:	601c      	str	r4, [r3, #0]
1000220e:	b170      	cbz	r0, 1000222e <watchdog_reboot+0x2a>
10002210:	f040 0301 	orr.w	r3, r0, #1
10002214:	4809      	ldr	r0, [pc, #36]	@ (1000223c <watchdog_reboot+0x38>)
10002216:	4c0a      	ldr	r4, [pc, #40]	@ (10002240 <watchdog_reboot+0x3c>)
10002218:	61c4      	str	r4, [r0, #28]
1000221a:	4c0a      	ldr	r4, [pc, #40]	@ (10002244 <watchdog_reboot+0x40>)
1000221c:	405c      	eors	r4, r3
1000221e:	6204      	str	r4, [r0, #32]
10002220:	6241      	str	r1, [r0, #36]	@ 0x24
10002222:	6283      	str	r3, [r0, #40]	@ 0x28
10002224:	2100      	movs	r1, #0
10002226:	4610      	mov	r0, r2
10002228:	f7ff ffb6 	bl	10002198 <_watchdog_enable>
1000222c:	bd10      	pop	{r4, pc}
1000222e:	4b03      	ldr	r3, [pc, #12]	@ (1000223c <watchdog_reboot+0x38>)
10002230:	2100      	movs	r1, #0
10002232:	61d9      	str	r1, [r3, #28]
10002234:	e7f6      	b.n	10002224 <watchdog_reboot+0x20>
10002236:	bf00      	nop
10002238:	400db000 	.word	0x400db000
1000223c:	400d8000 	.word	0x400d8000
10002240:	b007c0d3 	.word	0xb007c0d3
10002244:	4ff83f2d 	.word	0x4ff83f2d

10002248 <tick_start>:
10002248:	4a05      	ldr	r2, [pc, #20]	@ (10002260 <tick_start+0x18>)
1000224a:	eb00 0340 	add.w	r3, r0, r0, lsl #1
1000224e:	eb02 0383 	add.w	r3, r2, r3, lsl #2
10002252:	6059      	str	r1, [r3, #4]
10002254:	eb00 0040 	add.w	r0, r0, r0, lsl #1
10002258:	0080      	lsls	r0, r0, #2
1000225a:	2301      	movs	r3, #1
1000225c:	5013      	str	r3, [r2, r0]
1000225e:	4770      	bx	lr
10002260:	40108000 	.word	0x40108000

10002264 <rom_reboot>:
10002264:	e92d 41f0 	stmdb	sp!, {r4, r5, r6, r7, r8, lr}
10002268:	4605      	mov	r5, r0
1000226a:	460e      	mov	r6, r1
1000226c:	4617      	mov	r7, r2
1000226e:	4698      	mov	r8, r3
10002270:	2300      	movs	r3, #0
10002272:	8adb      	ldrh	r3, [r3, #22]
10002274:	2200      	movs	r2, #0
10002276:	e842 f200 	tt	r2, r2
1000227a:	f412 0f80 	tst.w	r2, #4194304	@ 0x400000
1000227e:	d10b      	bne.n	10002298 <rom_reboot+0x34>
10002280:	2110      	movs	r1, #16
10002282:	f244 2052 	movw	r0, #16978	@ 0x4252
10002286:	4798      	blx	r3
10002288:	4604      	mov	r4, r0
1000228a:	4643      	mov	r3, r8
1000228c:	463a      	mov	r2, r7
1000228e:	4631      	mov	r1, r6
10002290:	4628      	mov	r0, r5
10002292:	47a0      	blx	r4
10002294:	e8bd 81f0 	ldmia.w	sp!, {r4, r5, r6, r7, r8, pc}
10002298:	2104      	movs	r1, #4
1000229a:	f244 2052 	movw	r0, #16978	@ 0x4252
1000229e:	4798      	blx	r3
100022a0:	4604      	mov	r4, r0
100022a2:	e7f2      	b.n	1000228a <rom_reboot+0x26>

100022a4 <rom_func_lookup>:
100022a4:	b508      	push	{r3, lr}
100022a6:	2300      	movs	r3, #0
100022a8:	8adb      	ldrh	r3, [r3, #22]
100022aa:	2200      	movs	r2, #0
100022ac:	e842 f200 	tt	r2, r2
100022b0:	f412 0f80 	tst.w	r2, #4194304	@ 0x400000
100022b4:	d102      	bne.n	100022bc <rom_func_lookup+0x18>
100022b6:	2110      	movs	r1, #16
100022b8:	4798      	blx	r3
100022ba:	bd08      	pop	{r3, pc}
100022bc:	2104      	movs	r1, #4
100022be:	4798      	blx	r3
100022c0:	e7fb      	b.n	100022ba <rom_func_lookup+0x16>

100022c2 <rom_reset_usb_boot_extra>:
100022c2:	b508      	push	{r3, lr}
100022c4:	1e03      	subs	r3, r0, #0
100022c6:	db04      	blt.n	100022d2 <rom_reset_usb_boot_extra+0x10>
100022c8:	f041 0020 	orr.w	r0, r1, #32
100022cc:	b13a      	cbz	r2, 100022de <rom_reset_usb_boot_extra+0x1c>
100022ce:	f041 0130 	orr.w	r1, r1, #48	@ 0x30
100022d2:	460a      	mov	r2, r1
100022d4:	210a      	movs	r1, #10
100022d6:	f44f 7081 	mov.w	r0, #258	@ 0x102
100022da:	f7ff ffc3 	bl	10002264 <rom_reboot>
100022de:	4601      	mov	r1, r0
100022e0:	e7f7      	b.n	100022d2 <rom_reset_usb_boot_extra+0x10>
	...

100022e4 <runtime_init_bootrom_locking_enable>:
100022e4:	4b03      	ldr	r3, [pc, #12]	@ (100022f4 <runtime_init_bootrom_locking_enable+0x10>)
100022e6:	f8d3 3828 	ldr.w	r3, [r3, #2088]	@ 0x828
100022ea:	2b00      	cmp	r3, #0
100022ec:	d0fa      	beq.n	100022e4 <runtime_init_bootrom_locking_enable>
100022ee:	f3bf 8f5f 	dmb	sy
100022f2:	4770      	bx	lr
100022f4:	400e0000 	.word	0x400e0000

100022f8 <boot_locks_reset>:
100022f8:	2200      	movs	r2, #0
100022fa:	e007      	b.n	1000230c <boot_locks_reset+0x14>
100022fc:	4b05      	ldr	r3, [pc, #20]	@ (10002314 <boot_locks_reset+0x1c>)
100022fe:	4413      	add	r3, r2
10002300:	009b      	lsls	r3, r3, #2
10002302:	f3bf 8f5f 	dmb	sy
10002306:	2100      	movs	r1, #0
10002308:	6019      	str	r1, [r3, #0]
1000230a:	3201      	adds	r2, #1
1000230c:	2a07      	cmp	r2, #7
1000230e:	d9f5      	bls.n	100022fc <boot_locks_reset+0x4>
10002310:	4770      	bx	lr
10002312:	bf00      	nop
10002314:	10038203 	.word	0x10038203

10002318 <runtime_init_boot_locks_reset>:
10002318:	b508      	push	{r3, lr}
1000231a:	f7ff ffed 	bl	100022f8 <boot_locks_reset>
1000231e:	bd08      	pop	{r3, pc}

10002320 <xosc_init>:
10002320:	4b07      	ldr	r3, [pc, #28]	@ (10002340 <xosc_init+0x20>)
10002322:	f44f 622a 	mov.w	r2, #2720	@ 0xaa0
10002326:	601a      	str	r2, [r3, #0]
10002328:	f44f 728d 	mov.w	r2, #282	@ 0x11a
1000232c:	60da      	str	r2, [r3, #12]
1000232e:	f503 5300 	add.w	r3, r3, #8192	@ 0x2000
10002332:	4a04      	ldr	r2, [pc, #16]	@ (10002344 <xosc_init+0x24>)
10002334:	601a      	str	r2, [r3, #0]
10002336:	4b02      	ldr	r3, [pc, #8]	@ (10002340 <xosc_init+0x20>)
10002338:	685b      	ldr	r3, [r3, #4]
1000233a:	2b00      	cmp	r3, #0
1000233c:	dafb      	bge.n	10002336 <xosc_init+0x16>
1000233e:	4770      	bx	lr
10002340:	40048000 	.word	0x40048000
10002344:	00fab000 	.word	0x00fab000

10002348 <runtime_run_initializers_from>:
10002348:	b510      	push	{r4, lr}
1000234a:	4604      	mov	r4, r0
1000234c:	e002      	b.n	10002354 <runtime_run_initializers_from+0xc>
1000234e:	f854 3b04 	ldr.w	r3, [r4], #4
10002352:	4798      	blx	r3
10002354:	4b01      	ldr	r3, [pc, #4]	@ (1000235c <runtime_run_initializers_from+0x14>)
10002356:	429c      	cmp	r4, r3
10002358:	d3f9      	bcc.n	1000234e <runtime_run_initializers_from+0x6>
1000235a:	bd10      	pop	{r4, pc}
1000235c:	1000b050 	.word	0x1000b050

10002360 <first_per_core_initializer>:
10002360:	4770      	bx	lr
	...

10002364 <runtime_run_initializers>:
10002364:	b508      	push	{r3, lr}
10002366:	4802      	ldr	r0, [pc, #8]	@ (10002370 <runtime_run_initializers+0xc>)
10002368:	f7ff ffee 	bl	10002348 <runtime_run_initializers_from>
1000236c:	bd08      	pop	{r3, pc}
1000236e:	bf00      	nop
10002370:	1000b010 	.word	0x1000b010

10002374 <runtime_run_per_core_initializers>:
10002374:	b508      	push	{r3, lr}
10002376:	4802      	ldr	r0, [pc, #8]	@ (10002380 <runtime_run_per_core_initializers+0xc>)
10002378:	f7ff ffe6 	bl	10002348 <runtime_run_initializers_from>
1000237c:	bd08      	pop	{r3, pc}
1000237e:	bf00      	nop
10002380:	1000b03c 	.word	0x1000b03c

10002384 <runtime_init_early_resets>:
10002384:	4b06      	ldr	r3, [pc, #24]	@ (100023a0 <runtime_init_early_resets+0x1c>)
10002386:	4a07      	ldr	r2, [pc, #28]	@ (100023a4 <runtime_init_early_resets+0x20>)
10002388:	601a      	str	r2, [r3, #0]
1000238a:	f503 5380 	add.w	r3, r3, #4096	@ 0x1000
1000238e:	4a06      	ldr	r2, [pc, #24]	@ (100023a8 <runtime_init_early_resets+0x24>)
10002390:	601a      	str	r2, [r3, #0]
10002392:	4b06      	ldr	r3, [pc, #24]	@ (100023ac <runtime_init_early_resets+0x28>)
10002394:	689a      	ldr	r2, [r3, #8]
10002396:	4b04      	ldr	r3, [pc, #16]	@ (100023a8 <runtime_init_early_resets+0x24>)
10002398:	4393      	bics	r3, r2
1000239a:	d1fa      	bne.n	10002392 <runtime_init_early_resets+0xe>
1000239c:	4770      	bx	lr
1000239e:	bf00      	nop
100023a0:	40022000 	.word	0x40022000
100023a4:	efef3b7f 	.word	0xefef3b7f
100023a8:	03f3fff6 	.word	0x03f3fff6
100023ac:	40020000 	.word	0x40020000

100023b0 <runtime_init_usb_power_down>:
100023b0:	4b05      	ldr	r3, [pc, #20]	@ (100023c8 <runtime_init_usb_power_down+0x18>)
100023b2:	6cdb      	ldr	r3, [r3, #76]	@ 0x4c
100023b4:	f5b3 4f00 	cmp.w	r3, #32768	@ 0x8000
100023b8:	d000      	beq.n	100023bc <runtime_init_usb_power_down+0xc>
100023ba:	4770      	bx	lr
100023bc:	4b03      	ldr	r3, [pc, #12]	@ (100023cc <runtime_init_usb_power_down+0x1c>)
100023be:	f44f 2280 	mov.w	r2, #262144	@ 0x40000
100023c2:	64da      	str	r2, [r3, #76]	@ 0x4c
100023c4:	e7f9      	b.n	100023ba <runtime_init_usb_power_down+0xa>
100023c6:	bf00      	nop
100023c8:	50110000 	.word	0x50110000
100023cc:	50112000 	.word	0x50112000

100023d0 <runtime_init_per_core_enable_coprocessors>:
100023d0:	f04f 22e0 	mov.w	r2, #3758153728	@ 0xe000e000
100023d4:	f8d2 1d88 	ldr.w	r1, [r2, #3464]	@ 0xd88
100023d8:	4b03      	ldr	r3, [pc, #12]	@ (100023e8 <runtime_init_per_core_enable_coprocessors+0x18>)
100023da:	430b      	orrs	r3, r1
100023dc:	f8c2 3d88 	str.w	r3, [r2, #3464]	@ 0xd88
100023e0:	ee10 0430 			dcp_rcmp r0
100023e4:	4770      	bx	lr
100023e6:	bf00      	nop
100023e8:	00300303 	.word	0x00300303

100023ec <runtime_init_post_clock_resets>:
100023ec:	4b05      	ldr	r3, [pc, #20]	@ (10002404 <runtime_init_post_clock_resets+0x18>)
100023ee:	f06f 4260 	mvn.w	r2, #3758096384	@ 0xe0000000
100023f2:	601a      	str	r2, [r3, #0]
100023f4:	4b04      	ldr	r3, [pc, #16]	@ (10002408 <runtime_init_post_clock_resets+0x1c>)
100023f6:	689b      	ldr	r3, [r3, #8]
100023f8:	43db      	mvns	r3, r3
100023fa:	f033 4360 	bics.w	r3, r3, #3758096384	@ 0xe0000000
100023fe:	d1f9      	bne.n	100023f4 <runtime_init_post_clock_resets+0x8>
10002400:	4770      	bx	lr
10002402:	bf00      	nop
10002404:	40023000 	.word	0x40023000
10002408:	40020000 	.word	0x40020000

1000240c <runtime_init_bootrom_reset>:
1000240c:	b508      	push	{r3, lr}
1000240e:	f245 2053 	movw	r0, #21075	@ 0x5253
10002412:	f7ff ff47 	bl	100022a4 <rom_func_lookup>
10002416:	4603      	mov	r3, r0
10002418:	2004      	movs	r0, #4
1000241a:	4798      	blx	r3
1000241c:	bd08      	pop	{r3, pc}

1000241e <runtime_init_per_core_bootrom_reset>:
1000241e:	b508      	push	{r3, lr}
10002420:	f245 2053 	movw	r0, #21075	@ 0x5253
10002424:	f7ff ff3e 	bl	100022a4 <rom_func_lookup>
10002428:	4603      	mov	r3, r0
1000242a:	2001      	movs	r0, #1
1000242c:	4798      	blx	r3
1000242e:	bd08      	pop	{r3, pc}

10002430 <runtime_init_spin_locks_reset>:
10002430:	b508      	push	{r3, lr}
10002432:	f7fe fd8b 	bl	10000f4c <spin_locks_reset>
10002436:	bd08      	pop	{r3, pc}

10002438 <runtime_init_install_ram_vector_table>:
10002438:	b510      	push	{r4, lr}
1000243a:	490c      	ldr	r1, [pc, #48]	@ (1000246c <runtime_init_install_ram_vector_table+0x34>)
1000243c:	4a0c      	ldr	r2, [pc, #48]	@ (10002470 <runtime_init_install_ram_vector_table+0x38>)
1000243e:	1a52      	subs	r2, r2, r1
10002440:	1092      	asrs	r2, r2, #2
10002442:	4614      	mov	r4, r2
10002444:	2a44      	cmp	r2, #68	@ 0x44
10002446:	bf28      	it	cs
10002448:	2244      	movcs	r2, #68	@ 0x44
1000244a:	0092      	lsls	r2, r2, #2
1000244c:	4809      	ldr	r0, [pc, #36]	@ (10002474 <runtime_init_install_ram_vector_table+0x3c>)
1000244e:	f007 f9f1 	bl	10009834 <memcpy>
10002452:	e004      	b.n	1000245e <runtime_init_install_ram_vector_table+0x26>
10002454:	4a08      	ldr	r2, [pc, #32]	@ (10002478 <runtime_init_install_ram_vector_table+0x40>)
10002456:	4b07      	ldr	r3, [pc, #28]	@ (10002474 <runtime_init_install_ram_vector_table+0x3c>)
10002458:	f843 2024 	str.w	r2, [r3, r4, lsl #2]
1000245c:	3401      	adds	r4, #1
1000245e:	2c43      	cmp	r4, #67	@ 0x43
10002460:	d9f8      	bls.n	10002454 <runtime_init_install_ram_vector_table+0x1c>
10002462:	4a04      	ldr	r2, [pc, #16]	@ (10002474 <runtime_init_install_ram_vector_table+0x3c>)
10002464:	4b05      	ldr	r3, [pc, #20]	@ (1000247c <runtime_init_install_ram_vector_table+0x44>)
10002466:	609a      	str	r2, [r3, #8]
10002468:	bd10      	pop	{r4, pc}
1000246a:	bf00      	nop
1000246c:	10000000 	.word	0x10000000
10002470:	10000110 	.word	0x10000110
10002474:	20000000 	.word	0x20000000
10002478:	10000111 	.word	0x10000111
1000247c:	e000ed00 	.word	0xe000ed00

10002480 <start_all_ticks>:
10002480:	b538      	push	{r3, r4, r5, lr}
10002482:	2004      	movs	r0, #4
10002484:	f7ff fdf4 	bl	10002070 <clock_get_hz>
10002488:	4b06      	ldr	r3, [pc, #24]	@ (100024a4 <start_all_ticks+0x24>)
1000248a:	fba3 3500 	umull	r3, r5, r3, r0
1000248e:	0cad      	lsrs	r5, r5, #18
10002490:	2400      	movs	r4, #0
10002492:	e004      	b.n	1000249e <start_all_ticks+0x1e>
10002494:	4629      	mov	r1, r5
10002496:	b2e0      	uxtb	r0, r4
10002498:	f7ff fed6 	bl	10002248 <tick_start>
1000249c:	3401      	adds	r4, #1
1000249e:	2c05      	cmp	r4, #5
100024a0:	ddf8      	ble.n	10002494 <start_all_ticks+0x14>
100024a2:	bd38      	pop	{r3, r4, r5, pc}
100024a4:	431bde83 	.word	0x431bde83

100024a8 <runtime_init_clocks>:
100024a8:	b530      	push	{r4, r5, lr}
100024aa:	b083      	sub	sp, #12
100024ac:	4b26      	ldr	r3, [pc, #152]	@ (10002548 <runtime_init_clocks+0xa0>)
100024ae:	2200      	movs	r2, #0
100024b0:	f8c3 2084 	str.w	r2, [r3, #132]	@ 0x84
100024b4:	f7ff ff34 	bl	10002320 <xosc_init>
100024b8:	4b24      	ldr	r3, [pc, #144]	@ (1000254c <runtime_init_clocks+0xa4>)
100024ba:	2201      	movs	r2, #1
100024bc:	63da      	str	r2, [r3, #60]	@ 0x3c
100024be:	4b22      	ldr	r3, [pc, #136]	@ (10002548 <runtime_init_clocks+0xa0>)
100024c0:	6c5b      	ldr	r3, [r3, #68]	@ 0x44
100024c2:	2b01      	cmp	r3, #1
100024c4:	d1fb      	bne.n	100024be <runtime_init_clocks+0x16>
100024c6:	4b21      	ldr	r3, [pc, #132]	@ (1000254c <runtime_init_clocks+0xa4>)
100024c8:	2203      	movs	r2, #3
100024ca:	631a      	str	r2, [r3, #48]	@ 0x30
100024cc:	4b1e      	ldr	r3, [pc, #120]	@ (10002548 <runtime_init_clocks+0xa0>)
100024ce:	6b9b      	ldr	r3, [r3, #56]	@ 0x38
100024d0:	2b01      	cmp	r3, #1
100024d2:	d1fb      	bne.n	100024cc <runtime_init_clocks+0x24>
100024d4:	2402      	movs	r4, #2
100024d6:	9400      	str	r4, [sp, #0]
100024d8:	2305      	movs	r3, #5
100024da:	4a1d      	ldr	r2, [pc, #116]	@ (10002550 <runtime_init_clocks+0xa8>)
100024dc:	2101      	movs	r1, #1
100024de:	481d      	ldr	r0, [pc, #116]	@ (10002554 <runtime_init_clocks+0xac>)
100024e0:	f7ff fdcc 	bl	1000207c <pll_init>
100024e4:	2505      	movs	r5, #5
100024e6:	9500      	str	r5, [sp, #0]
100024e8:	462b      	mov	r3, r5
100024ea:	4a1b      	ldr	r2, [pc, #108]	@ (10002558 <runtime_init_clocks+0xb0>)
100024ec:	2101      	movs	r1, #1
100024ee:	481b      	ldr	r0, [pc, #108]	@ (1000255c <runtime_init_clocks+0xb4>)
100024f0:	f7ff fdc4 	bl	1000207c <pll_init>
100024f4:	4b1a      	ldr	r3, [pc, #104]	@ (10002560 <runtime_init_clocks+0xb8>)
100024f6:	2200      	movs	r2, #0
100024f8:	4621      	mov	r1, r4
100024fa:	2004      	movs	r0, #4
100024fc:	f7ff fdae 	bl	1000205c <clock_configure_undivided>
10002500:	4c18      	ldr	r4, [pc, #96]	@ (10002564 <runtime_init_clocks+0xbc>)
10002502:	4623      	mov	r3, r4
10002504:	2200      	movs	r2, #0
10002506:	2101      	movs	r1, #1
10002508:	4628      	mov	r0, r5
1000250a:	f7ff fda7 	bl	1000205c <clock_configure_undivided>
1000250e:	4d16      	ldr	r5, [pc, #88]	@ (10002568 <runtime_init_clocks+0xc0>)
10002510:	462b      	mov	r3, r5
10002512:	2200      	movs	r2, #0
10002514:	4611      	mov	r1, r2
10002516:	2008      	movs	r0, #8
10002518:	f7ff fda0 	bl	1000205c <clock_configure_undivided>
1000251c:	462b      	mov	r3, r5
1000251e:	2200      	movs	r2, #0
10002520:	4611      	mov	r1, r2
10002522:	2009      	movs	r0, #9
10002524:	f7ff fd9a 	bl	1000205c <clock_configure_undivided>
10002528:	4623      	mov	r3, r4
1000252a:	2200      	movs	r2, #0
1000252c:	4611      	mov	r1, r2
1000252e:	2006      	movs	r0, #6
10002530:	f7ff fd94 	bl	1000205c <clock_configure_undivided>
10002534:	4623      	mov	r3, r4
10002536:	2200      	movs	r2, #0
10002538:	4611      	mov	r1, r2
1000253a:	2007      	movs	r0, #7
1000253c:	f7ff fd8e 	bl	1000205c <clock_configure_undivided>
10002540:	f7ff ff9e 	bl	10002480 <start_all_ticks>
10002544:	b003      	add	sp, #12
10002546:	bd30      	pop	{r4, r5, pc}
10002548:	40010000 	.word	0x40010000
1000254c:	40013000 	.word	0x40013000
10002550:	59682f00 	.word	0x59682f00
10002554:	40050000 	.word	0x40050000
10002558:	47868c00 	.word	0x47868c00
1000255c:	40058000 	.word	0x40058000
10002560:	00b71b00 	.word	0x00b71b00
10002564:	08f0d180 	.word	0x08f0d180
10002568:	02dc6c00 	.word	0x02dc6c00

1000256c <generic_save_state>:
1000256c:	b086      	sub	sp, #24
1000256e:	b403      	push	{r0, r1}
10002570:	fc51 0408 	dcp_pxmd r0, r1
10002574:	e9cd 0102 	strd	r0, r1, [sp, #8]
10002578:	fc51 0409 	dcp_pymd r0, r1
1000257c:	e9cd 0104 	strd	r0, r1, [sp, #16]
10002580:	ec51 040a 	dcp_refd r0, r1
10002584:	e9cd 0106 	strd	r0, r1, [sp, #24]
10002588:	bc03      	pop	{r0, r1}
1000258a:	47f0      	blx	lr

1000258c <generic_restore_state>:
1000258c:	e8bd 5000 	ldmia.w	sp!, {ip, lr}
10002590:	ec4e c400 	dcp_wxmd ip, lr
10002594:	e8bd 5000 	ldmia.w	sp!, {ip, lr}
10002598:	ec4e c401 	dcp_wymd ip, lr
1000259c:	e8bd 5000 	ldmia.w	sp!, {ip, lr}
100025a0:	ec4e c402 	dcp_wefd ip, lr
100025a4:	bd00      	pop	{pc}
100025a6:	0000      	movs	r0, r0
100025a8:	b500      	push	{lr}
100025aa:	f7ff ffdf 	bl	1000256c <generic_save_state>
100025ae:	e002      	b.n	100025b6 <__wrap___aeabi_dadd+0x6>

100025b0 <__wrap___aeabi_dadd>:
100025b0:	fe10 f430 	dcp_pcmp APSR_nzcv
100025b4:	d4f8      	bmi.n	100025a8 <generic_restore_state+0x1c>
100025b6:	ec41 0410 	dcp_wxup r0, r1
100025ba:	ec43 2411 	dcp_wyup r2, r3
100025be:	ee00 0401 			dcp_add0
100025c2:	ee10 0401 			dcp_add1
100025c6:	ee80 0420 			dcp_nrdd
100025ca:	ec51 0410 	dcp_rdda r0, r1
100025ce:	4770      	bx	lr
100025d0:	b500      	push	{lr}
100025d2:	f7ff ffcb 	bl	1000256c <generic_save_state>
100025d6:	e002      	b.n	100025de <__wrap___aeabi_dsub+0x6>

100025d8 <__wrap___aeabi_dsub>:
100025d8:	fe10 f430 	dcp_pcmp APSR_nzcv
100025dc:	d4f8      	bmi.n	100025d0 <__wrap___aeabi_dadd+0x20>
100025de:	ec41 0410 	dcp_wxup r0, r1
100025e2:	ec43 2411 	dcp_wyup r2, r3
100025e6:	ee00 0401 			dcp_add0
100025ea:	ee10 0421 			dcp_sub1
100025ee:	ee80 0420 			dcp_nrdd
100025f2:	ec51 0430 	dcp_rdds r0, r1
100025f6:	4770      	bx	lr
100025f8:	b500      	push	{lr}
100025fa:	f7ff ffb7 	bl	1000256c <generic_save_state>
100025fe:	e002      	b.n	10002606 <__wrap___aeabi_dmul+0x6>

10002600 <__wrap___aeabi_dmul>:
10002600:	fe10 f430 	dcp_pcmp APSR_nzcv
10002604:	d4f8      	bmi.n	100025f8 <__wrap___aeabi_dsub+0x20>
10002606:	b510      	push	{r4, lr}
10002608:	ec41 0410 	dcp_wxup r0, r1
1000260c:	ec43 2411 	dcp_wyup r2, r3
10002610:	ec51 0404 	dcp_rxms r0, r1, #0x0
10002614:	ec53 2405 	dcp_ryms r2, r3, #0x0
10002618:	fba0 4c02 	umull	r4, ip, r0, r2
1000261c:	f05f 0e00 	movs.w	lr, #0
10002620:	fbe0 ce03 	umlal	ip, lr, r0, r3
10002624:	fbe1 ce02 	umlal	ip, lr, r1, r2
10002628:	ec4c 4420 	dcp_wxms r4, ip
1000262c:	2400      	movs	r4, #0
1000262e:	fbe1 e403 	umlal	lr, r4, r1, r3
10002632:	ec44 e430 	dcp_wxmo lr, r4
10002636:	ee80 0420 			dcp_nrdd
1000263a:	ec51 0450 	dcp_rddm r0, r1
1000263e:	e8bd 4010 	ldmia.w	sp!, {r4, lr}
10002642:	4770      	bx	lr
10002644:	b500      	push	{lr}
10002646:	f7ff ff91 	bl	1000256c <generic_save_state>
1000264a:	e002      	b.n	10002652 <__wrap___aeabi_ddiv+0x6>

1000264c <__wrap___aeabi_ddiv>:
1000264c:	fe10 f430 	dcp_pcmp APSR_nzcv
10002650:	d4f8      	bmi.n	10002644 <__wrap___aeabi_dmul+0x44>
10002652:	ec41 0410 	dcp_wxup r0, r1
10002656:	ec43 2411 	dcp_wyup r2, r3
1000265a:	ec51 0421 	dcp_rymr r0, r1
1000265e:	fba0 1201 	umull	r1, r2, r0, r1
10002662:	ea6f 0282 	mvn.w	r2, r2, lsl #2
10002666:	fb52 0010 	smmlar	r0, r2, r0, r0
1000266a:	fb52 f212 	smmulr	r2, r2, r2
1000266e:	fb52 0010 	smmlar	r0, r2, r0, r0
10002672:	eba0 7cd0 	sub.w	ip, r0, r0, lsr #31
10002676:	ec53 2404 	dcp_rxms r2, r3, #0x0
1000267a:	fb5c f113 	smmulr	r1, ip, r3
1000267e:	ec53 2415 	dcp_ryms r2, r3, #0x1
10002682:	fba1 2002 	umull	r2, r0, r1, r2
10002686:	fb01 0003 	mla	r0, r1, r3, r0
1000268a:	ec53 2444 	dcp_rxms r2, r3, #0x4
1000268e:	eba2 0000 	sub.w	r0, r2, r0
10002692:	fb50 f21c 	smmulr	r2, r0, ip
10002696:	ea4f 1311 	mov.w	r3, r1, lsr #4
1000269a:	eb12 7001 	adds.w	r0, r2, r1, lsl #28
1000269e:	eb43 71e2 	adc.w	r1, r3, r2, asr #31
100026a2:	ea40 5051 	orr.w	r0, r0, r1, lsr #21
100026a6:	ea20 5091 	bic.w	r0, r0, r1, lsr #22
100026aa:	f020 0007 	bic.w	r0, r0, #7
100026ae:	ec53 2475 	dcp_ryms r2, r3, #0x7
100026b2:	fba0 3c02 	umull	r3, ip, r0, r2
100026b6:	ec53 2475 	dcp_ryms r2, r3, #0x7
100026ba:	fb00 cc03 	mla	ip, r0, r3, ip
100026be:	fb01 cc02 	mla	ip, r1, r2, ip
100026c2:	ec53 2404 	dcp_rxms r2, r3, #0x0
100026c6:	ebac 4c82 	sub.w	ip, ip, r2, lsl #18
100026ca:	ea40 705c 	orr.w	r0, r0, ip, lsr #29
100026ce:	f1a0 0001 	sub.w	r0, r0, #1
100026d2:	ec41 0440 	dcp_wxdd r0, r1
100026d6:	ee80 0420 			dcp_nrdd
100026da:	ec51 0470 	dcp_rddd r0, r1
100026de:	4770      	bx	lr
100026e0:	b500      	push	{lr}
100026e2:	f7ff ff43 	bl	1000256c <generic_save_state>
100026e6:	e002      	b.n	100026ee <__wrap___aeabi_d2f+0x6>

100026e8 <__wrap___aeabi_d2f>:
100026e8:	fe10 f430 	dcp_pcmp APSR_nzcv
100026ec:	d4f8      	bmi.n	100026e0 <__wrap___aeabi_ddiv+0x94>
100026ee:	ec41 0410 	dcp_wxup r0, r1
100026f2:	ee80 0422 			dcp_nrdf
100026f6:	ee10 04b2 			dcp_rdfg r0
100026fa:	4770      	bx	lr
100026fc:	b500      	push	{lr}
100026fe:	f7ff ff35 	bl	1000256c <generic_save_state>
10002702:	e002      	b.n	1000270a <__wrap___aeabi_i2d+0x6>

10002704 <__wrap___aeabi_i2d>:
10002704:	fe10 f430 	dcp_pcmp APSR_nzcv
10002708:	d4f8      	bmi.n	100026fc <__wrap___aeabi_d2f+0x14>
1000270a:	ec40 0470 	dcp_wxic r0, r0
1000270e:	ee00 0401 			dcp_add0
10002712:	ee10 0421 			dcp_sub1
10002716:	ee80 0420 			dcp_nrdd
1000271a:	ec51 0430 	dcp_rdds r0, r1
1000271e:	4770      	bx	lr
10002720:	b500      	push	{lr}
10002722:	f7ff ff23 	bl	1000256c <generic_save_state>
10002726:	e002      	b.n	1000272e <__wrap___aeabi_ui2d+0x6>

10002728 <__wrap___aeabi_ui2d>:
10002728:	fe10 f430 	dcp_pcmp APSR_nzcv
1000272c:	d4f8      	bmi.n	10002720 <__wrap___aeabi_i2d+0x1c>
1000272e:	ec40 0460 	dcp_wxuc r0, r0
10002732:	ee00 0401 			dcp_add0
10002736:	ee10 0421 			dcp_sub1
1000273a:	ee80 0420 			dcp_nrdd
1000273e:	ec51 0430 	dcp_rdds r0, r1
10002742:	4770      	bx	lr
10002744:	b500      	push	{lr}
10002746:	f7ff ff11 	bl	1000256c <generic_save_state>
1000274a:	e002      	b.n	10002752 <double2int_z_entry>

1000274c <__wrap___aeabi_d2iz>:
1000274c:	fe10 f430 	dcp_pcmp APSR_nzcv
10002750:	d4f8      	bmi.n	10002744 <__wrap___aeabi_ui2d+0x1c>

10002752 <double2int_z_entry>:
10002752:	ec41 0480 	dcp_wxdc r0, r1
10002756:	ee00 0401 			dcp_add0
1000275a:	ee10 0401 			dcp_add1
1000275e:	ee80 0440 			dcp_ntdc
10002762:	ee10 0413 			dcp_rdic r0
10002766:	4770      	bx	lr
10002768:	b500      	push	{lr}
1000276a:	f7ff feff 	bl	1000256c <generic_save_state>
1000276e:	e002      	b.n	10002776 <double2uint_z_entry>

10002770 <__wrap___aeabi_d2uiz>:
10002770:	fe10 f430 	dcp_pcmp APSR_nzcv
10002774:	d4f8      	bmi.n	10002768 <double2int_z_entry+0x16>

10002776 <double2uint_z_entry>:
10002776:	ec41 0480 	dcp_wxdc r0, r1
1000277a:	ee00 0401 			dcp_add0
1000277e:	ee10 0401 			dcp_add1
10002782:	ee80 0440 			dcp_ntdc
10002786:	ee10 0433 			dcp_rduc r0
1000278a:	4770      	bx	lr
1000278c:	b500      	push	{lr}
1000278e:	f7ff feed 	bl	1000256c <generic_save_state>
10002792:	e002      	b.n	1000279a <__wrap___aeabi_dcmpun+0x6>

10002794 <__wrap___aeabi_dcmpun>:
10002794:	fe10 f430 	dcp_pcmp APSR_nzcv
10002798:	d4f8      	bmi.n	1000278c <double2uint_z_entry+0x16>
1000279a:	ec41 0410 	dcp_wxup r0, r1
1000279e:	ec43 2411 	dcp_wyup r2, r3
100027a2:	ee00 0401 			dcp_add0
100027a6:	ee10 0430 			dcp_rcmp r0
100027aa:	f3c0 7000 	ubfx	r0, r0, #28, #1
100027ae:	4770      	bx	lr
100027b0:	b500      	push	{lr}
100027b2:	f7ff fedb 	bl	1000256c <generic_save_state>
100027b6:	e002      	b.n	100027be <__wrap___aeabi_dcmpeq+0x6>

100027b8 <__wrap___aeabi_dcmpeq>:
100027b8:	fe10 f430 	dcp_pcmp APSR_nzcv
100027bc:	d4f8      	bmi.n	100027b0 <__wrap___aeabi_dcmpun+0x1c>
100027be:	ec41 0410 	dcp_wxup r0, r1
100027c2:	ec43 2411 	dcp_wyup r2, r3
100027c6:	ee00 0401 			dcp_add0
100027ca:	ee10 0430 			dcp_rcmp r0
100027ce:	f3c0 7080 	ubfx	r0, r0, #30, #1
100027d2:	4770      	bx	lr
100027d4:	b500      	push	{lr}
100027d6:	f7ff fec9 	bl	1000256c <generic_save_state>
100027da:	e002      	b.n	100027e2 <__wrap___aeabi_dcmplt+0x6>

100027dc <__wrap___aeabi_dcmplt>:
100027dc:	fe10 f430 	dcp_pcmp APSR_nzcv
100027e0:	d4f8      	bmi.n	100027d4 <__wrap___aeabi_dcmpeq+0x1c>
100027e2:	ec43 2410 	dcp_wxup r2, r3
100027e6:	ec41 0411 	dcp_wyup r0, r1
100027ea:	ee00 0401 			dcp_add0
100027ee:	ee10 f430 			dcp_rcmp APSR_nzcv
100027f2:	bf8c      	ite	hi
100027f4:	2001      	movhi	r0, #1
100027f6:	2000      	movls	r0, #0
100027f8:	4770      	bx	lr
100027fa:	bf00      	nop
100027fc:	b500      	push	{lr}
100027fe:	f7ff feb5 	bl	1000256c <generic_save_state>
10002802:	e002      	b.n	1000280a <__wrap___aeabi_dcmple+0x6>

10002804 <__wrap___aeabi_dcmple>:
10002804:	fe10 f430 	dcp_pcmp APSR_nzcv
10002808:	d4f8      	bmi.n	100027fc <__wrap___aeabi_dcmplt+0x20>
1000280a:	ec43 2410 	dcp_wxup r2, r3
1000280e:	ec41 0411 	dcp_wyup r0, r1
10002812:	ee00 0401 			dcp_add0
10002816:	ee10 f430 			dcp_rcmp APSR_nzcv
1000281a:	bf2c      	ite	cs
1000281c:	2001      	movcs	r0, #1
1000281e:	2000      	movcc	r0, #0
10002820:	4770      	bx	lr
10002822:	bf00      	nop
10002824:	b500      	push	{lr}
10002826:	f7ff fea1 	bl	1000256c <generic_save_state>
1000282a:	e002      	b.n	10002832 <__wrap___aeabi_dcmpge+0x6>

1000282c <__wrap___aeabi_dcmpge>:
1000282c:	fe10 f430 	dcp_pcmp APSR_nzcv
10002830:	d4f8      	bmi.n	10002824 <__wrap___aeabi_dcmple+0x20>
10002832:	ec41 0410 	dcp_wxup r0, r1
10002836:	ec43 2411 	dcp_wyup r2, r3
1000283a:	ee00 0401 			dcp_add0
1000283e:	ee10 f430 			dcp_rcmp APSR_nzcv
10002842:	bf2c      	ite	cs
10002844:	2001      	movcs	r0, #1
10002846:	2000      	movcc	r0, #0
10002848:	4770      	bx	lr
1000284a:	bf00      	nop
1000284c:	b500      	push	{lr}
1000284e:	f7ff fe8d 	bl	1000256c <generic_save_state>
10002852:	e002      	b.n	1000285a <__wrap___aeabi_dcmpgt+0x6>

10002854 <__wrap___aeabi_dcmpgt>:
10002854:	fe10 f430 	dcp_pcmp APSR_nzcv
10002858:	d4f8      	bmi.n	1000284c <__wrap___aeabi_dcmpge+0x20>
1000285a:	ec41 0410 	dcp_wxup r0, r1
1000285e:	ec43 2411 	dcp_wyup r2, r3
10002862:	ee00 0401 			dcp_add0
10002866:	ee10 f430 			dcp_rcmp APSR_nzcv
1000286a:	bf8c      	ite	hi
1000286c:	2001      	movhi	r0, #1
1000286e:	2000      	movls	r0, #0
10002870:	4770      	bx	lr
10002872:	bf00      	nop

10002874 <__wrap___aeabi_l2d>:
10002874:	2200      	movs	r2, #0

10002876 <fix642double>:
10002876:	2900      	cmp	r1, #0
10002878:	da50      	bge.n	1000291c <ufix642double>
1000287a:	4240      	negs	r0, r0
1000287c:	eb61 0141 	sbc.w	r1, r1, r1, lsl #1
10002880:	b1c9      	cbz	r1, 100028b6 <fix642double+0x40>
10002882:	fab1 f381 	clz	r3, r1
10002886:	3b0b      	subs	r3, #11
10002888:	d417      	bmi.n	100028ba <fix642double+0x44>
1000288a:	f1d3 0c20 	rsbs	ip, r3, #32
1000288e:	fa30 fc0c 	lsrs.w	ip, r0, ip
10002892:	4098      	lsls	r0, r3
10002894:	4099      	lsls	r1, r3
10002896:	ea51 010c 	orrs.w	r1, r1, ip
1000289a:	441a      	add	r2, r3
1000289c:	4252      	negs	r2, r2
1000289e:	f202 4232 	addw	r2, r2, #1074	@ 0x432
100028a2:	eb01 5102 	add.w	r1, r1, r2, lsl #20
100028a6:	f041 4100 	orr.w	r1, r1, #2147483648	@ 0x80000000
100028aa:	f240 73fe 	movw	r3, #2046	@ 0x7fe
100028ae:	429a      	cmp	r2, r3
100028b0:	bf38      	it	cc
100028b2:	4770      	bxcc	lr
100028b4:	e021      	b.n	100028fa <fix642double+0x84>
100028b6:	4611      	mov	r1, r2
100028b8:	e07e      	b.n	100029b8 <fix2double_neg>
100028ba:	f103 0321 	add.w	r3, r3, #33	@ 0x21
100028be:	fa10 fc03 	lsls.w	ip, r0, r3
100028c2:	f1a3 0301 	sub.w	r3, r3, #1
100028c6:	fa01 fc03 	lsl.w	ip, r1, r3
100028ca:	f1c3 0320 	rsb	r3, r3, #32
100028ce:	fa20 f003 	lsr.w	r0, r0, r3
100028d2:	fa21 f103 	lsr.w	r1, r1, r3
100028d6:	ea40 000c 	orr.w	r0, r0, ip
100028da:	eba3 0202 	sub.w	r2, r3, r2
100028de:	f202 4232 	addw	r2, r2, #1074	@ 0x432
100028e2:	d014      	beq.n	1000290e <fix642double+0x98>
100028e4:	f150 0000 	adcs.w	r0, r0, #0
100028e8:	eb41 5102 	adc.w	r1, r1, r2, lsl #20
100028ec:	f041 4100 	orr.w	r1, r1, #2147483648	@ 0x80000000
100028f0:	f240 73fe 	movw	r3, #2046	@ 0x7fe
100028f4:	429a      	cmp	r2, r3
100028f6:	bf38      	it	cc
100028f8:	4770      	bxcc	lr
100028fa:	f04f 0100 	mov.w	r1, #0
100028fe:	bfa8      	it	ge
10002900:	f6c7 71f0 	movtge	r1, #32752	@ 0x7ff0
10002904:	f04f 0000 	mov.w	r0, #0
10002908:	4770      	bx	lr
1000290a:	2100      	movs	r1, #0
1000290c:	4770      	bx	lr
1000290e:	d3eb      	bcc.n	100028e8 <fix642double+0x72>
10002910:	f150 0000 	adcs.w	r0, r0, #0
10002914:	f020 0001 	bic.w	r0, r0, #1
10002918:	e7e6      	b.n	100028e8 <fix642double+0x72>

1000291a <__wrap___aeabi_ul2d>:
1000291a:	2200      	movs	r2, #0

1000291c <ufix642double>:
1000291c:	b1b9      	cbz	r1, 1000294e <ufix642double+0x32>
1000291e:	fab1 f381 	clz	r3, r1
10002922:	3b0b      	subs	r3, #11
10002924:	d416      	bmi.n	10002954 <ufix642double+0x38>
10002926:	f1d3 0c20 	rsbs	ip, r3, #32
1000292a:	fa30 fc0c 	lsrs.w	ip, r0, ip
1000292e:	4098      	lsls	r0, r3
10002930:	4099      	lsls	r1, r3
10002932:	ea51 010c 	orrs.w	r1, r1, ip
10002936:	441a      	add	r2, r3
10002938:	4252      	negs	r2, r2
1000293a:	f202 4232 	addw	r2, r2, #1074	@ 0x432
1000293e:	eb01 5102 	add.w	r1, r1, r2, lsl #20
10002942:	f240 73fe 	movw	r3, #2046	@ 0x7fe
10002946:	429a      	cmp	r2, r3
10002948:	bf38      	it	cc
1000294a:	4770      	bxcc	lr
1000294c:	e020      	b.n	10002990 <ufix642double+0x74>
1000294e:	4611      	mov	r1, r2
10002950:	f000 b866 	b.w	10002a20 <ufix2double>
10002954:	f103 0321 	add.w	r3, r3, #33	@ 0x21
10002958:	fa10 fc03 	lsls.w	ip, r0, r3
1000295c:	f1a3 0301 	sub.w	r3, r3, #1
10002960:	fa01 fc03 	lsl.w	ip, r1, r3
10002964:	f1c3 0320 	rsb	r3, r3, #32
10002968:	fa20 f003 	lsr.w	r0, r0, r3
1000296c:	fa21 f103 	lsr.w	r1, r1, r3
10002970:	ea40 000c 	orr.w	r0, r0, ip
10002974:	eba3 0202 	sub.w	r2, r3, r2
10002978:	f202 4232 	addw	r2, r2, #1074	@ 0x432
1000297c:	d012      	beq.n	100029a4 <ufix642double+0x88>
1000297e:	f150 0000 	adcs.w	r0, r0, #0
10002982:	eb41 5102 	adc.w	r1, r1, r2, lsl #20
10002986:	f240 73fe 	movw	r3, #2046	@ 0x7fe
1000298a:	429a      	cmp	r2, r3
1000298c:	bf38      	it	cc
1000298e:	4770      	bxcc	lr
10002990:	f04f 0100 	mov.w	r1, #0
10002994:	bfa8      	it	ge
10002996:	f6c7 71f0 	movtge	r1, #32752	@ 0x7ff0
1000299a:	f04f 0000 	mov.w	r0, #0
1000299e:	4770      	bx	lr
100029a0:	2100      	movs	r1, #0
100029a2:	4770      	bx	lr
100029a4:	d3ed      	bcc.n	10002982 <ufix642double+0x66>
100029a6:	f150 0000 	adcs.w	r0, r0, #0
100029aa:	f020 0001 	bic.w	r0, r0, #1
100029ae:	e7e8      	b.n	10002982 <ufix642double+0x66>

100029b0 <fix2double>:
100029b0:	2800      	cmp	r0, #0
100029b2:	f280 8035 	bge.w	10002a20 <ufix2double>
100029b6:	4240      	negs	r0, r0

100029b8 <fix2double_neg>:
100029b8:	fab0 f380 	clz	r3, r0
100029bc:	3b0b      	subs	r3, #11
100029be:	d411      	bmi.n	100029e4 <fix2double_neg+0x2c>
100029c0:	4098      	lsls	r0, r3
100029c2:	eb01 0203 	add.w	r2, r1, r3
100029c6:	4252      	negs	r2, r2
100029c8:	f202 4212 	addw	r2, r2, #1042	@ 0x412
100029cc:	eb00 5102 	add.w	r1, r0, r2, lsl #20
100029d0:	f041 4100 	orr.w	r1, r1, #2147483648	@ 0x80000000
100029d4:	f04f 0000 	mov.w	r0, #0
100029d8:	f240 73fe 	movw	r3, #2046	@ 0x7fe
100029dc:	429a      	cmp	r2, r3
100029de:	bf38      	it	cc
100029e0:	4770      	bxcc	lr
100029e2:	e013      	b.n	10002a0c <fix2double_neg+0x54>
100029e4:	f1c3 0300 	rsb	r3, r3, #0
100029e8:	fa30 fc03 	lsrs.w	ip, r0, r3
100029ec:	f1c3 0220 	rsb	r2, r3, #32
100029f0:	4090      	lsls	r0, r2
100029f2:	eba3 0201 	sub.w	r2, r3, r1
100029f6:	f202 4212 	addw	r2, r2, #1042	@ 0x412
100029fa:	eb0c 5102 	add.w	r1, ip, r2, lsl #20
100029fe:	f041 4100 	orr.w	r1, r1, #2147483648	@ 0x80000000
10002a02:	f240 73fe 	movw	r3, #2046	@ 0x7fe
10002a06:	429a      	cmp	r2, r3
10002a08:	bf38      	it	cc
10002a0a:	4770      	bxcc	lr
10002a0c:	f04f 4100 	mov.w	r1, #2147483648	@ 0x80000000
10002a10:	bfa8      	it	ge
10002a12:	f6cf 71f0 	movtge	r1, #65520	@ 0xfff0
10002a16:	f04f 0000 	mov.w	r0, #0
10002a1a:	4770      	bx	lr
10002a1c:	2100      	movs	r1, #0
10002a1e:	4770      	bx	lr

10002a20 <ufix2double>:
10002a20:	b360      	cbz	r0, 10002a7c <ufix2double+0x5c>
10002a22:	fab0 f380 	clz	r3, r0
10002a26:	3b0b      	subs	r3, #11
10002a28:	d40f      	bmi.n	10002a4a <ufix2double+0x2a>
10002a2a:	4098      	lsls	r0, r3
10002a2c:	eb01 0203 	add.w	r2, r1, r3
10002a30:	4252      	negs	r2, r2
10002a32:	f202 4212 	addw	r2, r2, #1042	@ 0x412
10002a36:	eb00 5102 	add.w	r1, r0, r2, lsl #20
10002a3a:	f04f 0000 	mov.w	r0, #0
10002a3e:	f240 73fe 	movw	r3, #2046	@ 0x7fe
10002a42:	429a      	cmp	r2, r3
10002a44:	bf38      	it	cc
10002a46:	4770      	bxcc	lr
10002a48:	e010      	b.n	10002a6c <ufix2double+0x4c>
10002a4a:	425b      	negs	r3, r3
10002a4c:	fa30 fc03 	lsrs.w	ip, r0, r3
10002a50:	f1c3 0220 	rsb	r2, r3, #32
10002a54:	4090      	lsls	r0, r2
10002a56:	eba3 0201 	sub.w	r2, r3, r1
10002a5a:	f202 4212 	addw	r2, r2, #1042	@ 0x412
10002a5e:	eb0c 5102 	add.w	r1, ip, r2, lsl #20
10002a62:	f240 73fe 	movw	r3, #2046	@ 0x7fe
10002a66:	429a      	cmp	r2, r3
10002a68:	bf38      	it	cc
10002a6a:	4770      	bxcc	lr
10002a6c:	f04f 0100 	mov.w	r1, #0
10002a70:	bfa8      	it	ge
10002a72:	f6c7 71f0 	movtge	r1, #32752	@ 0x7ff0
10002a76:	f04f 0000 	mov.w	r0, #0
10002a7a:	4770      	bx	lr
10002a7c:	2100      	movs	r1, #0
10002a7e:	4770      	bx	lr

10002a80 <__wrap___aeabi_d2lz>:
10002a80:	2200      	movs	r2, #0

10002a82 <double2fix64_z>:
10002a82:	f2a2 4232 	subw	r2, r2, #1074	@ 0x432
10002a86:	ea5f 5c21 	movs.w	ip, r1, asr #20
10002a8a:	f1ac 0301 	sub.w	r3, ip, #1
10002a8e:	eba1 5103 	sub.w	r1, r1, r3, lsl #20
10002a92:	055b      	lsls	r3, r3, #21
10002a94:	f513 0f80 	cmn.w	r3, #4194304	@ 0x400000
10002a98:	d232      	bcs.n	10002b00 <double2fix64_z+0x7e>
10002a9a:	eb12 5253 	adds.w	r2, r2, r3, lsr #21
10002a9e:	d410      	bmi.n	10002ac2 <double2fix64_z+0x40>
10002aa0:	2a0b      	cmp	r2, #11
10002aa2:	da36      	bge.n	10002b12 <double2fix64_z+0x90>
10002aa4:	4091      	lsls	r1, r2
10002aa6:	f1d2 0320 	rsbs	r3, r2, #32
10002aaa:	fa30 f303 	lsrs.w	r3, r0, r3
10002aae:	4319      	orrs	r1, r3
10002ab0:	4090      	lsls	r0, r2
10002ab2:	f1bc 0f00 	cmp.w	ip, #0
10002ab6:	bfa8      	it	ge
10002ab8:	4770      	bxge	lr
10002aba:	4240      	negs	r0, r0
10002abc:	eb61 0141 	sbc.w	r1, r1, r1, lsl #1
10002ac0:	4770      	bx	lr
10002ac2:	3220      	adds	r2, #32
10002ac4:	dd0e      	ble.n	10002ae4 <double2fix64_z+0x62>
10002ac6:	fa01 f302 	lsl.w	r3, r1, r2
10002aca:	f1d2 0220 	rsbs	r2, r2, #32
10002ace:	40d1      	lsrs	r1, r2
10002ad0:	40d0      	lsrs	r0, r2
10002ad2:	4318      	orrs	r0, r3
10002ad4:	f1bc 0f00 	cmp.w	ip, #0
10002ad8:	bfa8      	it	ge
10002ada:	4770      	bxge	lr
10002adc:	4240      	negs	r0, r0
10002ade:	eb61 0141 	sbc.w	r1, r1, r1, lsl #1
10002ae2:	4770      	bx	lr
10002ae4:	4252      	negs	r2, r2
10002ae6:	f382 0205 	usat	r2, #5, r2
10002aea:	fa31 f002 	lsrs.w	r0, r1, r2
10002aee:	2100      	movs	r1, #0
10002af0:	f1bc 0f00 	cmp.w	ip, #0
10002af4:	bfa8      	it	ge
10002af6:	4770      	bxge	lr
10002af8:	4240      	negs	r0, r0
10002afa:	eb61 0141 	sbc.w	r1, r1, r1, lsl #1
10002afe:	4770      	bx	lr
10002b00:	d002      	beq.n	10002b08 <double2fix64_z+0x86>
10002b02:	2000      	movs	r0, #0
10002b04:	2100      	movs	r1, #0
10002b06:	4770      	bx	lr
10002b08:	ea50 3101 	orrs.w	r1, r0, r1, lsl #12
10002b0c:	bf18      	it	ne
10002b0e:	f04f 0c00 	movne.w	ip, #0
10002b12:	f06f 4100 	mvn.w	r1, #2147483648	@ 0x80000000
10002b16:	eb01 71dc 	add.w	r1, r1, ip, lsr #31
10002b1a:	ea6f 70ec 	mvn.w	r0, ip, asr #31
10002b1e:	4770      	bx	lr

10002b20 <__wrap___aeabi_f2ulz>:
10002b20:	2100      	movs	r1, #0

10002b22 <float2ufix64>:
10002b22:	3996      	subs	r1, #150	@ 0x96
10002b24:	15c2      	asrs	r2, r0, #23
10002b26:	f1a2 0301 	sub.w	r3, r2, #1
10002b2a:	2bfe      	cmp	r3, #254	@ 0xfe
10002b2c:	d223      	bcs.n	10002b76 <float2ufix64+0x54>
10002b2e:	eba0 50c3 	sub.w	r0, r0, r3, lsl #23
10002b32:	1889      	adds	r1, r1, r2
10002b34:	d419      	bmi.n	10002b6a <float2ufix64+0x48>
10002b36:	1fca      	subs	r2, r1, #7
10002b38:	dd09      	ble.n	10002b4e <float2ufix64+0x2c>
10002b3a:	f1b1 0320 	subs.w	r3, r1, #32
10002b3e:	da09      	bge.n	10002b54 <float2ufix64+0x32>
10002b40:	01c0      	lsls	r0, r0, #7
10002b42:	f1d2 0320 	rsbs	r3, r2, #32
10002b46:	fa30 f103 	lsrs.w	r1, r0, r3
10002b4a:	4090      	lsls	r0, r2
10002b4c:	4770      	bx	lr
10002b4e:	4088      	lsls	r0, r1
10002b50:	2100      	movs	r1, #0
10002b52:	4770      	bx	lr
10002b54:	2929      	cmp	r1, #41	@ 0x29
10002b56:	da03      	bge.n	10002b60 <float2ufix64+0x3e>
10002b58:	fa10 f103 	lsls.w	r1, r0, r3
10002b5c:	2000      	movs	r0, #0
10002b5e:	4770      	bx	lr
10002b60:	f06f 0000 	mvn.w	r0, #0
10002b64:	f06f 0100 	mvn.w	r1, #0
10002b68:	4770      	bx	lr
10002b6a:	4249      	negs	r1, r1
10002b6c:	f381 0105 	usat	r1, #5, r1
10002b70:	40c8      	lsrs	r0, r1
10002b72:	2100      	movs	r1, #0
10002b74:	4770      	bx	lr
10002b76:	f510 0f00 	cmn.w	r0, #8388608	@ 0x800000
10002b7a:	d8f1      	bhi.n	10002b60 <float2ufix64+0x3e>
10002b7c:	f5b0 0f00 	cmp.w	r0, #8388608	@ 0x800000
10002b80:	dcee      	bgt.n	10002b60 <float2ufix64+0x3e>
10002b82:	2000      	movs	r0, #0
10002b84:	2100      	movs	r1, #0
10002b86:	4770      	bx	lr

10002b88 <_out_buffer>:
10002b88:	429a      	cmp	r2, r3
10002b8a:	d200      	bcs.n	10002b8e <_out_buffer+0x6>
10002b8c:	5488      	strb	r0, [r1, r2]
10002b8e:	4770      	bx	lr

10002b90 <_out_null>:
10002b90:	4770      	bx	lr

10002b92 <_out_fct>:
10002b92:	b120      	cbz	r0, 10002b9e <_out_fct+0xc>
10002b94:	b508      	push	{r3, lr}
10002b96:	680a      	ldr	r2, [r1, #0]
10002b98:	6849      	ldr	r1, [r1, #4]
10002b9a:	4790      	blx	r2
10002b9c:	bd08      	pop	{r3, pc}
10002b9e:	4770      	bx	lr

10002ba0 <_atoi>:
10002ba0:	4601      	mov	r1, r0
10002ba2:	2000      	movs	r0, #0
10002ba4:	e008      	b.n	10002bb8 <_atoi+0x18>
10002ba6:	eb00 0080 	add.w	r0, r0, r0, lsl #2
10002baa:	1c53      	adds	r3, r2, #1
10002bac:	600b      	str	r3, [r1, #0]
10002bae:	7813      	ldrb	r3, [r2, #0]
10002bb0:	eb03 0340 	add.w	r3, r3, r0, lsl #1
10002bb4:	f1a3 0030 	sub.w	r0, r3, #48	@ 0x30
10002bb8:	680a      	ldr	r2, [r1, #0]
10002bba:	7813      	ldrb	r3, [r2, #0]
10002bbc:	3b30      	subs	r3, #48	@ 0x30
10002bbe:	b2db      	uxtb	r3, r3
10002bc0:	2b09      	cmp	r3, #9
10002bc2:	d9f0      	bls.n	10002ba6 <_atoi+0x6>
10002bc4:	4770      	bx	lr

10002bc6 <_out_rev>:
10002bc6:	e92d 4ff0 	stmdb	sp!, {r4, r5, r6, r7, r8, r9, sl, fp, lr}
10002bca:	b083      	sub	sp, #12
10002bcc:	4605      	mov	r5, r0
10002bce:	460e      	mov	r6, r1
10002bd0:	4693      	mov	fp, r2
10002bd2:	461f      	mov	r7, r3
10002bd4:	f8dd a030 	ldr.w	sl, [sp, #48]	@ 0x30
10002bd8:	9c0d      	ldr	r4, [sp, #52]	@ 0x34
10002bda:	f8dd 9038 	ldr.w	r9, [sp, #56]	@ 0x38
10002bde:	9b0f      	ldr	r3, [sp, #60]	@ 0x3c
10002be0:	f013 0f03 	tst.w	r3, #3
10002be4:	d119      	bne.n	10002c1a <_out_rev+0x54>
10002be6:	46a0      	mov	r8, r4
10002be8:	9201      	str	r2, [sp, #4]
10002bea:	e008      	b.n	10002bfe <_out_rev+0x38>
10002bec:	f102 0b01 	add.w	fp, r2, #1
10002bf0:	463b      	mov	r3, r7
10002bf2:	4631      	mov	r1, r6
10002bf4:	2020      	movs	r0, #32
10002bf6:	47a8      	blx	r5
10002bf8:	f108 0801 	add.w	r8, r8, #1
10002bfc:	465a      	mov	r2, fp
10002bfe:	45c8      	cmp	r8, r9
10002c00:	d3f4      	bcc.n	10002bec <_out_rev+0x26>
10002c02:	f8dd b004 	ldr.w	fp, [sp, #4]
10002c06:	e008      	b.n	10002c1a <_out_rev+0x54>
10002c08:	3c01      	subs	r4, #1
10002c0a:	f102 0801 	add.w	r8, r2, #1
10002c0e:	463b      	mov	r3, r7
10002c10:	4631      	mov	r1, r6
10002c12:	f81a 0004 	ldrb.w	r0, [sl, r4]
10002c16:	47a8      	blx	r5
10002c18:	4642      	mov	r2, r8
10002c1a:	2c00      	cmp	r4, #0
10002c1c:	d1f4      	bne.n	10002c08 <_out_rev+0x42>
10002c1e:	9b0f      	ldr	r3, [sp, #60]	@ 0x3c
10002c20:	f013 0f02 	tst.w	r3, #2
10002c24:	d109      	bne.n	10002c3a <_out_rev+0x74>
10002c26:	4610      	mov	r0, r2
10002c28:	b003      	add	sp, #12
10002c2a:	e8bd 8ff0 	ldmia.w	sp!, {r4, r5, r6, r7, r8, r9, sl, fp, pc}
10002c2e:	1c54      	adds	r4, r2, #1
10002c30:	463b      	mov	r3, r7
10002c32:	4631      	mov	r1, r6
10002c34:	2020      	movs	r0, #32
10002c36:	47a8      	blx	r5
10002c38:	4622      	mov	r2, r4
10002c3a:	eba2 030b 	sub.w	r3, r2, fp
10002c3e:	454b      	cmp	r3, r9
10002c40:	d3f5      	bcc.n	10002c2e <_out_rev+0x68>
10002c42:	e7f0      	b.n	10002c26 <_out_rev+0x60>

10002c44 <_ntoa_format>:
10002c44:	e92d 43f0 	stmdb	sp!, {r4, r5, r6, r7, r8, r9, lr}
10002c48:	b085      	sub	sp, #20
10002c4a:	4699      	mov	r9, r3
10002c4c:	9d0c      	ldr	r5, [sp, #48]	@ 0x30
10002c4e:	9c0d      	ldr	r4, [sp, #52]	@ 0x34
10002c50:	f89d 8038 	ldrb.w	r8, [sp, #56]	@ 0x38
10002c54:	f8dd e040 	ldr.w	lr, [sp, #64]	@ 0x40
10002c58:	9f11      	ldr	r7, [sp, #68]	@ 0x44
10002c5a:	9e12      	ldr	r6, [sp, #72]	@ 0x48
10002c5c:	f016 0f02 	tst.w	r6, #2
10002c60:	d121      	bne.n	10002ca6 <_ntoa_format+0x62>
10002c62:	b17f      	cbz	r7, 10002c84 <_ntoa_format+0x40>
10002c64:	f016 0f01 	tst.w	r6, #1
10002c68:	d00c      	beq.n	10002c84 <_ntoa_format+0x40>
10002c6a:	f1b8 0f00 	cmp.w	r8, #0
10002c6e:	d102      	bne.n	10002c76 <_ntoa_format+0x32>
10002c70:	f016 0f0c 	tst.w	r6, #12
10002c74:	d006      	beq.n	10002c84 <_ntoa_format+0x40>
10002c76:	3f01      	subs	r7, #1
10002c78:	e004      	b.n	10002c84 <_ntoa_format+0x40>
10002c7a:	f04f 0c30 	mov.w	ip, #48	@ 0x30
10002c7e:	f805 c004 	strb.w	ip, [r5, r4]
10002c82:	3401      	adds	r4, #1
10002c84:	4574      	cmp	r4, lr
10002c86:	d201      	bcs.n	10002c8c <_ntoa_format+0x48>
10002c88:	2c1f      	cmp	r4, #31
10002c8a:	d9f6      	bls.n	10002c7a <_ntoa_format+0x36>
10002c8c:	f016 0f01 	tst.w	r6, #1
10002c90:	d009      	beq.n	10002ca6 <_ntoa_format+0x62>
10002c92:	42bc      	cmp	r4, r7
10002c94:	d207      	bcs.n	10002ca6 <_ntoa_format+0x62>
10002c96:	2c1f      	cmp	r4, #31
10002c98:	d805      	bhi.n	10002ca6 <_ntoa_format+0x62>
10002c9a:	f04f 0c30 	mov.w	ip, #48	@ 0x30
10002c9e:	f805 c004 	strb.w	ip, [r5, r4]
10002ca2:	3401      	adds	r4, #1
10002ca4:	e7f2      	b.n	10002c8c <_ntoa_format+0x48>
10002ca6:	f016 0f10 	tst.w	r6, #16
10002caa:	d014      	beq.n	10002cd6 <_ntoa_format+0x92>
10002cac:	f416 6f80 	tst.w	r6, #1024	@ 0x400
10002cb0:	d104      	bne.n	10002cbc <_ntoa_format+0x78>
10002cb2:	b11c      	cbz	r4, 10002cbc <_ntoa_format+0x78>
10002cb4:	4574      	cmp	r4, lr
10002cb6:	d022      	beq.n	10002cfe <_ntoa_format+0xba>
10002cb8:	42bc      	cmp	r4, r7
10002cba:	d020      	beq.n	10002cfe <_ntoa_format+0xba>
10002cbc:	9b0f      	ldr	r3, [sp, #60]	@ 0x3c
10002cbe:	2b10      	cmp	r3, #16
10002cc0:	d033      	beq.n	10002d2a <_ntoa_format+0xe6>
10002cc2:	9b0f      	ldr	r3, [sp, #60]	@ 0x3c
10002cc4:	2b02      	cmp	r3, #2
10002cc6:	d03d      	beq.n	10002d44 <_ntoa_format+0x100>
10002cc8:	2c1f      	cmp	r4, #31
10002cca:	d80e      	bhi.n	10002cea <_ntoa_format+0xa6>
10002ccc:	f04f 0c30 	mov.w	ip, #48	@ 0x30
10002cd0:	f805 c004 	strb.w	ip, [r5, r4]
10002cd4:	3401      	adds	r4, #1
10002cd6:	2c1f      	cmp	r4, #31
10002cd8:	d807      	bhi.n	10002cea <_ntoa_format+0xa6>
10002cda:	f1b8 0f00 	cmp.w	r8, #0
10002cde:	d039      	beq.n	10002d54 <_ntoa_format+0x110>
10002ce0:	f04f 0c2d 	mov.w	ip, #45	@ 0x2d
10002ce4:	f805 c004 	strb.w	ip, [r5, r4]
10002ce8:	3401      	adds	r4, #1
10002cea:	9603      	str	r6, [sp, #12]
10002cec:	9702      	str	r7, [sp, #8]
10002cee:	9401      	str	r4, [sp, #4]
10002cf0:	9500      	str	r5, [sp, #0]
10002cf2:	464b      	mov	r3, r9
10002cf4:	f7ff ff67 	bl	10002bc6 <_out_rev>
10002cf8:	b005      	add	sp, #20
10002cfa:	e8bd 83f0 	ldmia.w	sp!, {r4, r5, r6, r7, r8, r9, pc}
10002cfe:	f1b4 0c01 	subs.w	ip, r4, #1
10002d02:	d01d      	beq.n	10002d40 <_ntoa_format+0xfc>
10002d04:	9b0f      	ldr	r3, [sp, #60]	@ 0x3c
10002d06:	2b10      	cmp	r3, #16
10002d08:	d00e      	beq.n	10002d28 <_ntoa_format+0xe4>
10002d0a:	4664      	mov	r4, ip
10002d0c:	9b0f      	ldr	r3, [sp, #60]	@ 0x3c
10002d0e:	2b10      	cmp	r3, #16
10002d10:	d1d7      	bne.n	10002cc2 <_ntoa_format+0x7e>
10002d12:	f016 0f20 	tst.w	r6, #32
10002d16:	d0d4      	beq.n	10002cc2 <_ntoa_format+0x7e>
10002d18:	2c1f      	cmp	r4, #31
10002d1a:	d8d2      	bhi.n	10002cc2 <_ntoa_format+0x7e>
10002d1c:	f04f 0c58 	mov.w	ip, #88	@ 0x58
10002d20:	f805 c004 	strb.w	ip, [r5, r4]
10002d24:	3401      	adds	r4, #1
10002d26:	e7cf      	b.n	10002cc8 <_ntoa_format+0x84>
10002d28:	3c02      	subs	r4, #2
10002d2a:	f016 0f20 	tst.w	r6, #32
10002d2e:	d1ed      	bne.n	10002d0c <_ntoa_format+0xc8>
10002d30:	2c1f      	cmp	r4, #31
10002d32:	d8eb      	bhi.n	10002d0c <_ntoa_format+0xc8>
10002d34:	f04f 0c78 	mov.w	ip, #120	@ 0x78
10002d38:	f805 c004 	strb.w	ip, [r5, r4]
10002d3c:	3401      	adds	r4, #1
10002d3e:	e7c3      	b.n	10002cc8 <_ntoa_format+0x84>
10002d40:	4664      	mov	r4, ip
10002d42:	e7bb      	b.n	10002cbc <_ntoa_format+0x78>
10002d44:	2c1f      	cmp	r4, #31
10002d46:	d8d0      	bhi.n	10002cea <_ntoa_format+0xa6>
10002d48:	f04f 0c62 	mov.w	ip, #98	@ 0x62
10002d4c:	f805 c004 	strb.w	ip, [r5, r4]
10002d50:	3401      	adds	r4, #1
10002d52:	e7b9      	b.n	10002cc8 <_ntoa_format+0x84>
10002d54:	f016 0f04 	tst.w	r6, #4
10002d58:	d005      	beq.n	10002d66 <_ntoa_format+0x122>
10002d5a:	f04f 0c2b 	mov.w	ip, #43	@ 0x2b
10002d5e:	f805 c004 	strb.w	ip, [r5, r4]
10002d62:	3401      	adds	r4, #1
10002d64:	e7c1      	b.n	10002cea <_ntoa_format+0xa6>
10002d66:	f016 0f08 	tst.w	r6, #8
10002d6a:	d0be      	beq.n	10002cea <_ntoa_format+0xa6>
10002d6c:	f04f 0c20 	mov.w	ip, #32
10002d70:	f805 c004 	strb.w	ip, [r5, r4]
10002d74:	3401      	adds	r4, #1
10002d76:	e7b8      	b.n	10002cea <_ntoa_format+0xa6>

10002d78 <_ntoa_long>:
10002d78:	b5f0      	push	{r4, r5, r6, r7, lr}
10002d7a:	b091      	sub	sp, #68	@ 0x44
10002d7c:	9c16      	ldr	r4, [sp, #88]	@ 0x58
10002d7e:	9d18      	ldr	r5, [sp, #96]	@ 0x60
10002d80:	9e1b      	ldr	r6, [sp, #108]	@ 0x6c
10002d82:	b90c      	cbnz	r4, 10002d88 <_ntoa_long+0x10>
10002d84:	f026 0610 	bic.w	r6, r6, #16
10002d88:	f416 6e80 	ands.w	lr, r6, #1024	@ 0x400
10002d8c:	d01d      	beq.n	10002dca <_ntoa_long+0x52>
10002d8e:	b364      	cbz	r4, 10002dea <_ntoa_long+0x72>
10002d90:	f04f 0e00 	mov.w	lr, #0
10002d94:	e019      	b.n	10002dca <_ntoa_long+0x52>
10002d96:	f016 0f20 	tst.w	r6, #32
10002d9a:	d024      	beq.n	10002de6 <_ntoa_long+0x6e>
10002d9c:	2741      	movs	r7, #65	@ 0x41
10002d9e:	44bc      	add	ip, r7
10002da0:	fa5f fc8c 	uxtb.w	ip, ip
10002da4:	f1ac 0c0a 	sub.w	ip, ip, #10
10002da8:	fa5f fc8c 	uxtb.w	ip, ip
10002dac:	f10e 0701 	add.w	r7, lr, #1
10002db0:	f10e 0e40 	add.w	lr, lr, #64	@ 0x40
10002db4:	44ee      	add	lr, sp
10002db6:	f80e cc20 	strb.w	ip, [lr, #-32]
10002dba:	fbb4 fcf5 	udiv	ip, r4, r5
10002dbe:	42ac      	cmp	r4, r5
10002dc0:	d314      	bcc.n	10002dec <_ntoa_long+0x74>
10002dc2:	2f1f      	cmp	r7, #31
10002dc4:	d812      	bhi.n	10002dec <_ntoa_long+0x74>
10002dc6:	46be      	mov	lr, r7
10002dc8:	4664      	mov	r4, ip
10002dca:	fbb4 fcf5 	udiv	ip, r4, r5
10002dce:	fb05 4c1c 	mls	ip, r5, ip, r4
10002dd2:	fa5f fc8c 	uxtb.w	ip, ip
10002dd6:	f1bc 0f09 	cmp.w	ip, #9
10002dda:	d8dc      	bhi.n	10002d96 <_ntoa_long+0x1e>
10002ddc:	f10c 0c30 	add.w	ip, ip, #48	@ 0x30
10002de0:	fa5f fc8c 	uxtb.w	ip, ip
10002de4:	e7e2      	b.n	10002dac <_ntoa_long+0x34>
10002de6:	2761      	movs	r7, #97	@ 0x61
10002de8:	e7d9      	b.n	10002d9e <_ntoa_long+0x26>
10002dea:	4627      	mov	r7, r4
10002dec:	9606      	str	r6, [sp, #24]
10002dee:	9c1a      	ldr	r4, [sp, #104]	@ 0x68
10002df0:	9405      	str	r4, [sp, #20]
10002df2:	9c19      	ldr	r4, [sp, #100]	@ 0x64
10002df4:	9404      	str	r4, [sp, #16]
10002df6:	9503      	str	r5, [sp, #12]
10002df8:	f89d 405c 	ldrb.w	r4, [sp, #92]	@ 0x5c
10002dfc:	9402      	str	r4, [sp, #8]
10002dfe:	9701      	str	r7, [sp, #4]
10002e00:	ac08      	add	r4, sp, #32
10002e02:	9400      	str	r4, [sp, #0]
10002e04:	f7ff ff1e 	bl	10002c44 <_ntoa_format>
10002e08:	b011      	add	sp, #68	@ 0x44
10002e0a:	bdf0      	pop	{r4, r5, r6, r7, pc}

10002e0c <_ntoa_long_long>:
10002e0c:	e92d 4ff0 	stmdb	sp!, {r4, r5, r6, r7, r8, r9, sl, fp, lr}
10002e10:	b095      	sub	sp, #84	@ 0x54
10002e12:	9009      	str	r0, [sp, #36]	@ 0x24
10002e14:	910a      	str	r1, [sp, #40]	@ 0x28
10002e16:	920b      	str	r2, [sp, #44]	@ 0x2c
10002e18:	4698      	mov	r8, r3
10002e1a:	f8dd b078 	ldr.w	fp, [sp, #120]	@ 0x78
10002e1e:	f8dd 907c 	ldr.w	r9, [sp, #124]	@ 0x7c
10002e22:	9d22      	ldr	r5, [sp, #136]	@ 0x88
10002e24:	9f23      	ldr	r7, [sp, #140]	@ 0x8c
10002e26:	9e26      	ldr	r6, [sp, #152]	@ 0x98
10002e28:	ea5b 0209 	orrs.w	r2, fp, r9
10002e2c:	d101      	bne.n	10002e32 <_ntoa_long_long+0x26>
10002e2e:	f026 0610 	bic.w	r6, r6, #16
10002e32:	f416 6480 	ands.w	r4, r6, #1024	@ 0x400
10002e36:	d024      	beq.n	10002e82 <_ntoa_long_long+0x76>
10002e38:	ea5b 0209 	orrs.w	r2, fp, r9
10002e3c:	d02f      	beq.n	10002e9e <_ntoa_long_long+0x92>
10002e3e:	2400      	movs	r4, #0
10002e40:	e01f      	b.n	10002e82 <_ntoa_long_long+0x76>
10002e42:	f016 0f20 	tst.w	r6, #32
10002e46:	d028      	beq.n	10002e9a <_ntoa_long_long+0x8e>
10002e48:	2341      	movs	r3, #65	@ 0x41
10002e4a:	4413      	add	r3, r2
10002e4c:	b2db      	uxtb	r3, r3
10002e4e:	3b0a      	subs	r3, #10
10002e50:	b2db      	uxtb	r3, r3
10002e52:	f104 0a01 	add.w	sl, r4, #1
10002e56:	f104 0250 	add.w	r2, r4, #80	@ 0x50
10002e5a:	eb0d 0402 	add.w	r4, sp, r2
10002e5e:	f804 3c20 	strb.w	r3, [r4, #-32]
10002e62:	462a      	mov	r2, r5
10002e64:	463b      	mov	r3, r7
10002e66:	4658      	mov	r0, fp
10002e68:	4649      	mov	r1, r9
10002e6a:	f008 f8b1 	bl	1000afd0 <____aeabi_uldivmod_veneer>
10002e6e:	45ab      	cmp	fp, r5
10002e70:	eb79 0907 	sbcs.w	r9, r9, r7
10002e74:	d315      	bcc.n	10002ea2 <_ntoa_long_long+0x96>
10002e76:	f1ba 0f1f 	cmp.w	sl, #31
10002e7a:	d812      	bhi.n	10002ea2 <_ntoa_long_long+0x96>
10002e7c:	4654      	mov	r4, sl
10002e7e:	4683      	mov	fp, r0
10002e80:	4689      	mov	r9, r1
10002e82:	462a      	mov	r2, r5
10002e84:	463b      	mov	r3, r7
10002e86:	4658      	mov	r0, fp
10002e88:	4649      	mov	r1, r9
10002e8a:	f008 f8a1 	bl	1000afd0 <____aeabi_uldivmod_veneer>
10002e8e:	b2d2      	uxtb	r2, r2
10002e90:	2a09      	cmp	r2, #9
10002e92:	d8d6      	bhi.n	10002e42 <_ntoa_long_long+0x36>
10002e94:	3230      	adds	r2, #48	@ 0x30
10002e96:	b2d3      	uxtb	r3, r2
10002e98:	e7db      	b.n	10002e52 <_ntoa_long_long+0x46>
10002e9a:	2361      	movs	r3, #97	@ 0x61
10002e9c:	e7d5      	b.n	10002e4a <_ntoa_long_long+0x3e>
10002e9e:	f04f 0a00 	mov.w	sl, #0
10002ea2:	9606      	str	r6, [sp, #24]
10002ea4:	9b25      	ldr	r3, [sp, #148]	@ 0x94
10002ea6:	9305      	str	r3, [sp, #20]
10002ea8:	9b24      	ldr	r3, [sp, #144]	@ 0x90
10002eaa:	9304      	str	r3, [sp, #16]
10002eac:	9503      	str	r5, [sp, #12]
10002eae:	f89d 3080 	ldrb.w	r3, [sp, #128]	@ 0x80
10002eb2:	9302      	str	r3, [sp, #8]
10002eb4:	f8cd a004 	str.w	sl, [sp, #4]
10002eb8:	ab0c      	add	r3, sp, #48	@ 0x30
10002eba:	9300      	str	r3, [sp, #0]
10002ebc:	4643      	mov	r3, r8
10002ebe:	9a0b      	ldr	r2, [sp, #44]	@ 0x2c
10002ec0:	990a      	ldr	r1, [sp, #40]	@ 0x28
10002ec2:	9809      	ldr	r0, [sp, #36]	@ 0x24
10002ec4:	f7ff febe 	bl	10002c44 <_ntoa_format>
10002ec8:	b015      	add	sp, #84	@ 0x54
10002eca:	e8bd 8ff0 	ldmia.w	sp!, {r4, r5, r6, r7, r8, r9, sl, fp, pc}
	...

10002ed0 <_etoa>:
10002ed0:	e92d 4ff0 	stmdb	sp!, {r4, r5, r6, r7, r8, r9, sl, fp, lr}
10002ed4:	b093      	sub	sp, #76	@ 0x4c
10002ed6:	4604      	mov	r4, r0
10002ed8:	460d      	mov	r5, r1
10002eda:	4617      	mov	r7, r2
10002edc:	461e      	mov	r6, r3
10002ede:	e9dd ab1c 	ldrd	sl, fp, [sp, #112]	@ 0x70
10002ee2:	4652      	mov	r2, sl
10002ee4:	465b      	mov	r3, fp
10002ee6:	4650      	mov	r0, sl
10002ee8:	4659      	mov	r1, fp
10002eea:	f7ff fc53 	bl	10002794 <__wrap___aeabi_dcmpun>
10002eee:	2800      	cmp	r0, #0
10002ef0:	f040 80f3 	bne.w	100030da <_etoa+0x20a>
10002ef4:	f04f 32ff 	mov.w	r2, #4294967295
10002ef8:	4bad      	ldr	r3, [pc, #692]	@ (100031b0 <_etoa+0x2e0>)
10002efa:	4650      	mov	r0, sl
10002efc:	4659      	mov	r1, fp
10002efe:	f7ff fca9 	bl	10002854 <__wrap___aeabi_dcmpgt>
10002f02:	2800      	cmp	r0, #0
10002f04:	f040 80e9 	bne.w	100030da <_etoa+0x20a>
10002f08:	f04f 32ff 	mov.w	r2, #4294967295
10002f0c:	f46f 1380 	mvn.w	r3, #1048576	@ 0x100000
10002f10:	4650      	mov	r0, sl
10002f12:	4659      	mov	r1, fp
10002f14:	f7ff fc62 	bl	100027dc <__wrap___aeabi_dcmplt>
10002f18:	2800      	cmp	r0, #0
10002f1a:	f040 80de 	bne.w	100030da <_etoa+0x20a>
10002f1e:	2200      	movs	r2, #0
10002f20:	2300      	movs	r3, #0
10002f22:	4650      	mov	r0, sl
10002f24:	4659      	mov	r1, fp
10002f26:	f7ff fc59 	bl	100027dc <__wrap___aeabi_dcmplt>
10002f2a:	2800      	cmp	r0, #0
10002f2c:	f040 80e6 	bne.w	100030fc <_etoa+0x22c>
10002f30:	e9cd ab06 	strd	sl, fp, [sp, #24]
10002f34:	9b20      	ldr	r3, [sp, #128]	@ 0x80
10002f36:	f413 6380 	ands.w	r3, r3, #1024	@ 0x400
10002f3a:	930f      	str	r3, [sp, #60]	@ 0x3c
10002f3c:	d101      	bne.n	10002f42 <_etoa+0x72>
10002f3e:	2306      	movs	r3, #6
10002f40:	931e      	str	r3, [sp, #120]	@ 0x78
10002f42:	e9dd 2306 	ldrd	r2, r3, [sp, #24]
10002f46:	4610      	mov	r0, r2
10002f48:	4619      	mov	r1, r3
10002f4a:	e9cd 010a 	strd	r0, r1, [sp, #40]	@ 0x28
10002f4e:	9b07      	ldr	r3, [sp, #28]
10002f50:	ea52 0103 	orrs.w	r1, r2, r3
10002f54:	f000 80dc 	beq.w	10003110 <_etoa+0x240>
10002f58:	f3c3 500a 	ubfx	r0, r3, #20, #11
10002f5c:	f3c3 0313 	ubfx	r3, r3, #0, #20
10002f60:	4690      	mov	r8, r2
10002f62:	f043 597f 	orr.w	r9, r3, #1069547520	@ 0x3fc00000
10002f66:	f449 1940 	orr.w	r9, r9, #3145728	@ 0x300000
10002f6a:	f2a0 30ff 	subw	r0, r0, #1023	@ 0x3ff
10002f6e:	f7ff fbc9 	bl	10002704 <__wrap___aeabi_i2d>
10002f72:	a37d      	add	r3, pc, #500	@ (adr r3, 10003168 <_etoa+0x298>)
10002f74:	e9d3 2300 	ldrd	r2, r3, [r3]
10002f78:	f7ff fb42 	bl	10002600 <__wrap___aeabi_dmul>
10002f7c:	a37c      	add	r3, pc, #496	@ (adr r3, 10003170 <_etoa+0x2a0>)
10002f7e:	e9d3 2300 	ldrd	r2, r3, [r3]
10002f82:	f7ff fb15 	bl	100025b0 <__wrap___aeabi_dadd>
10002f86:	e9cd 0108 	strd	r0, r1, [sp, #32]
10002f8a:	2200      	movs	r2, #0
10002f8c:	4b89      	ldr	r3, [pc, #548]	@ (100031b4 <_etoa+0x2e4>)
10002f8e:	4640      	mov	r0, r8
10002f90:	4649      	mov	r1, r9
10002f92:	f7ff fb21 	bl	100025d8 <__wrap___aeabi_dsub>
10002f96:	a378      	add	r3, pc, #480	@ (adr r3, 10003178 <_etoa+0x2a8>)
10002f98:	e9d3 2300 	ldrd	r2, r3, [r3]
10002f9c:	f7ff fb30 	bl	10002600 <__wrap___aeabi_dmul>
10002fa0:	4602      	mov	r2, r0
10002fa2:	460b      	mov	r3, r1
10002fa4:	e9dd 0108 	ldrd	r0, r1, [sp, #32]
10002fa8:	f7ff fb02 	bl	100025b0 <__wrap___aeabi_dadd>
10002fac:	f7ff fbce 	bl	1000274c <__wrap___aeabi_d2iz>
10002fb0:	9008      	str	r0, [sp, #32]
10002fb2:	f7ff fba7 	bl	10002704 <__wrap___aeabi_i2d>
10002fb6:	4680      	mov	r8, r0
10002fb8:	4689      	mov	r9, r1
10002fba:	a371      	add	r3, pc, #452	@ (adr r3, 10003180 <_etoa+0x2b0>)
10002fbc:	e9d3 2300 	ldrd	r2, r3, [r3]
10002fc0:	f7ff fb1e 	bl	10002600 <__wrap___aeabi_dmul>
10002fc4:	2200      	movs	r2, #0
10002fc6:	4b7c      	ldr	r3, [pc, #496]	@ (100031b8 <_etoa+0x2e8>)
10002fc8:	f7ff faf2 	bl	100025b0 <__wrap___aeabi_dadd>
10002fcc:	f7ff fbbe 	bl	1000274c <__wrap___aeabi_d2iz>
10002fd0:	900a      	str	r0, [sp, #40]	@ 0x28
10002fd2:	a36d      	add	r3, pc, #436	@ (adr r3, 10003188 <_etoa+0x2b8>)
10002fd4:	e9d3 2300 	ldrd	r2, r3, [r3]
10002fd8:	4640      	mov	r0, r8
10002fda:	4649      	mov	r1, r9
10002fdc:	f7ff fb10 	bl	10002600 <__wrap___aeabi_dmul>
10002fe0:	4680      	mov	r8, r0
10002fe2:	4689      	mov	r9, r1
10002fe4:	980a      	ldr	r0, [sp, #40]	@ 0x28
10002fe6:	f7ff fb8d 	bl	10002704 <__wrap___aeabi_i2d>
10002fea:	a369      	add	r3, pc, #420	@ (adr r3, 10003190 <_etoa+0x2c0>)
10002fec:	e9d3 2300 	ldrd	r2, r3, [r3]
10002ff0:	f7ff fb06 	bl	10002600 <__wrap___aeabi_dmul>
10002ff4:	4602      	mov	r2, r0
10002ff6:	460b      	mov	r3, r1
10002ff8:	4640      	mov	r0, r8
10002ffa:	4649      	mov	r1, r9
10002ffc:	f7ff faec 	bl	100025d8 <__wrap___aeabi_dsub>
10003000:	4680      	mov	r8, r0
10003002:	4689      	mov	r9, r1
10003004:	4602      	mov	r2, r0
10003006:	460b      	mov	r3, r1
10003008:	f7ff fafa 	bl	10002600 <__wrap___aeabi_dmul>
1000300c:	e9cd 010c 	strd	r0, r1, [sp, #48]	@ 0x30
10003010:	9b0a      	ldr	r3, [sp, #40]	@ 0x28
10003012:	f203 33ff 	addw	r3, r3, #1023	@ 0x3ff
10003016:	2100      	movs	r1, #0
10003018:	2200      	movs	r2, #0
1000301a:	e9cd 120a 	strd	r1, r2, [sp, #40]	@ 0x28
1000301e:	051b      	lsls	r3, r3, #20
10003020:	930b      	str	r3, [sp, #44]	@ 0x2c
10003022:	2300      	movs	r3, #0
10003024:	930a      	str	r3, [sp, #40]	@ 0x28
10003026:	4642      	mov	r2, r8
10003028:	464b      	mov	r3, r9
1000302a:	4640      	mov	r0, r8
1000302c:	4649      	mov	r1, r9
1000302e:	f7ff fabf 	bl	100025b0 <__wrap___aeabi_dadd>
10003032:	e9cd 0110 	strd	r0, r1, [sp, #64]	@ 0x40
10003036:	4642      	mov	r2, r8
10003038:	464b      	mov	r3, r9
1000303a:	2000      	movs	r0, #0
1000303c:	f04f 4180 	mov.w	r1, #1073741824	@ 0x40000000
10003040:	f7ff faca 	bl	100025d8 <__wrap___aeabi_dsub>
10003044:	4680      	mov	r8, r0
10003046:	4689      	mov	r9, r1
10003048:	2200      	movs	r2, #0
1000304a:	4b5c      	ldr	r3, [pc, #368]	@ (100031bc <_etoa+0x2ec>)
1000304c:	e9dd 010c 	ldrd	r0, r1, [sp, #48]	@ 0x30
10003050:	f7ff fafc 	bl	1000264c <__wrap___aeabi_ddiv>
10003054:	2200      	movs	r2, #0
10003056:	4b5a      	ldr	r3, [pc, #360]	@ (100031c0 <_etoa+0x2f0>)
10003058:	f7ff faaa 	bl	100025b0 <__wrap___aeabi_dadd>
1000305c:	4602      	mov	r2, r0
1000305e:	460b      	mov	r3, r1
10003060:	e9dd 010c 	ldrd	r0, r1, [sp, #48]	@ 0x30
10003064:	f7ff faf2 	bl	1000264c <__wrap___aeabi_ddiv>
10003068:	2200      	movs	r2, #0
1000306a:	4b56      	ldr	r3, [pc, #344]	@ (100031c4 <_etoa+0x2f4>)
1000306c:	f7ff faa0 	bl	100025b0 <__wrap___aeabi_dadd>
10003070:	4602      	mov	r2, r0
10003072:	460b      	mov	r3, r1
10003074:	e9dd 010c 	ldrd	r0, r1, [sp, #48]	@ 0x30
10003078:	f7ff fae8 	bl	1000264c <__wrap___aeabi_ddiv>
1000307c:	4602      	mov	r2, r0
1000307e:	460b      	mov	r3, r1
10003080:	4640      	mov	r0, r8
10003082:	4649      	mov	r1, r9
10003084:	f7ff fa94 	bl	100025b0 <__wrap___aeabi_dadd>
10003088:	4602      	mov	r2, r0
1000308a:	460b      	mov	r3, r1
1000308c:	e9dd 0110 	ldrd	r0, r1, [sp, #64]	@ 0x40
10003090:	f7ff fadc 	bl	1000264c <__wrap___aeabi_ddiv>
10003094:	2200      	movs	r2, #0
10003096:	4b4c      	ldr	r3, [pc, #304]	@ (100031c8 <_etoa+0x2f8>)
10003098:	f7ff fa8a 	bl	100025b0 <__wrap___aeabi_dadd>
1000309c:	e9dd 230a 	ldrd	r2, r3, [sp, #40]	@ 0x28
100030a0:	f7ff faae 	bl	10002600 <__wrap___aeabi_dmul>
100030a4:	4680      	mov	r8, r0
100030a6:	4689      	mov	r9, r1
100030a8:	e9cd 890a 	strd	r8, r9, [sp, #40]	@ 0x28
100030ac:	e9dd 2306 	ldrd	r2, r3, [sp, #24]
100030b0:	f7ff fbd0 	bl	10002854 <__wrap___aeabi_dcmpgt>
100030b4:	b150      	cbz	r0, 100030cc <_etoa+0x1fc>
100030b6:	9b08      	ldr	r3, [sp, #32]
100030b8:	3b01      	subs	r3, #1
100030ba:	9308      	str	r3, [sp, #32]
100030bc:	2200      	movs	r2, #0
100030be:	4b40      	ldr	r3, [pc, #256]	@ (100031c0 <_etoa+0x2f0>)
100030c0:	4640      	mov	r0, r8
100030c2:	4649      	mov	r1, r9
100030c4:	f7ff fac2 	bl	1000264c <__wrap___aeabi_ddiv>
100030c8:	e9cd 010a 	strd	r0, r1, [sp, #40]	@ 0x28
100030cc:	9b08      	ldr	r3, [sp, #32]
100030ce:	3363      	adds	r3, #99	@ 0x63
100030d0:	2bc6      	cmp	r3, #198	@ 0xc6
100030d2:	d846      	bhi.n	10003162 <_etoa+0x292>
100030d4:	f04f 0804 	mov.w	r8, #4
100030d8:	e01e      	b.n	10003118 <_etoa+0x248>
100030da:	9b20      	ldr	r3, [sp, #128]	@ 0x80
100030dc:	9304      	str	r3, [sp, #16]
100030de:	9b1f      	ldr	r3, [sp, #124]	@ 0x7c
100030e0:	9303      	str	r3, [sp, #12]
100030e2:	9b1e      	ldr	r3, [sp, #120]	@ 0x78
100030e4:	9302      	str	r3, [sp, #8]
100030e6:	e9cd ab00 	strd	sl, fp, [sp]
100030ea:	4633      	mov	r3, r6
100030ec:	463a      	mov	r2, r7
100030ee:	4629      	mov	r1, r5
100030f0:	4620      	mov	r0, r4
100030f2:	f000 f8fd 	bl	100032f0 <_ftoa>
100030f6:	b013      	add	sp, #76	@ 0x4c
100030f8:	e8bd 8ff0 	ldmia.w	sp!, {r4, r5, r6, r7, r8, r9, sl, fp, pc}
100030fc:	ed9f 7b26 	vldr	d7, [pc, #152]	@ 10003198 <_etoa+0x2c8>
10003100:	ed8d 7b06 	vstr	d7, [sp, #24]
10003104:	f8cd a018 	str.w	sl, [sp, #24]
10003108:	f10b 4300 	add.w	r3, fp, #2147483648	@ 0x80000000
1000310c:	9307      	str	r3, [sp, #28]
1000310e:	e711      	b.n	10002f34 <_etoa+0x64>
10003110:	2300      	movs	r3, #0
10003112:	9308      	str	r3, [sp, #32]
10003114:	f04f 0804 	mov.w	r8, #4
10003118:	9b20      	ldr	r3, [sp, #128]	@ 0x80
1000311a:	f413 6f00 	tst.w	r3, #2048	@ 0x800
1000311e:	d05f      	beq.n	100031e0 <_etoa+0x310>
10003120:	e9dd 120a 	ldrd	r1, r2, [sp, #40]	@ 0x28
10003124:	4613      	mov	r3, r2
10003126:	430b      	orrs	r3, r1
10003128:	d013      	beq.n	10003152 <_etoa+0x282>
1000312a:	a31d      	add	r3, pc, #116	@ (adr r3, 100031a0 <_etoa+0x2d0>)
1000312c:	e9d3 2300 	ldrd	r2, r3, [r3]
10003130:	e9dd 0106 	ldrd	r0, r1, [sp, #24]
10003134:	f7ff fb7a 	bl	1000282c <__wrap___aeabi_dcmpge>
10003138:	2800      	cmp	r0, #0
1000313a:	f000 80b4 	beq.w	100032a6 <_etoa+0x3d6>
1000313e:	a31a      	add	r3, pc, #104	@ (adr r3, 100031a8 <_etoa+0x2d8>)
10003140:	e9d3 2300 	ldrd	r2, r3, [r3]
10003144:	e9dd 0106 	ldrd	r0, r1, [sp, #24]
10003148:	f7ff fb48 	bl	100027dc <__wrap___aeabi_dcmplt>
1000314c:	2800      	cmp	r0, #0
1000314e:	f000 80aa 	beq.w	100032a6 <_etoa+0x3d6>
10003152:	9a1e      	ldr	r2, [sp, #120]	@ 0x78
10003154:	9b08      	ldr	r3, [sp, #32]
10003156:	429a      	cmp	r2, r3
10003158:	dd38      	ble.n	100031cc <_etoa+0x2fc>
1000315a:	1ad3      	subs	r3, r2, r3
1000315c:	3b01      	subs	r3, #1
1000315e:	931e      	str	r3, [sp, #120]	@ 0x78
10003160:	e036      	b.n	100031d0 <_etoa+0x300>
10003162:	f04f 0805 	mov.w	r8, #5
10003166:	e7d7      	b.n	10003118 <_etoa+0x248>
10003168:	509f79fb 	.word	0x509f79fb
1000316c:	3fd34413 	.word	0x3fd34413
10003170:	8b60c8b3 	.word	0x8b60c8b3
10003174:	3fc68a28 	.word	0x3fc68a28
10003178:	636f4361 	.word	0x636f4361
1000317c:	3fd287a7 	.word	0x3fd287a7
10003180:	0979a371 	.word	0x0979a371
10003184:	400a934f 	.word	0x400a934f
10003188:	bbb55516 	.word	0xbbb55516
1000318c:	40026bb1 	.word	0x40026bb1
10003190:	fefa39ef 	.word	0xfefa39ef
10003194:	3fe62e42 	.word	0x3fe62e42
	...
100031a0:	eb1c432d 	.word	0xeb1c432d
100031a4:	3f1a36e2 	.word	0x3f1a36e2
100031a8:	00000000 	.word	0x00000000
100031ac:	412e8480 	.word	0x412e8480
100031b0:	7fefffff 	.word	0x7fefffff
100031b4:	3ff80000 	.word	0x3ff80000
100031b8:	3fe00000 	.word	0x3fe00000
100031bc:	402c0000 	.word	0x402c0000
100031c0:	40240000 	.word	0x40240000
100031c4:	40180000 	.word	0x40180000
100031c8:	3ff00000 	.word	0x3ff00000
100031cc:	2300      	movs	r3, #0
100031ce:	931e      	str	r3, [sp, #120]	@ 0x78
100031d0:	9b20      	ldr	r3, [sp, #128]	@ 0x80
100031d2:	f443 6380 	orr.w	r3, r3, #1024	@ 0x400
100031d6:	9320      	str	r3, [sp, #128]	@ 0x80
100031d8:	f04f 0800 	mov.w	r8, #0
100031dc:	f8cd 8020 	str.w	r8, [sp, #32]
100031e0:	9b1f      	ldr	r3, [sp, #124]	@ 0x7c
100031e2:	4598      	cmp	r8, r3
100031e4:	d269      	bcs.n	100032ba <_etoa+0x3ea>
100031e6:	eba3 0908 	sub.w	r9, r3, r8
100031ea:	9b20      	ldr	r3, [sp, #128]	@ 0x80
100031ec:	f013 0302 	ands.w	r3, r3, #2
100031f0:	930c      	str	r3, [sp, #48]	@ 0x30
100031f2:	d004      	beq.n	100031fe <_etoa+0x32e>
100031f4:	f1b8 0f00 	cmp.w	r8, #0
100031f8:	d001      	beq.n	100031fe <_etoa+0x32e>
100031fa:	f04f 0900 	mov.w	r9, #0
100031fe:	9b08      	ldr	r3, [sp, #32]
10003200:	b13b      	cbz	r3, 10003212 <_etoa+0x342>
10003202:	e9dd 230a 	ldrd	r2, r3, [sp, #40]	@ 0x28
10003206:	e9dd 0106 	ldrd	r0, r1, [sp, #24]
1000320a:	f7ff fa1f 	bl	1000264c <__wrap___aeabi_ddiv>
1000320e:	e9cd 0106 	strd	r0, r1, [sp, #24]
10003212:	2200      	movs	r2, #0
10003214:	2300      	movs	r3, #0
10003216:	4650      	mov	r0, sl
10003218:	4659      	mov	r1, fp
1000321a:	f7ff fadf 	bl	100027dc <__wrap___aeabi_dcmplt>
1000321e:	2800      	cmp	r0, #0
10003220:	d14e      	bne.n	100032c0 <_etoa+0x3f0>
10003222:	9b20      	ldr	r3, [sp, #128]	@ 0x80
10003224:	f423 6300 	bic.w	r3, r3, #2048	@ 0x800
10003228:	9304      	str	r3, [sp, #16]
1000322a:	f8cd 900c 	str.w	r9, [sp, #12]
1000322e:	9b1e      	ldr	r3, [sp, #120]	@ 0x78
10003230:	9302      	str	r3, [sp, #8]
10003232:	ed9d 7b06 	vldr	d7, [sp, #24]
10003236:	ed8d 7b00 	vstr	d7, [sp]
1000323a:	4633      	mov	r3, r6
1000323c:	463a      	mov	r2, r7
1000323e:	4629      	mov	r1, r5
10003240:	4620      	mov	r0, r4
10003242:	f000 f855 	bl	100032f0 <_ftoa>
10003246:	f1b8 0f00 	cmp.w	r8, #0
1000324a:	f43f af54 	beq.w	100030f6 <_etoa+0x226>
1000324e:	9b20      	ldr	r3, [sp, #128]	@ 0x80
10003250:	f013 0f20 	tst.w	r3, #32
10003254:	d03c      	beq.n	100032d0 <_etoa+0x400>
10003256:	f04f 0c45 	mov.w	ip, #69	@ 0x45
1000325a:	f100 0901 	add.w	r9, r0, #1
1000325e:	4633      	mov	r3, r6
10003260:	4602      	mov	r2, r0
10003262:	4629      	mov	r1, r5
10003264:	4660      	mov	r0, ip
10003266:	47a0      	blx	r4
10003268:	9908      	ldr	r1, [sp, #32]
1000326a:	ea81 72e1 	eor.w	r2, r1, r1, asr #31
1000326e:	eba2 72e1 	sub.w	r2, r2, r1, asr #31
10003272:	2305      	movs	r3, #5
10003274:	9305      	str	r3, [sp, #20]
10003276:	f108 33ff 	add.w	r3, r8, #4294967295
1000327a:	9304      	str	r3, [sp, #16]
1000327c:	2300      	movs	r3, #0
1000327e:	9303      	str	r3, [sp, #12]
10003280:	230a      	movs	r3, #10
10003282:	9302      	str	r3, [sp, #8]
10003284:	0fcb      	lsrs	r3, r1, #31
10003286:	9301      	str	r3, [sp, #4]
10003288:	9200      	str	r2, [sp, #0]
1000328a:	4633      	mov	r3, r6
1000328c:	464a      	mov	r2, r9
1000328e:	4629      	mov	r1, r5
10003290:	4620      	mov	r0, r4
10003292:	f7ff fd71 	bl	10002d78 <_ntoa_long>
10003296:	9b0c      	ldr	r3, [sp, #48]	@ 0x30
10003298:	2b00      	cmp	r3, #0
1000329a:	f43f af2c 	beq.w	100030f6 <_etoa+0x226>
1000329e:	4602      	mov	r2, r0
100032a0:	f8dd 907c 	ldr.w	r9, [sp, #124]	@ 0x7c
100032a4:	e01e      	b.n	100032e4 <_etoa+0x414>
100032a6:	9b1e      	ldr	r3, [sp, #120]	@ 0x78
100032a8:	2b00      	cmp	r3, #0
100032aa:	d099      	beq.n	100031e0 <_etoa+0x310>
100032ac:	9b0f      	ldr	r3, [sp, #60]	@ 0x3c
100032ae:	2b00      	cmp	r3, #0
100032b0:	d096      	beq.n	100031e0 <_etoa+0x310>
100032b2:	9b1e      	ldr	r3, [sp, #120]	@ 0x78
100032b4:	3b01      	subs	r3, #1
100032b6:	931e      	str	r3, [sp, #120]	@ 0x78
100032b8:	e792      	b.n	100031e0 <_etoa+0x310>
100032ba:	f04f 0900 	mov.w	r9, #0
100032be:	e794      	b.n	100031ea <_etoa+0x31a>
100032c0:	e9dd 0106 	ldrd	r0, r1, [sp, #24]
100032c4:	4602      	mov	r2, r0
100032c6:	f101 4300 	add.w	r3, r1, #2147483648	@ 0x80000000
100032ca:	e9cd 2306 	strd	r2, r3, [sp, #24]
100032ce:	e7a8      	b.n	10003222 <_etoa+0x352>
100032d0:	f04f 0c65 	mov.w	ip, #101	@ 0x65
100032d4:	e7c1      	b.n	1000325a <_etoa+0x38a>
100032d6:	f102 0801 	add.w	r8, r2, #1
100032da:	4633      	mov	r3, r6
100032dc:	4629      	mov	r1, r5
100032de:	2020      	movs	r0, #32
100032e0:	47a0      	blx	r4
100032e2:	4642      	mov	r2, r8
100032e4:	1bd3      	subs	r3, r2, r7
100032e6:	454b      	cmp	r3, r9
100032e8:	d3f5      	bcc.n	100032d6 <_etoa+0x406>
100032ea:	4610      	mov	r0, r2
100032ec:	e703      	b.n	100030f6 <_etoa+0x226>
100032ee:	bf00      	nop

100032f0 <_ftoa>:
100032f0:	e92d 4ff0 	stmdb	sp!, {r4, r5, r6, r7, r8, r9, sl, fp, lr}
100032f4:	ed2d 8b02 	vpush	{d8}
100032f8:	b095      	sub	sp, #84	@ 0x54
100032fa:	9007      	str	r0, [sp, #28]
100032fc:	910a      	str	r1, [sp, #40]	@ 0x28
100032fe:	4692      	mov	sl, r2
10003300:	469b      	mov	fp, r3
10003302:	e9dd 8920 	ldrd	r8, r9, [sp, #128]	@ 0x80
10003306:	9d22      	ldr	r5, [sp, #136]	@ 0x88
10003308:	4642      	mov	r2, r8
1000330a:	464b      	mov	r3, r9
1000330c:	4640      	mov	r0, r8
1000330e:	4649      	mov	r1, r9
10003310:	f7ff fa40 	bl	10002794 <__wrap___aeabi_dcmpun>
10003314:	2800      	cmp	r0, #0
10003316:	d135      	bne.n	10003384 <_ftoa+0x94>
10003318:	f04f 32ff 	mov.w	r2, #4294967295
1000331c:	f46f 1380 	mvn.w	r3, #1048576	@ 0x100000
10003320:	4640      	mov	r0, r8
10003322:	4649      	mov	r1, r9
10003324:	f7ff fa5a 	bl	100027dc <__wrap___aeabi_dcmplt>
10003328:	2800      	cmp	r0, #0
1000332a:	d13a      	bne.n	100033a2 <_ftoa+0xb2>
1000332c:	f04f 32ff 	mov.w	r2, #4294967295
10003330:	4bb1      	ldr	r3, [pc, #708]	@ (100035f8 <_ftoa+0x308>)
10003332:	4640      	mov	r0, r8
10003334:	4649      	mov	r1, r9
10003336:	f7ff fa8d 	bl	10002854 <__wrap___aeabi_dcmpgt>
1000333a:	2800      	cmp	r0, #0
1000333c:	d140      	bne.n	100033c0 <_ftoa+0xd0>
1000333e:	a3aa      	add	r3, pc, #680	@ (adr r3, 100035e8 <_ftoa+0x2f8>)
10003340:	e9d3 2300 	ldrd	r2, r3, [r3]
10003344:	4640      	mov	r0, r8
10003346:	4649      	mov	r1, r9
10003348:	f7ff fa84 	bl	10002854 <__wrap___aeabi_dcmpgt>
1000334c:	2800      	cmp	r0, #0
1000334e:	d14d      	bne.n	100033ec <_ftoa+0xfc>
10003350:	a3a7      	add	r3, pc, #668	@ (adr r3, 100035f0 <_ftoa+0x300>)
10003352:	e9d3 2300 	ldrd	r2, r3, [r3]
10003356:	4640      	mov	r0, r8
10003358:	4649      	mov	r1, r9
1000335a:	f7ff fa3f 	bl	100027dc <__wrap___aeabi_dcmplt>
1000335e:	2800      	cmp	r0, #0
10003360:	d144      	bne.n	100033ec <_ftoa+0xfc>
10003362:	2200      	movs	r2, #0
10003364:	2300      	movs	r3, #0
10003366:	4640      	mov	r0, r8
10003368:	4649      	mov	r1, r9
1000336a:	f7ff fa37 	bl	100027dc <__wrap___aeabi_dcmplt>
1000336e:	2800      	cmp	r0, #0
10003370:	d14a      	bne.n	10003408 <_ftoa+0x118>
10003372:	2300      	movs	r3, #0
10003374:	930b      	str	r3, [sp, #44]	@ 0x2c
10003376:	9b24      	ldr	r3, [sp, #144]	@ 0x90
10003378:	f413 6f80 	tst.w	r3, #1024	@ 0x400
1000337c:	f000 80b5 	beq.w	100034ea <_ftoa+0x1fa>
10003380:	2400      	movs	r4, #0
10003382:	e054      	b.n	1000342e <_ftoa+0x13e>
10003384:	9b24      	ldr	r3, [sp, #144]	@ 0x90
10003386:	9303      	str	r3, [sp, #12]
10003388:	9b23      	ldr	r3, [sp, #140]	@ 0x8c
1000338a:	9302      	str	r3, [sp, #8]
1000338c:	2303      	movs	r3, #3
1000338e:	9301      	str	r3, [sp, #4]
10003390:	4b9a      	ldr	r3, [pc, #616]	@ (100035fc <_ftoa+0x30c>)
10003392:	9300      	str	r3, [sp, #0]
10003394:	465b      	mov	r3, fp
10003396:	4652      	mov	r2, sl
10003398:	990a      	ldr	r1, [sp, #40]	@ 0x28
1000339a:	9807      	ldr	r0, [sp, #28]
1000339c:	f7ff fc13 	bl	10002bc6 <_out_rev>
100033a0:	e11b      	b.n	100035da <_ftoa+0x2ea>
100033a2:	9b24      	ldr	r3, [sp, #144]	@ 0x90
100033a4:	9303      	str	r3, [sp, #12]
100033a6:	9b23      	ldr	r3, [sp, #140]	@ 0x8c
100033a8:	9302      	str	r3, [sp, #8]
100033aa:	2304      	movs	r3, #4
100033ac:	9301      	str	r3, [sp, #4]
100033ae:	4b94      	ldr	r3, [pc, #592]	@ (10003600 <_ftoa+0x310>)
100033b0:	9300      	str	r3, [sp, #0]
100033b2:	465b      	mov	r3, fp
100033b4:	4652      	mov	r2, sl
100033b6:	990a      	ldr	r1, [sp, #40]	@ 0x28
100033b8:	9807      	ldr	r0, [sp, #28]
100033ba:	f7ff fc04 	bl	10002bc6 <_out_rev>
100033be:	e10c      	b.n	100035da <_ftoa+0x2ea>
100033c0:	9b24      	ldr	r3, [sp, #144]	@ 0x90
100033c2:	f013 0f04 	tst.w	r3, #4
100033c6:	d00e      	beq.n	100033e6 <_ftoa+0xf6>
100033c8:	4b8e      	ldr	r3, [pc, #568]	@ (10003604 <_ftoa+0x314>)
100033ca:	2204      	movs	r2, #4
100033cc:	9924      	ldr	r1, [sp, #144]	@ 0x90
100033ce:	9103      	str	r1, [sp, #12]
100033d0:	9923      	ldr	r1, [sp, #140]	@ 0x8c
100033d2:	9102      	str	r1, [sp, #8]
100033d4:	9201      	str	r2, [sp, #4]
100033d6:	9300      	str	r3, [sp, #0]
100033d8:	465b      	mov	r3, fp
100033da:	4652      	mov	r2, sl
100033dc:	990a      	ldr	r1, [sp, #40]	@ 0x28
100033de:	9807      	ldr	r0, [sp, #28]
100033e0:	f7ff fbf1 	bl	10002bc6 <_out_rev>
100033e4:	e0f9      	b.n	100035da <_ftoa+0x2ea>
100033e6:	4b88      	ldr	r3, [pc, #544]	@ (10003608 <_ftoa+0x318>)
100033e8:	2203      	movs	r2, #3
100033ea:	e7ef      	b.n	100033cc <_ftoa+0xdc>
100033ec:	9b24      	ldr	r3, [sp, #144]	@ 0x90
100033ee:	9304      	str	r3, [sp, #16]
100033f0:	9b23      	ldr	r3, [sp, #140]	@ 0x8c
100033f2:	9303      	str	r3, [sp, #12]
100033f4:	9502      	str	r5, [sp, #8]
100033f6:	e9cd 8900 	strd	r8, r9, [sp]
100033fa:	465b      	mov	r3, fp
100033fc:	4652      	mov	r2, sl
100033fe:	990a      	ldr	r1, [sp, #40]	@ 0x28
10003400:	9807      	ldr	r0, [sp, #28]
10003402:	f7ff fd65 	bl	10002ed0 <_etoa>
10003406:	e0e8      	b.n	100035da <_ftoa+0x2ea>
10003408:	4642      	mov	r2, r8
1000340a:	464b      	mov	r3, r9
1000340c:	2000      	movs	r0, #0
1000340e:	2100      	movs	r1, #0
10003410:	f7ff f8e2 	bl	100025d8 <__wrap___aeabi_dsub>
10003414:	4680      	mov	r8, r0
10003416:	4689      	mov	r9, r1
10003418:	2301      	movs	r3, #1
1000341a:	930b      	str	r3, [sp, #44]	@ 0x2c
1000341c:	e7ab      	b.n	10003376 <_ftoa+0x86>
1000341e:	f104 0350 	add.w	r3, r4, #80	@ 0x50
10003422:	446b      	add	r3, sp
10003424:	2230      	movs	r2, #48	@ 0x30
10003426:	f803 2c20 	strb.w	r2, [r3, #-32]
1000342a:	3d01      	subs	r5, #1
1000342c:	3401      	adds	r4, #1
1000342e:	2c1f      	cmp	r4, #31
10003430:	d801      	bhi.n	10003436 <_ftoa+0x146>
10003432:	2d09      	cmp	r5, #9
10003434:	d8f3      	bhi.n	1000341e <_ftoa+0x12e>
10003436:	4640      	mov	r0, r8
10003438:	4649      	mov	r1, r9
1000343a:	f7ff f987 	bl	1000274c <__wrap___aeabi_d2iz>
1000343e:	4606      	mov	r6, r0
10003440:	f7ff f960 	bl	10002704 <__wrap___aeabi_i2d>
10003444:	4602      	mov	r2, r0
10003446:	460b      	mov	r3, r1
10003448:	4640      	mov	r0, r8
1000344a:	4649      	mov	r1, r9
1000344c:	f7ff f8c4 	bl	100025d8 <__wrap___aeabi_dsub>
10003450:	4b6e      	ldr	r3, [pc, #440]	@ (1000360c <_ftoa+0x31c>)
10003452:	eb03 03c5 	add.w	r3, r3, r5, lsl #3
10003456:	ed93 8b00 	vldr	d8, [r3]
1000345a:	ec53 2b18 	vmov	r2, r3, d8
1000345e:	f7ff f8cf 	bl	10002600 <__wrap___aeabi_dmul>
10003462:	4602      	mov	r2, r0
10003464:	460b      	mov	r3, r1
10003466:	e9cd 2308 	strd	r2, r3, [sp, #32]
1000346a:	f7ff f981 	bl	10002770 <__wrap___aeabi_d2uiz>
1000346e:	4607      	mov	r7, r0
10003470:	f7ff f95a 	bl	10002728 <__wrap___aeabi_ui2d>
10003474:	4602      	mov	r2, r0
10003476:	460b      	mov	r3, r1
10003478:	e9dd 0108 	ldrd	r0, r1, [sp, #32]
1000347c:	f7ff f8ac 	bl	100025d8 <__wrap___aeabi_dsub>
10003480:	4602      	mov	r2, r0
10003482:	460b      	mov	r3, r1
10003484:	e9cd 2308 	strd	r2, r3, [sp, #32]
10003488:	2200      	movs	r2, #0
1000348a:	4b61      	ldr	r3, [pc, #388]	@ (10003610 <_ftoa+0x320>)
1000348c:	f7ff f9e2 	bl	10002854 <__wrap___aeabi_dcmpgt>
10003490:	b368      	cbz	r0, 100034ee <_ftoa+0x1fe>
10003492:	3701      	adds	r7, #1
10003494:	4638      	mov	r0, r7
10003496:	f7ff f947 	bl	10002728 <__wrap___aeabi_ui2d>
1000349a:	4602      	mov	r2, r0
1000349c:	460b      	mov	r3, r1
1000349e:	ec51 0b18 	vmov	r0, r1, d8
100034a2:	f7ff f9af 	bl	10002804 <__wrap___aeabi_dcmple>
100034a6:	b108      	cbz	r0, 100034ac <_ftoa+0x1bc>
100034a8:	3601      	adds	r6, #1
100034aa:	2700      	movs	r7, #0
100034ac:	bb6d      	cbnz	r5, 1000350a <_ftoa+0x21a>
100034ae:	4630      	mov	r0, r6
100034b0:	f7ff f928 	bl	10002704 <__wrap___aeabi_i2d>
100034b4:	4602      	mov	r2, r0
100034b6:	460b      	mov	r3, r1
100034b8:	4640      	mov	r0, r8
100034ba:	4649      	mov	r1, r9
100034bc:	f7ff f88c 	bl	100025d8 <__wrap___aeabi_dsub>
100034c0:	4607      	mov	r7, r0
100034c2:	4688      	mov	r8, r1
100034c4:	2200      	movs	r2, #0
100034c6:	4b52      	ldr	r3, [pc, #328]	@ (10003610 <_ftoa+0x320>)
100034c8:	f7ff f988 	bl	100027dc <__wrap___aeabi_dcmplt>
100034cc:	2800      	cmp	r0, #0
100034ce:	d14c      	bne.n	1000356a <_ftoa+0x27a>
100034d0:	2200      	movs	r2, #0
100034d2:	4b4f      	ldr	r3, [pc, #316]	@ (10003610 <_ftoa+0x320>)
100034d4:	4638      	mov	r0, r7
100034d6:	4641      	mov	r1, r8
100034d8:	f7ff f9bc 	bl	10002854 <__wrap___aeabi_dcmpgt>
100034dc:	2800      	cmp	r0, #0
100034de:	d144      	bne.n	1000356a <_ftoa+0x27a>
100034e0:	f016 0f01 	tst.w	r6, #1
100034e4:	d041      	beq.n	1000356a <_ftoa+0x27a>
100034e6:	3601      	adds	r6, #1
100034e8:	e03f      	b.n	1000356a <_ftoa+0x27a>
100034ea:	2506      	movs	r5, #6
100034ec:	e748      	b.n	10003380 <_ftoa+0x90>
100034ee:	2200      	movs	r2, #0
100034f0:	4b47      	ldr	r3, [pc, #284]	@ (10003610 <_ftoa+0x320>)
100034f2:	e9dd 0108 	ldrd	r0, r1, [sp, #32]
100034f6:	f7ff f971 	bl	100027dc <__wrap___aeabi_dcmplt>
100034fa:	2800      	cmp	r0, #0
100034fc:	d1d6      	bne.n	100034ac <_ftoa+0x1bc>
100034fe:	b117      	cbz	r7, 10003506 <_ftoa+0x216>
10003500:	f017 0f01 	tst.w	r7, #1
10003504:	d0d2      	beq.n	100034ac <_ftoa+0x1bc>
10003506:	3701      	adds	r7, #1
10003508:	e7d0      	b.n	100034ac <_ftoa+0x1bc>
1000350a:	2c1f      	cmp	r4, #31
1000350c:	d817      	bhi.n	1000353e <_ftoa+0x24e>
1000350e:	3d01      	subs	r5, #1
10003510:	4b40      	ldr	r3, [pc, #256]	@ (10003614 <_ftoa+0x324>)
10003512:	fba3 2307 	umull	r2, r3, r3, r7
10003516:	08db      	lsrs	r3, r3, #3
10003518:	4619      	mov	r1, r3
1000351a:	eb03 0383 	add.w	r3, r3, r3, lsl #2
1000351e:	eba7 0343 	sub.w	r3, r7, r3, lsl #1
10003522:	1c62      	adds	r2, r4, #1
10003524:	3330      	adds	r3, #48	@ 0x30
10003526:	f104 0050 	add.w	r0, r4, #80	@ 0x50
1000352a:	eb0d 0400 	add.w	r4, sp, r0
1000352e:	f804 3c20 	strb.w	r3, [r4, #-32]
10003532:	2f09      	cmp	r7, #9
10003534:	d902      	bls.n	1000353c <_ftoa+0x24c>
10003536:	460f      	mov	r7, r1
10003538:	4614      	mov	r4, r2
1000353a:	e7e6      	b.n	1000350a <_ftoa+0x21a>
1000353c:	4614      	mov	r4, r2
1000353e:	2c1f      	cmp	r4, #31
10003540:	d80a      	bhi.n	10003558 <_ftoa+0x268>
10003542:	1e6b      	subs	r3, r5, #1
10003544:	b145      	cbz	r5, 10003558 <_ftoa+0x268>
10003546:	f104 0250 	add.w	r2, r4, #80	@ 0x50
1000354a:	446a      	add	r2, sp
1000354c:	2130      	movs	r1, #48	@ 0x30
1000354e:	f802 1c20 	strb.w	r1, [r2, #-32]
10003552:	461d      	mov	r5, r3
10003554:	3401      	adds	r4, #1
10003556:	e7f2      	b.n	1000353e <_ftoa+0x24e>
10003558:	2c1f      	cmp	r4, #31
1000355a:	d806      	bhi.n	1000356a <_ftoa+0x27a>
1000355c:	f104 0350 	add.w	r3, r4, #80	@ 0x50
10003560:	446b      	add	r3, sp
10003562:	222e      	movs	r2, #46	@ 0x2e
10003564:	f803 2c20 	strb.w	r2, [r3, #-32]
10003568:	3401      	adds	r4, #1
1000356a:	2c1f      	cmp	r4, #31
1000356c:	d817      	bhi.n	1000359e <_ftoa+0x2ae>
1000356e:	4a2a      	ldr	r2, [pc, #168]	@ (10003618 <_ftoa+0x328>)
10003570:	fb82 3206 	smull	r3, r2, r2, r6
10003574:	17f3      	asrs	r3, r6, #31
10003576:	ebc3 03a2 	rsb	r3, r3, r2, asr #2
1000357a:	461a      	mov	r2, r3
1000357c:	eb03 0383 	add.w	r3, r3, r3, lsl #2
10003580:	eba6 0343 	sub.w	r3, r6, r3, lsl #1
10003584:	1c61      	adds	r1, r4, #1
10003586:	3330      	adds	r3, #48	@ 0x30
10003588:	f104 0050 	add.w	r0, r4, #80	@ 0x50
1000358c:	eb0d 0400 	add.w	r4, sp, r0
10003590:	f804 3c20 	strb.w	r3, [r4, #-32]
10003594:	4616      	mov	r6, r2
10003596:	b10a      	cbz	r2, 1000359c <_ftoa+0x2ac>
10003598:	460c      	mov	r4, r1
1000359a:	e7e6      	b.n	1000356a <_ftoa+0x27a>
1000359c:	460c      	mov	r4, r1
1000359e:	9b24      	ldr	r3, [sp, #144]	@ 0x90
100035a0:	f003 0303 	and.w	r3, r3, #3
100035a4:	2b01      	cmp	r3, #1
100035a6:	d039      	beq.n	1000361c <_ftoa+0x32c>
100035a8:	2c1f      	cmp	r4, #31
100035aa:	d809      	bhi.n	100035c0 <_ftoa+0x2d0>
100035ac:	9b0b      	ldr	r3, [sp, #44]	@ 0x2c
100035ae:	2b00      	cmp	r3, #0
100035b0:	d051      	beq.n	10003656 <_ftoa+0x366>
100035b2:	f104 0350 	add.w	r3, r4, #80	@ 0x50
100035b6:	446b      	add	r3, sp
100035b8:	222d      	movs	r2, #45	@ 0x2d
100035ba:	f803 2c20 	strb.w	r2, [r3, #-32]
100035be:	3401      	adds	r4, #1
100035c0:	9b24      	ldr	r3, [sp, #144]	@ 0x90
100035c2:	9303      	str	r3, [sp, #12]
100035c4:	9b23      	ldr	r3, [sp, #140]	@ 0x8c
100035c6:	9302      	str	r3, [sp, #8]
100035c8:	9401      	str	r4, [sp, #4]
100035ca:	ab0c      	add	r3, sp, #48	@ 0x30
100035cc:	9300      	str	r3, [sp, #0]
100035ce:	465b      	mov	r3, fp
100035d0:	4652      	mov	r2, sl
100035d2:	990a      	ldr	r1, [sp, #40]	@ 0x28
100035d4:	9807      	ldr	r0, [sp, #28]
100035d6:	f7ff faf6 	bl	10002bc6 <_out_rev>
100035da:	b015      	add	sp, #84	@ 0x54
100035dc:	ecbd 8b02 	vpop	{d8}
100035e0:	e8bd 8ff0 	ldmia.w	sp!, {r4, r5, r6, r7, r8, r9, sl, fp, pc}
100035e4:	f3af 8000 	nop.w
100035e8:	00000000 	.word	0x00000000
100035ec:	41cdcd65 	.word	0x41cdcd65
100035f0:	00000000 	.word	0x00000000
100035f4:	c1cdcd65 	.word	0xc1cdcd65
100035f8:	7fefffff 	.word	0x7fefffff
100035fc:	1000b6bc 	.word	0x1000b6bc
10003600:	1000b6c0 	.word	0x1000b6c0
10003604:	1000b6b0 	.word	0x1000b6b0
10003608:	1000b6b8 	.word	0x1000b6b8
1000360c:	1000bdc8 	.word	0x1000bdc8
10003610:	3fe00000 	.word	0x3fe00000
10003614:	cccccccd 	.word	0xcccccccd
10003618:	66666667 	.word	0x66666667
1000361c:	9b23      	ldr	r3, [sp, #140]	@ 0x8c
1000361e:	b1b3      	cbz	r3, 1000364e <_ftoa+0x35e>
10003620:	9b0b      	ldr	r3, [sp, #44]	@ 0x2c
10003622:	b91b      	cbnz	r3, 1000362c <_ftoa+0x33c>
10003624:	9b24      	ldr	r3, [sp, #144]	@ 0x90
10003626:	f013 0f0c 	tst.w	r3, #12
1000362a:	d012      	beq.n	10003652 <_ftoa+0x362>
1000362c:	9b23      	ldr	r3, [sp, #140]	@ 0x8c
1000362e:	3b01      	subs	r3, #1
10003630:	9323      	str	r3, [sp, #140]	@ 0x8c
10003632:	4619      	mov	r1, r3
10003634:	e006      	b.n	10003644 <_ftoa+0x354>
10003636:	f104 0350 	add.w	r3, r4, #80	@ 0x50
1000363a:	446b      	add	r3, sp
1000363c:	2230      	movs	r2, #48	@ 0x30
1000363e:	f803 2c20 	strb.w	r2, [r3, #-32]
10003642:	3401      	adds	r4, #1
10003644:	428c      	cmp	r4, r1
10003646:	d2af      	bcs.n	100035a8 <_ftoa+0x2b8>
10003648:	2c1f      	cmp	r4, #31
1000364a:	d9f4      	bls.n	10003636 <_ftoa+0x346>
1000364c:	e7ac      	b.n	100035a8 <_ftoa+0x2b8>
1000364e:	9923      	ldr	r1, [sp, #140]	@ 0x8c
10003650:	e7f8      	b.n	10003644 <_ftoa+0x354>
10003652:	9923      	ldr	r1, [sp, #140]	@ 0x8c
10003654:	e7f6      	b.n	10003644 <_ftoa+0x354>
10003656:	9b24      	ldr	r3, [sp, #144]	@ 0x90
10003658:	f013 0f04 	tst.w	r3, #4
1000365c:	d007      	beq.n	1000366e <_ftoa+0x37e>
1000365e:	f104 0350 	add.w	r3, r4, #80	@ 0x50
10003662:	446b      	add	r3, sp
10003664:	222b      	movs	r2, #43	@ 0x2b
10003666:	f803 2c20 	strb.w	r2, [r3, #-32]
1000366a:	3401      	adds	r4, #1
1000366c:	e7a8      	b.n	100035c0 <_ftoa+0x2d0>
1000366e:	9b24      	ldr	r3, [sp, #144]	@ 0x90
10003670:	f013 0f08 	tst.w	r3, #8
10003674:	d0a4      	beq.n	100035c0 <_ftoa+0x2d0>
10003676:	f104 0350 	add.w	r3, r4, #80	@ 0x50
1000367a:	446b      	add	r3, sp
1000367c:	2220      	movs	r2, #32
1000367e:	f803 2c20 	strb.w	r2, [r3, #-32]
10003682:	3401      	adds	r4, #1
10003684:	e79c      	b.n	100035c0 <_ftoa+0x2d0>
10003686:	bf00      	nop

10003688 <_vsnprintf>:
10003688:	e92d 4ff0 	stmdb	sp!, {r4, r5, r6, r7, r8, r9, sl, fp, lr}
1000368c:	b08f      	sub	sp, #60	@ 0x3c
1000368e:	4680      	mov	r8, r0
10003690:	4617      	mov	r7, r2
10003692:	930d      	str	r3, [sp, #52]	@ 0x34
10003694:	4689      	mov	r9, r1
10003696:	2900      	cmp	r1, #0
10003698:	f000 834f 	beq.w	10003d3a <_vsnprintf+0x6b2>
1000369c:	2500      	movs	r5, #0
1000369e:	e008      	b.n	100036b2 <_vsnprintf+0x2a>
100036a0:	1c6c      	adds	r4, r5, #1
100036a2:	463b      	mov	r3, r7
100036a4:	462a      	mov	r2, r5
100036a6:	4649      	mov	r1, r9
100036a8:	47c0      	blx	r8
100036aa:	9b0d      	ldr	r3, [sp, #52]	@ 0x34
100036ac:	3301      	adds	r3, #1
100036ae:	930d      	str	r3, [sp, #52]	@ 0x34
100036b0:	4625      	mov	r5, r4
100036b2:	9b0d      	ldr	r3, [sp, #52]	@ 0x34
100036b4:	7818      	ldrb	r0, [r3, #0]
100036b6:	2800      	cmp	r0, #0
100036b8:	f000 8342 	beq.w	10003d40 <_vsnprintf+0x6b8>
100036bc:	2825      	cmp	r0, #37	@ 0x25
100036be:	d1ef      	bne.n	100036a0 <_vsnprintf+0x18>
100036c0:	3301      	adds	r3, #1
100036c2:	930d      	str	r3, [sp, #52]	@ 0x34
100036c4:	2600      	movs	r6, #0
100036c6:	e01f      	b.n	10003708 <_vsnprintf+0x80>
100036c8:	f046 0601 	orr.w	r6, r6, #1
100036cc:	3201      	adds	r2, #1
100036ce:	920d      	str	r2, [sp, #52]	@ 0x34
100036d0:	2301      	movs	r3, #1
100036d2:	e018      	b.n	10003706 <_vsnprintf+0x7e>
100036d4:	f046 0602 	orr.w	r6, r6, #2
100036d8:	3201      	adds	r2, #1
100036da:	920d      	str	r2, [sp, #52]	@ 0x34
100036dc:	2301      	movs	r3, #1
100036de:	e012      	b.n	10003706 <_vsnprintf+0x7e>
100036e0:	f046 0604 	orr.w	r6, r6, #4
100036e4:	3201      	adds	r2, #1
100036e6:	920d      	str	r2, [sp, #52]	@ 0x34
100036e8:	2301      	movs	r3, #1
100036ea:	e00c      	b.n	10003706 <_vsnprintf+0x7e>
100036ec:	f046 0608 	orr.w	r6, r6, #8
100036f0:	3201      	adds	r2, #1
100036f2:	920d      	str	r2, [sp, #52]	@ 0x34
100036f4:	2301      	movs	r3, #1
100036f6:	e006      	b.n	10003706 <_vsnprintf+0x7e>
100036f8:	f046 0610 	orr.w	r6, r6, #16
100036fc:	3201      	adds	r2, #1
100036fe:	920d      	str	r2, [sp, #52]	@ 0x34
10003700:	2301      	movs	r3, #1
10003702:	e000      	b.n	10003706 <_vsnprintf+0x7e>
10003704:	2300      	movs	r3, #0
10003706:	b34b      	cbz	r3, 1000375c <_vsnprintf+0xd4>
10003708:	9a0d      	ldr	r2, [sp, #52]	@ 0x34
1000370a:	7813      	ldrb	r3, [r2, #0]
1000370c:	3b20      	subs	r3, #32
1000370e:	2b10      	cmp	r3, #16
10003710:	d8f8      	bhi.n	10003704 <_vsnprintf+0x7c>
10003712:	a101      	add	r1, pc, #4	@ (adr r1, 10003718 <_vsnprintf+0x90>)
10003714:	f851 f023 	ldr.w	pc, [r1, r3, lsl #2]
10003718:	100036ed 	.word	0x100036ed
1000371c:	10003705 	.word	0x10003705
10003720:	10003705 	.word	0x10003705
10003724:	100036f9 	.word	0x100036f9
10003728:	10003705 	.word	0x10003705
1000372c:	10003705 	.word	0x10003705
10003730:	10003705 	.word	0x10003705
10003734:	10003705 	.word	0x10003705
10003738:	10003705 	.word	0x10003705
1000373c:	10003705 	.word	0x10003705
10003740:	10003705 	.word	0x10003705
10003744:	100036e1 	.word	0x100036e1
10003748:	10003705 	.word	0x10003705
1000374c:	100036d5 	.word	0x100036d5
10003750:	10003705 	.word	0x10003705
10003754:	10003705 	.word	0x10003705
10003758:	100036c9 	.word	0x100036c9
1000375c:	930a      	str	r3, [sp, #40]	@ 0x28
1000375e:	9b0d      	ldr	r3, [sp, #52]	@ 0x34
10003760:	781a      	ldrb	r2, [r3, #0]
10003762:	f1a2 0330 	sub.w	r3, r2, #48	@ 0x30
10003766:	b2db      	uxtb	r3, r3
10003768:	2b09      	cmp	r3, #9
1000376a:	d918      	bls.n	1000379e <_vsnprintf+0x116>
1000376c:	2a2a      	cmp	r2, #42	@ 0x2a
1000376e:	d01b      	beq.n	100037a8 <_vsnprintf+0x120>
10003770:	9b0a      	ldr	r3, [sp, #40]	@ 0x28
10003772:	930b      	str	r3, [sp, #44]	@ 0x2c
10003774:	9b0d      	ldr	r3, [sp, #52]	@ 0x34
10003776:	781a      	ldrb	r2, [r3, #0]
10003778:	2a2e      	cmp	r2, #46	@ 0x2e
1000377a:	d025      	beq.n	100037c8 <_vsnprintf+0x140>
1000377c:	9a0d      	ldr	r2, [sp, #52]	@ 0x34
1000377e:	7813      	ldrb	r3, [r2, #0]
10003780:	3b68      	subs	r3, #104	@ 0x68
10003782:	2b12      	cmp	r3, #18
10003784:	d85c      	bhi.n	10003840 <_vsnprintf+0x1b8>
10003786:	e8df f003 	tbb	[pc, r3]
1000378a:	5b49      	.short	0x5b49
1000378c:	5b3b5bac 	.word	0x5b3b5bac
10003790:	5b5b5b5b 	.word	0x5b5b5b5b
10003794:	5b575b5b 	.word	0x5b575b5b
10003798:	5b5b5b5b 	.word	0x5b5b5b5b
1000379c:	b1          	.byte	0xb1
1000379d:	00          	.byte	0x00
1000379e:	a80d      	add	r0, sp, #52	@ 0x34
100037a0:	f7ff f9fe 	bl	10002ba0 <_atoi>
100037a4:	900b      	str	r0, [sp, #44]	@ 0x2c
100037a6:	e7e5      	b.n	10003774 <_vsnprintf+0xec>
100037a8:	9b18      	ldr	r3, [sp, #96]	@ 0x60
100037aa:	1d1a      	adds	r2, r3, #4
100037ac:	9218      	str	r2, [sp, #96]	@ 0x60
100037ae:	681b      	ldr	r3, [r3, #0]
100037b0:	2b00      	cmp	r3, #0
100037b2:	db04      	blt.n	100037be <_vsnprintf+0x136>
100037b4:	930b      	str	r3, [sp, #44]	@ 0x2c
100037b6:	9b0d      	ldr	r3, [sp, #52]	@ 0x34
100037b8:	3301      	adds	r3, #1
100037ba:	930d      	str	r3, [sp, #52]	@ 0x34
100037bc:	e7da      	b.n	10003774 <_vsnprintf+0xec>
100037be:	f046 0602 	orr.w	r6, r6, #2
100037c2:	425b      	negs	r3, r3
100037c4:	930b      	str	r3, [sp, #44]	@ 0x2c
100037c6:	e7f6      	b.n	100037b6 <_vsnprintf+0x12e>
100037c8:	f446 6680 	orr.w	r6, r6, #1024	@ 0x400
100037cc:	1c5a      	adds	r2, r3, #1
100037ce:	920d      	str	r2, [sp, #52]	@ 0x34
100037d0:	785a      	ldrb	r2, [r3, #1]
100037d2:	f1a2 0330 	sub.w	r3, r2, #48	@ 0x30
100037d6:	b2db      	uxtb	r3, r3
100037d8:	2b09      	cmp	r3, #9
100037da:	d90c      	bls.n	100037f6 <_vsnprintf+0x16e>
100037dc:	2a2a      	cmp	r2, #42	@ 0x2a
100037de:	d1cd      	bne.n	1000377c <_vsnprintf+0xf4>
100037e0:	9b18      	ldr	r3, [sp, #96]	@ 0x60
100037e2:	1d1a      	adds	r2, r3, #4
100037e4:	9218      	str	r2, [sp, #96]	@ 0x60
100037e6:	681c      	ldr	r4, [r3, #0]
100037e8:	ea24 73e4 	bic.w	r3, r4, r4, asr #31
100037ec:	930a      	str	r3, [sp, #40]	@ 0x28
100037ee:	9b0d      	ldr	r3, [sp, #52]	@ 0x34
100037f0:	3301      	adds	r3, #1
100037f2:	930d      	str	r3, [sp, #52]	@ 0x34
100037f4:	e7c2      	b.n	1000377c <_vsnprintf+0xf4>
100037f6:	a80d      	add	r0, sp, #52	@ 0x34
100037f8:	f7ff f9d2 	bl	10002ba0 <_atoi>
100037fc:	900a      	str	r0, [sp, #40]	@ 0x28
100037fe:	e7bd      	b.n	1000377c <_vsnprintf+0xf4>
10003800:	f446 7180 	orr.w	r1, r6, #256	@ 0x100
10003804:	1c53      	adds	r3, r2, #1
10003806:	930d      	str	r3, [sp, #52]	@ 0x34
10003808:	7853      	ldrb	r3, [r2, #1]
1000380a:	2b6c      	cmp	r3, #108	@ 0x6c
1000380c:	d001      	beq.n	10003812 <_vsnprintf+0x18a>
1000380e:	460e      	mov	r6, r1
10003810:	e016      	b.n	10003840 <_vsnprintf+0x1b8>
10003812:	f446 7640 	orr.w	r6, r6, #768	@ 0x300
10003816:	3202      	adds	r2, #2
10003818:	920d      	str	r2, [sp, #52]	@ 0x34
1000381a:	e011      	b.n	10003840 <_vsnprintf+0x1b8>
1000381c:	f046 0180 	orr.w	r1, r6, #128	@ 0x80
10003820:	1c53      	adds	r3, r2, #1
10003822:	930d      	str	r3, [sp, #52]	@ 0x34
10003824:	7853      	ldrb	r3, [r2, #1]
10003826:	2b68      	cmp	r3, #104	@ 0x68
10003828:	d001      	beq.n	1000382e <_vsnprintf+0x1a6>
1000382a:	460e      	mov	r6, r1
1000382c:	e008      	b.n	10003840 <_vsnprintf+0x1b8>
1000382e:	f046 06c0 	orr.w	r6, r6, #192	@ 0xc0
10003832:	3202      	adds	r2, #2
10003834:	920d      	str	r2, [sp, #52]	@ 0x34
10003836:	e003      	b.n	10003840 <_vsnprintf+0x1b8>
10003838:	f446 7680 	orr.w	r6, r6, #256	@ 0x100
1000383c:	3201      	adds	r2, #1
1000383e:	920d      	str	r2, [sp, #52]	@ 0x34
10003840:	9b0d      	ldr	r3, [sp, #52]	@ 0x34
10003842:	7818      	ldrb	r0, [r3, #0]
10003844:	2867      	cmp	r0, #103	@ 0x67
10003846:	d856      	bhi.n	100038f6 <_vsnprintf+0x26e>
10003848:	2825      	cmp	r0, #37	@ 0x25
1000384a:	f0c0 826c 	bcc.w	10003d26 <_vsnprintf+0x69e>
1000384e:	f1a0 0325 	sub.w	r3, r0, #37	@ 0x25
10003852:	2b42      	cmp	r3, #66	@ 0x42
10003854:	f200 8267 	bhi.w	10003d26 <_vsnprintf+0x69e>
10003858:	e8df f013 	tbh	[pc, r3, lsl #1]
1000385c:	0265025a 	.word	0x0265025a
10003860:	02650265 	.word	0x02650265
10003864:	02650265 	.word	0x02650265
10003868:	02650265 	.word	0x02650265
1000386c:	02650265 	.word	0x02650265
10003870:	02650265 	.word	0x02650265
10003874:	02650265 	.word	0x02650265
10003878:	02650265 	.word	0x02650265
1000387c:	02650265 	.word	0x02650265
10003880:	02650265 	.word	0x02650265
10003884:	02650265 	.word	0x02650265
10003888:	02650265 	.word	0x02650265
1000388c:	02650265 	.word	0x02650265
10003890:	02650265 	.word	0x02650265
10003894:	02650265 	.word	0x02650265
10003898:	02650265 	.word	0x02650265
1000389c:	01680188 	.word	0x01680188
100038a0:	02650188 	.word	0x02650188
100038a4:	02650265 	.word	0x02650265
100038a8:	02650265 	.word	0x02650265
100038ac:	02650265 	.word	0x02650265
100038b0:	02650265 	.word	0x02650265
100038b4:	02650265 	.word	0x02650265
100038b8:	02650265 	.word	0x02650265
100038bc:	02650265 	.word	0x02650265
100038c0:	00710265 	.word	0x00710265
100038c4:	02650265 	.word	0x02650265
100038c8:	02650265 	.word	0x02650265
100038cc:	02650265 	.word	0x02650265
100038d0:	02650265 	.word	0x02650265
100038d4:	00710265 	.word	0x00710265
100038d8:	007101af 	.word	0x007101af
100038dc:	01680188 	.word	0x01680188
100038e0:	0188      	.short	0x0188
100038e2:	f446 7600 	orr.w	r6, r6, #512	@ 0x200
100038e6:	3201      	adds	r2, #1
100038e8:	920d      	str	r2, [sp, #52]	@ 0x34
100038ea:	e7a9      	b.n	10003840 <_vsnprintf+0x1b8>
100038ec:	f446 7680 	orr.w	r6, r6, #256	@ 0x100
100038f0:	3201      	adds	r2, #1
100038f2:	920d      	str	r2, [sp, #52]	@ 0x34
100038f4:	e7a4      	b.n	10003840 <_vsnprintf+0x1b8>
100038f6:	2878      	cmp	r0, #120	@ 0x78
100038f8:	f200 8215 	bhi.w	10003d26 <_vsnprintf+0x69e>
100038fc:	2869      	cmp	r0, #105	@ 0x69
100038fe:	f0c0 8212 	bcc.w	10003d26 <_vsnprintf+0x69e>
10003902:	f1a0 0269 	sub.w	r2, r0, #105	@ 0x69
10003906:	b2d2      	uxtb	r2, r2
10003908:	2301      	movs	r3, #1
1000390a:	4093      	lsls	r3, r2
1000390c:	f249 0241 	movw	r2, #36929	@ 0x9041
10003910:	4213      	tst	r3, r2
10003912:	d114      	bne.n	1000393e <_vsnprintf+0x2b6>
10003914:	f013 0f80 	tst.w	r3, #128	@ 0x80
10003918:	f040 81df 	bne.w	10003cda <_vsnprintf+0x652>
1000391c:	f413 6f80 	tst.w	r3, #1024	@ 0x400
10003920:	f000 8201 	beq.w	10003d26 <_vsnprintf+0x69e>
10003924:	9b18      	ldr	r3, [sp, #96]	@ 0x60
10003926:	1d1a      	adds	r2, r3, #4
10003928:	9218      	str	r2, [sp, #96]	@ 0x60
1000392a:	f8d3 a000 	ldr.w	sl, [r3]
1000392e:	9b0a      	ldr	r3, [sp, #40]	@ 0x28
10003930:	2b00      	cmp	r3, #0
10003932:	f040 8190 	bne.w	10003c56 <_vsnprintf+0x5ce>
10003936:	f04f 32ff 	mov.w	r2, #4294967295
1000393a:	4653      	mov	r3, sl
1000393c:	e174      	b.n	10003c28 <_vsnprintf+0x5a0>
1000393e:	286f      	cmp	r0, #111	@ 0x6f
10003940:	d03d      	beq.n	100039be <_vsnprintf+0x336>
10003942:	d805      	bhi.n	10003950 <_vsnprintf+0x2c8>
10003944:	2858      	cmp	r0, #88	@ 0x58
10003946:	d03c      	beq.n	100039c2 <_vsnprintf+0x33a>
10003948:	2862      	cmp	r0, #98	@ 0x62
1000394a:	d103      	bne.n	10003954 <_vsnprintf+0x2cc>
1000394c:	2302      	movs	r3, #2
1000394e:	e004      	b.n	1000395a <_vsnprintf+0x2d2>
10003950:	2878      	cmp	r0, #120	@ 0x78
10003952:	d038      	beq.n	100039c6 <_vsnprintf+0x33e>
10003954:	f026 0610 	bic.w	r6, r6, #16
10003958:	230a      	movs	r3, #10
1000395a:	2858      	cmp	r0, #88	@ 0x58
1000395c:	d035      	beq.n	100039ca <_vsnprintf+0x342>
1000395e:	2869      	cmp	r0, #105	@ 0x69
10003960:	d003      	beq.n	1000396a <_vsnprintf+0x2e2>
10003962:	2864      	cmp	r0, #100	@ 0x64
10003964:	d001      	beq.n	1000396a <_vsnprintf+0x2e2>
10003966:	f026 060c 	bic.w	r6, r6, #12
1000396a:	f416 6f80 	tst.w	r6, #1024	@ 0x400
1000396e:	d001      	beq.n	10003974 <_vsnprintf+0x2ec>
10003970:	f026 0601 	bic.w	r6, r6, #1
10003974:	2869      	cmp	r0, #105	@ 0x69
10003976:	d02b      	beq.n	100039d0 <_vsnprintf+0x348>
10003978:	2864      	cmp	r0, #100	@ 0x64
1000397a:	d029      	beq.n	100039d0 <_vsnprintf+0x348>
1000397c:	f416 7f00 	tst.w	r6, #512	@ 0x200
10003980:	f040 8096 	bne.w	10003ab0 <_vsnprintf+0x428>
10003984:	f416 7f80 	tst.w	r6, #256	@ 0x100
10003988:	f040 80ae 	bne.w	10003ae8 <_vsnprintf+0x460>
1000398c:	f016 0f40 	tst.w	r6, #64	@ 0x40
10003990:	f000 80bf 	beq.w	10003b12 <_vsnprintf+0x48a>
10003994:	9a18      	ldr	r2, [sp, #96]	@ 0x60
10003996:	1d11      	adds	r1, r2, #4
10003998:	9118      	str	r1, [sp, #96]	@ 0x60
1000399a:	7812      	ldrb	r2, [r2, #0]
1000399c:	9605      	str	r6, [sp, #20]
1000399e:	990b      	ldr	r1, [sp, #44]	@ 0x2c
100039a0:	9104      	str	r1, [sp, #16]
100039a2:	990a      	ldr	r1, [sp, #40]	@ 0x28
100039a4:	9103      	str	r1, [sp, #12]
100039a6:	9302      	str	r3, [sp, #8]
100039a8:	2300      	movs	r3, #0
100039aa:	9301      	str	r3, [sp, #4]
100039ac:	9200      	str	r2, [sp, #0]
100039ae:	463b      	mov	r3, r7
100039b0:	462a      	mov	r2, r5
100039b2:	4649      	mov	r1, r9
100039b4:	4640      	mov	r0, r8
100039b6:	f7ff f9df 	bl	10002d78 <_ntoa_long>
100039ba:	4605      	mov	r5, r0
100039bc:	e029      	b.n	10003a12 <_vsnprintf+0x38a>
100039be:	2308      	movs	r3, #8
100039c0:	e7cb      	b.n	1000395a <_vsnprintf+0x2d2>
100039c2:	2310      	movs	r3, #16
100039c4:	e7c9      	b.n	1000395a <_vsnprintf+0x2d2>
100039c6:	2310      	movs	r3, #16
100039c8:	e7c7      	b.n	1000395a <_vsnprintf+0x2d2>
100039ca:	f046 0620 	orr.w	r6, r6, #32
100039ce:	e7c6      	b.n	1000395e <_vsnprintf+0x2d6>
100039d0:	f416 7f00 	tst.w	r6, #512	@ 0x200
100039d4:	d121      	bne.n	10003a1a <_vsnprintf+0x392>
100039d6:	f416 7f80 	tst.w	r6, #256	@ 0x100
100039da:	d142      	bne.n	10003a62 <_vsnprintf+0x3da>
100039dc:	f016 0f40 	tst.w	r6, #64	@ 0x40
100039e0:	d058      	beq.n	10003a94 <_vsnprintf+0x40c>
100039e2:	9a18      	ldr	r2, [sp, #96]	@ 0x60
100039e4:	1d11      	adds	r1, r2, #4
100039e6:	9118      	str	r1, [sp, #96]	@ 0x60
100039e8:	7812      	ldrb	r2, [r2, #0]
100039ea:	ea82 71e2 	eor.w	r1, r2, r2, asr #31
100039ee:	eba1 71e2 	sub.w	r1, r1, r2, asr #31
100039f2:	9605      	str	r6, [sp, #20]
100039f4:	980b      	ldr	r0, [sp, #44]	@ 0x2c
100039f6:	9004      	str	r0, [sp, #16]
100039f8:	980a      	ldr	r0, [sp, #40]	@ 0x28
100039fa:	9003      	str	r0, [sp, #12]
100039fc:	9302      	str	r3, [sp, #8]
100039fe:	0fd2      	lsrs	r2, r2, #31
10003a00:	9201      	str	r2, [sp, #4]
10003a02:	9100      	str	r1, [sp, #0]
10003a04:	463b      	mov	r3, r7
10003a06:	462a      	mov	r2, r5
10003a08:	4649      	mov	r1, r9
10003a0a:	4640      	mov	r0, r8
10003a0c:	f7ff f9b4 	bl	10002d78 <_ntoa_long>
10003a10:	4605      	mov	r5, r0
10003a12:	9b0d      	ldr	r3, [sp, #52]	@ 0x34
10003a14:	3301      	adds	r3, #1
10003a16:	930d      	str	r3, [sp, #52]	@ 0x34
10003a18:	e64b      	b.n	100036b2 <_vsnprintf+0x2a>
10003a1a:	9a18      	ldr	r2, [sp, #96]	@ 0x60
10003a1c:	3207      	adds	r2, #7
10003a1e:	f022 0207 	bic.w	r2, r2, #7
10003a22:	f102 0108 	add.w	r1, r2, #8
10003a26:	9118      	str	r1, [sp, #96]	@ 0x60
10003a28:	6851      	ldr	r1, [r2, #4]
10003a2a:	6812      	ldr	r2, [r2, #0]
10003a2c:	4608      	mov	r0, r1
10003a2e:	2900      	cmp	r1, #0
10003a30:	db13      	blt.n	10003a5a <_vsnprintf+0x3d2>
10003a32:	9608      	str	r6, [sp, #32]
10003a34:	9c0b      	ldr	r4, [sp, #44]	@ 0x2c
10003a36:	9407      	str	r4, [sp, #28]
10003a38:	9c0a      	ldr	r4, [sp, #40]	@ 0x28
10003a3a:	9406      	str	r4, [sp, #24]
10003a3c:	9304      	str	r3, [sp, #16]
10003a3e:	2300      	movs	r3, #0
10003a40:	9305      	str	r3, [sp, #20]
10003a42:	0fc9      	lsrs	r1, r1, #31
10003a44:	9102      	str	r1, [sp, #8]
10003a46:	9200      	str	r2, [sp, #0]
10003a48:	9001      	str	r0, [sp, #4]
10003a4a:	463b      	mov	r3, r7
10003a4c:	462a      	mov	r2, r5
10003a4e:	4649      	mov	r1, r9
10003a50:	4640      	mov	r0, r8
10003a52:	f7ff f9db 	bl	10002e0c <_ntoa_long_long>
10003a56:	4605      	mov	r5, r0
10003a58:	e7db      	b.n	10003a12 <_vsnprintf+0x38a>
10003a5a:	4252      	negs	r2, r2
10003a5c:	eb61 0041 	sbc.w	r0, r1, r1, lsl #1
10003a60:	e7e7      	b.n	10003a32 <_vsnprintf+0x3aa>
10003a62:	9a18      	ldr	r2, [sp, #96]	@ 0x60
10003a64:	1d11      	adds	r1, r2, #4
10003a66:	9118      	str	r1, [sp, #96]	@ 0x60
10003a68:	6812      	ldr	r2, [r2, #0]
10003a6a:	ea82 71e2 	eor.w	r1, r2, r2, asr #31
10003a6e:	eba1 71e2 	sub.w	r1, r1, r2, asr #31
10003a72:	9605      	str	r6, [sp, #20]
10003a74:	980b      	ldr	r0, [sp, #44]	@ 0x2c
10003a76:	9004      	str	r0, [sp, #16]
10003a78:	980a      	ldr	r0, [sp, #40]	@ 0x28
10003a7a:	9003      	str	r0, [sp, #12]
10003a7c:	9302      	str	r3, [sp, #8]
10003a7e:	0fd2      	lsrs	r2, r2, #31
10003a80:	9201      	str	r2, [sp, #4]
10003a82:	9100      	str	r1, [sp, #0]
10003a84:	463b      	mov	r3, r7
10003a86:	462a      	mov	r2, r5
10003a88:	4649      	mov	r1, r9
10003a8a:	4640      	mov	r0, r8
10003a8c:	f7ff f974 	bl	10002d78 <_ntoa_long>
10003a90:	4605      	mov	r5, r0
10003a92:	e7be      	b.n	10003a12 <_vsnprintf+0x38a>
10003a94:	f016 0f80 	tst.w	r6, #128	@ 0x80
10003a98:	d005      	beq.n	10003aa6 <_vsnprintf+0x41e>
10003a9a:	9a18      	ldr	r2, [sp, #96]	@ 0x60
10003a9c:	1d11      	adds	r1, r2, #4
10003a9e:	9118      	str	r1, [sp, #96]	@ 0x60
10003aa0:	f9b2 2000 	ldrsh.w	r2, [r2]
10003aa4:	e7a1      	b.n	100039ea <_vsnprintf+0x362>
10003aa6:	9a18      	ldr	r2, [sp, #96]	@ 0x60
10003aa8:	1d11      	adds	r1, r2, #4
10003aaa:	9118      	str	r1, [sp, #96]	@ 0x60
10003aac:	6812      	ldr	r2, [r2, #0]
10003aae:	e79c      	b.n	100039ea <_vsnprintf+0x362>
10003ab0:	9a18      	ldr	r2, [sp, #96]	@ 0x60
10003ab2:	3207      	adds	r2, #7
10003ab4:	f022 0207 	bic.w	r2, r2, #7
10003ab8:	f102 0108 	add.w	r1, r2, #8
10003abc:	9118      	str	r1, [sp, #96]	@ 0x60
10003abe:	9608      	str	r6, [sp, #32]
10003ac0:	990b      	ldr	r1, [sp, #44]	@ 0x2c
10003ac2:	9107      	str	r1, [sp, #28]
10003ac4:	990a      	ldr	r1, [sp, #40]	@ 0x28
10003ac6:	9106      	str	r1, [sp, #24]
10003ac8:	2100      	movs	r1, #0
10003aca:	9304      	str	r3, [sp, #16]
10003acc:	9105      	str	r1, [sp, #20]
10003ace:	9102      	str	r1, [sp, #8]
10003ad0:	e9d2 2300 	ldrd	r2, r3, [r2]
10003ad4:	e9cd 2300 	strd	r2, r3, [sp]
10003ad8:	463b      	mov	r3, r7
10003ada:	462a      	mov	r2, r5
10003adc:	4649      	mov	r1, r9
10003ade:	4640      	mov	r0, r8
10003ae0:	f7ff f994 	bl	10002e0c <_ntoa_long_long>
10003ae4:	4605      	mov	r5, r0
10003ae6:	e794      	b.n	10003a12 <_vsnprintf+0x38a>
10003ae8:	9a18      	ldr	r2, [sp, #96]	@ 0x60
10003aea:	1d11      	adds	r1, r2, #4
10003aec:	9118      	str	r1, [sp, #96]	@ 0x60
10003aee:	9605      	str	r6, [sp, #20]
10003af0:	990b      	ldr	r1, [sp, #44]	@ 0x2c
10003af2:	9104      	str	r1, [sp, #16]
10003af4:	990a      	ldr	r1, [sp, #40]	@ 0x28
10003af6:	9103      	str	r1, [sp, #12]
10003af8:	9302      	str	r3, [sp, #8]
10003afa:	2300      	movs	r3, #0
10003afc:	9301      	str	r3, [sp, #4]
10003afe:	6813      	ldr	r3, [r2, #0]
10003b00:	9300      	str	r3, [sp, #0]
10003b02:	463b      	mov	r3, r7
10003b04:	462a      	mov	r2, r5
10003b06:	4649      	mov	r1, r9
10003b08:	4640      	mov	r0, r8
10003b0a:	f7ff f935 	bl	10002d78 <_ntoa_long>
10003b0e:	4605      	mov	r5, r0
10003b10:	e77f      	b.n	10003a12 <_vsnprintf+0x38a>
10003b12:	f016 0f80 	tst.w	r6, #128	@ 0x80
10003b16:	d004      	beq.n	10003b22 <_vsnprintf+0x49a>
10003b18:	9a18      	ldr	r2, [sp, #96]	@ 0x60
10003b1a:	1d11      	adds	r1, r2, #4
10003b1c:	9118      	str	r1, [sp, #96]	@ 0x60
10003b1e:	8812      	ldrh	r2, [r2, #0]
10003b20:	e73c      	b.n	1000399c <_vsnprintf+0x314>
10003b22:	9a18      	ldr	r2, [sp, #96]	@ 0x60
10003b24:	1d11      	adds	r1, r2, #4
10003b26:	9118      	str	r1, [sp, #96]	@ 0x60
10003b28:	6812      	ldr	r2, [r2, #0]
10003b2a:	e737      	b.n	1000399c <_vsnprintf+0x314>
10003b2c:	2846      	cmp	r0, #70	@ 0x46
10003b2e:	d01a      	beq.n	10003b66 <_vsnprintf+0x4de>
10003b30:	9b18      	ldr	r3, [sp, #96]	@ 0x60
10003b32:	3307      	adds	r3, #7
10003b34:	f023 0307 	bic.w	r3, r3, #7
10003b38:	f103 0208 	add.w	r2, r3, #8
10003b3c:	9218      	str	r2, [sp, #96]	@ 0x60
10003b3e:	9604      	str	r6, [sp, #16]
10003b40:	9a0b      	ldr	r2, [sp, #44]	@ 0x2c
10003b42:	9203      	str	r2, [sp, #12]
10003b44:	9a0a      	ldr	r2, [sp, #40]	@ 0x28
10003b46:	9202      	str	r2, [sp, #8]
10003b48:	e9d3 2300 	ldrd	r2, r3, [r3]
10003b4c:	e9cd 2300 	strd	r2, r3, [sp]
10003b50:	463b      	mov	r3, r7
10003b52:	462a      	mov	r2, r5
10003b54:	4649      	mov	r1, r9
10003b56:	4640      	mov	r0, r8
10003b58:	f7ff fbca 	bl	100032f0 <_ftoa>
10003b5c:	4605      	mov	r5, r0
10003b5e:	9b0d      	ldr	r3, [sp, #52]	@ 0x34
10003b60:	3301      	adds	r3, #1
10003b62:	930d      	str	r3, [sp, #52]	@ 0x34
10003b64:	e5a5      	b.n	100036b2 <_vsnprintf+0x2a>
10003b66:	f046 0620 	orr.w	r6, r6, #32
10003b6a:	e7e1      	b.n	10003b30 <_vsnprintf+0x4a8>
10003b6c:	2867      	cmp	r0, #103	@ 0x67
10003b6e:	d001      	beq.n	10003b74 <_vsnprintf+0x4ec>
10003b70:	2847      	cmp	r0, #71	@ 0x47
10003b72:	d101      	bne.n	10003b78 <_vsnprintf+0x4f0>
10003b74:	f446 6600 	orr.w	r6, r6, #2048	@ 0x800
10003b78:	2845      	cmp	r0, #69	@ 0x45
10003b7a:	d001      	beq.n	10003b80 <_vsnprintf+0x4f8>
10003b7c:	2847      	cmp	r0, #71	@ 0x47
10003b7e:	d101      	bne.n	10003b84 <_vsnprintf+0x4fc>
10003b80:	f046 0620 	orr.w	r6, r6, #32
10003b84:	9b18      	ldr	r3, [sp, #96]	@ 0x60
10003b86:	3307      	adds	r3, #7
10003b88:	f023 0307 	bic.w	r3, r3, #7
10003b8c:	f103 0208 	add.w	r2, r3, #8
10003b90:	9218      	str	r2, [sp, #96]	@ 0x60
10003b92:	9604      	str	r6, [sp, #16]
10003b94:	9a0b      	ldr	r2, [sp, #44]	@ 0x2c
10003b96:	9203      	str	r2, [sp, #12]
10003b98:	9a0a      	ldr	r2, [sp, #40]	@ 0x28
10003b9a:	9202      	str	r2, [sp, #8]
10003b9c:	e9d3 2300 	ldrd	r2, r3, [r3]
10003ba0:	e9cd 2300 	strd	r2, r3, [sp]
10003ba4:	463b      	mov	r3, r7
10003ba6:	462a      	mov	r2, r5
10003ba8:	4649      	mov	r1, r9
10003baa:	4640      	mov	r0, r8
10003bac:	f7ff f990 	bl	10002ed0 <_etoa>
10003bb0:	4605      	mov	r5, r0
10003bb2:	9b0d      	ldr	r3, [sp, #52]	@ 0x34
10003bb4:	3301      	adds	r3, #1
10003bb6:	930d      	str	r3, [sp, #52]	@ 0x34
10003bb8:	e57b      	b.n	100036b2 <_vsnprintf+0x2a>
10003bba:	f016 0602 	ands.w	r6, r6, #2
10003bbe:	d01c      	beq.n	10003bfa <_vsnprintf+0x572>
10003bc0:	2401      	movs	r4, #1
10003bc2:	9818      	ldr	r0, [sp, #96]	@ 0x60
10003bc4:	1d03      	adds	r3, r0, #4
10003bc6:	9318      	str	r3, [sp, #96]	@ 0x60
10003bc8:	f105 0a01 	add.w	sl, r5, #1
10003bcc:	463b      	mov	r3, r7
10003bce:	462a      	mov	r2, r5
10003bd0:	4649      	mov	r1, r9
10003bd2:	7800      	ldrb	r0, [r0, #0]
10003bd4:	47c0      	blx	r8
10003bd6:	b9ae      	cbnz	r6, 10003c04 <_vsnprintf+0x57c>
10003bd8:	9b0d      	ldr	r3, [sp, #52]	@ 0x34
10003bda:	3301      	adds	r3, #1
10003bdc:	930d      	str	r3, [sp, #52]	@ 0x34
10003bde:	4655      	mov	r5, sl
10003be0:	e567      	b.n	100036b2 <_vsnprintf+0x2a>
10003be2:	1c55      	adds	r5, r2, #1
10003be4:	463b      	mov	r3, r7
10003be6:	4649      	mov	r1, r9
10003be8:	2020      	movs	r0, #32
10003bea:	47c0      	blx	r8
10003bec:	4623      	mov	r3, r4
10003bee:	462a      	mov	r2, r5
10003bf0:	1c5c      	adds	r4, r3, #1
10003bf2:	459a      	cmp	sl, r3
10003bf4:	d8f5      	bhi.n	10003be2 <_vsnprintf+0x55a>
10003bf6:	4615      	mov	r5, r2
10003bf8:	e7e3      	b.n	10003bc2 <_vsnprintf+0x53a>
10003bfa:	2301      	movs	r3, #1
10003bfc:	f8dd a02c 	ldr.w	sl, [sp, #44]	@ 0x2c
10003c00:	462a      	mov	r2, r5
10003c02:	e7f5      	b.n	10003bf0 <_vsnprintf+0x568>
10003c04:	4652      	mov	r2, sl
10003c06:	f8dd a02c 	ldr.w	sl, [sp, #44]	@ 0x2c
10003c0a:	e006      	b.n	10003c1a <_vsnprintf+0x592>
10003c0c:	1c56      	adds	r6, r2, #1
10003c0e:	463b      	mov	r3, r7
10003c10:	4649      	mov	r1, r9
10003c12:	2020      	movs	r0, #32
10003c14:	47c0      	blx	r8
10003c16:	462c      	mov	r4, r5
10003c18:	4632      	mov	r2, r6
10003c1a:	1c65      	adds	r5, r4, #1
10003c1c:	45a2      	cmp	sl, r4
10003c1e:	d8f5      	bhi.n	10003c0c <_vsnprintf+0x584>
10003c20:	4692      	mov	sl, r2
10003c22:	e7d9      	b.n	10003bd8 <_vsnprintf+0x550>
10003c24:	3301      	adds	r3, #1
10003c26:	460a      	mov	r2, r1
10003c28:	7819      	ldrb	r1, [r3, #0]
10003c2a:	b111      	cbz	r1, 10003c32 <_vsnprintf+0x5aa>
10003c2c:	1e51      	subs	r1, r2, #1
10003c2e:	2a00      	cmp	r2, #0
10003c30:	d1f8      	bne.n	10003c24 <_vsnprintf+0x59c>
10003c32:	eba3 030a 	sub.w	r3, r3, sl
10003c36:	f416 6b80 	ands.w	fp, r6, #1024	@ 0x400
10003c3a:	d003      	beq.n	10003c44 <_vsnprintf+0x5bc>
10003c3c:	9a0a      	ldr	r2, [sp, #40]	@ 0x28
10003c3e:	4293      	cmp	r3, r2
10003c40:	bf28      	it	cs
10003c42:	4613      	movcs	r3, r2
10003c44:	f016 0402 	ands.w	r4, r6, #2
10003c48:	d007      	beq.n	10003c5a <_vsnprintf+0x5d2>
10003c4a:	940c      	str	r4, [sp, #48]	@ 0x30
10003c4c:	9e0a      	ldr	r6, [sp, #40]	@ 0x28
10003c4e:	462a      	mov	r2, r5
10003c50:	465d      	mov	r5, fp
10003c52:	469b      	mov	fp, r3
10003c54:	e023      	b.n	10003c9e <_vsnprintf+0x616>
10003c56:	9a0a      	ldr	r2, [sp, #40]	@ 0x28
10003c58:	e66f      	b.n	1000393a <_vsnprintf+0x2b2>
10003c5a:	f8cd b030 	str.w	fp, [sp, #48]	@ 0x30
10003c5e:	462a      	mov	r2, r5
10003c60:	4625      	mov	r5, r4
10003c62:	9c0b      	ldr	r4, [sp, #44]	@ 0x2c
10003c64:	e007      	b.n	10003c76 <_vsnprintf+0x5ee>
10003c66:	f102 0b01 	add.w	fp, r2, #1
10003c6a:	463b      	mov	r3, r7
10003c6c:	4649      	mov	r1, r9
10003c6e:	2020      	movs	r0, #32
10003c70:	47c0      	blx	r8
10003c72:	4633      	mov	r3, r6
10003c74:	465a      	mov	r2, fp
10003c76:	1c5e      	adds	r6, r3, #1
10003c78:	429c      	cmp	r4, r3
10003c7a:	d8f4      	bhi.n	10003c66 <_vsnprintf+0x5de>
10003c7c:	f8dd b030 	ldr.w	fp, [sp, #48]	@ 0x30
10003c80:	462c      	mov	r4, r5
10003c82:	4633      	mov	r3, r6
10003c84:	940c      	str	r4, [sp, #48]	@ 0x30
10003c86:	9e0a      	ldr	r6, [sp, #40]	@ 0x28
10003c88:	465d      	mov	r5, fp
10003c8a:	469b      	mov	fp, r3
10003c8c:	e007      	b.n	10003c9e <_vsnprintf+0x616>
10003c8e:	461e      	mov	r6, r3
10003c90:	f10a 0a01 	add.w	sl, sl, #1
10003c94:	1c54      	adds	r4, r2, #1
10003c96:	463b      	mov	r3, r7
10003c98:	4649      	mov	r1, r9
10003c9a:	47c0      	blx	r8
10003c9c:	4622      	mov	r2, r4
10003c9e:	f89a 0000 	ldrb.w	r0, [sl]
10003ca2:	b120      	cbz	r0, 10003cae <_vsnprintf+0x626>
10003ca4:	2d00      	cmp	r5, #0
10003ca6:	d0f3      	beq.n	10003c90 <_vsnprintf+0x608>
10003ca8:	1e73      	subs	r3, r6, #1
10003caa:	2e00      	cmp	r6, #0
10003cac:	d1ef      	bne.n	10003c8e <_vsnprintf+0x606>
10003cae:	9c0c      	ldr	r4, [sp, #48]	@ 0x30
10003cb0:	4615      	mov	r5, r2
10003cb2:	465b      	mov	r3, fp
10003cb4:	b91c      	cbnz	r4, 10003cbe <_vsnprintf+0x636>
10003cb6:	9b0d      	ldr	r3, [sp, #52]	@ 0x34
10003cb8:	3301      	adds	r3, #1
10003cba:	930d      	str	r3, [sp, #52]	@ 0x34
10003cbc:	e4f9      	b.n	100036b2 <_vsnprintf+0x2a>
10003cbe:	9e0b      	ldr	r6, [sp, #44]	@ 0x2c
10003cc0:	e006      	b.n	10003cd0 <_vsnprintf+0x648>
10003cc2:	1c55      	adds	r5, r2, #1
10003cc4:	463b      	mov	r3, r7
10003cc6:	4649      	mov	r1, r9
10003cc8:	2020      	movs	r0, #32
10003cca:	47c0      	blx	r8
10003ccc:	4623      	mov	r3, r4
10003cce:	462a      	mov	r2, r5
10003cd0:	1c5c      	adds	r4, r3, #1
10003cd2:	429e      	cmp	r6, r3
10003cd4:	d8f5      	bhi.n	10003cc2 <_vsnprintf+0x63a>
10003cd6:	4615      	mov	r5, r2
10003cd8:	e7ed      	b.n	10003cb6 <_vsnprintf+0x62e>
10003cda:	f046 0621 	orr.w	r6, r6, #33	@ 0x21
10003cde:	9b18      	ldr	r3, [sp, #96]	@ 0x60
10003ce0:	1d1a      	adds	r2, r3, #4
10003ce2:	9218      	str	r2, [sp, #96]	@ 0x60
10003ce4:	681b      	ldr	r3, [r3, #0]
10003ce6:	9605      	str	r6, [sp, #20]
10003ce8:	2208      	movs	r2, #8
10003cea:	9204      	str	r2, [sp, #16]
10003cec:	9a0a      	ldr	r2, [sp, #40]	@ 0x28
10003cee:	9203      	str	r2, [sp, #12]
10003cf0:	2210      	movs	r2, #16
10003cf2:	9202      	str	r2, [sp, #8]
10003cf4:	2200      	movs	r2, #0
10003cf6:	9201      	str	r2, [sp, #4]
10003cf8:	9300      	str	r3, [sp, #0]
10003cfa:	463b      	mov	r3, r7
10003cfc:	462a      	mov	r2, r5
10003cfe:	4649      	mov	r1, r9
10003d00:	4640      	mov	r0, r8
10003d02:	f7ff f839 	bl	10002d78 <_ntoa_long>
10003d06:	4605      	mov	r5, r0
10003d08:	9b0d      	ldr	r3, [sp, #52]	@ 0x34
10003d0a:	3301      	adds	r3, #1
10003d0c:	930d      	str	r3, [sp, #52]	@ 0x34
10003d0e:	e4d0      	b.n	100036b2 <_vsnprintf+0x2a>
10003d10:	1c6c      	adds	r4, r5, #1
10003d12:	463b      	mov	r3, r7
10003d14:	462a      	mov	r2, r5
10003d16:	4649      	mov	r1, r9
10003d18:	2025      	movs	r0, #37	@ 0x25
10003d1a:	47c0      	blx	r8
10003d1c:	9b0d      	ldr	r3, [sp, #52]	@ 0x34
10003d1e:	3301      	adds	r3, #1
10003d20:	930d      	str	r3, [sp, #52]	@ 0x34
10003d22:	4625      	mov	r5, r4
10003d24:	e4c5      	b.n	100036b2 <_vsnprintf+0x2a>
10003d26:	1c6c      	adds	r4, r5, #1
10003d28:	463b      	mov	r3, r7
10003d2a:	462a      	mov	r2, r5
10003d2c:	4649      	mov	r1, r9
10003d2e:	47c0      	blx	r8
10003d30:	9b0d      	ldr	r3, [sp, #52]	@ 0x34
10003d32:	3301      	adds	r3, #1
10003d34:	930d      	str	r3, [sp, #52]	@ 0x34
10003d36:	4625      	mov	r5, r4
10003d38:	e4bb      	b.n	100036b2 <_vsnprintf+0x2a>
10003d3a:	f8df 8020 	ldr.w	r8, [pc, #32]	@ 10003d5c <_vsnprintf+0x6d4>
10003d3e:	e4ad      	b.n	1000369c <_vsnprintf+0x14>
10003d40:	42bd      	cmp	r5, r7
10003d42:	d308      	bcc.n	10003d56 <_vsnprintf+0x6ce>
10003d44:	1e7a      	subs	r2, r7, #1
10003d46:	463b      	mov	r3, r7
10003d48:	4649      	mov	r1, r9
10003d4a:	2000      	movs	r0, #0
10003d4c:	47c0      	blx	r8
10003d4e:	4628      	mov	r0, r5
10003d50:	b00f      	add	sp, #60	@ 0x3c
10003d52:	e8bd 8ff0 	ldmia.w	sp!, {r4, r5, r6, r7, r8, r9, sl, fp, pc}
10003d56:	462a      	mov	r2, r5
10003d58:	e7f5      	b.n	10003d46 <_vsnprintf+0x6be>
10003d5a:	bf00      	nop
10003d5c:	10002b91 	.word	0x10002b91

10003d60 <__wrap_snprintf>:
10003d60:	b40c      	push	{r2, r3}
10003d62:	b510      	push	{r4, lr}
10003d64:	b084      	sub	sp, #16
10003d66:	460a      	mov	r2, r1
10003d68:	ac06      	add	r4, sp, #24
10003d6a:	f854 3b04 	ldr.w	r3, [r4], #4
10003d6e:	9403      	str	r4, [sp, #12]
10003d70:	9400      	str	r4, [sp, #0]
10003d72:	4601      	mov	r1, r0
10003d74:	4803      	ldr	r0, [pc, #12]	@ (10003d84 <__wrap_snprintf+0x24>)
10003d76:	f7ff fc87 	bl	10003688 <_vsnprintf>
10003d7a:	b004      	add	sp, #16
10003d7c:	e8bd 4010 	ldmia.w	sp!, {r4, lr}
10003d80:	b002      	add	sp, #8
10003d82:	4770      	bx	lr
10003d84:	10002b89 	.word	0x10002b89

10003d88 <vfctprintf>:
10003d88:	b500      	push	{lr}
10003d8a:	b085      	sub	sp, #20
10003d8c:	9002      	str	r0, [sp, #8]
10003d8e:	9103      	str	r1, [sp, #12]
10003d90:	9300      	str	r3, [sp, #0]
10003d92:	4613      	mov	r3, r2
10003d94:	f04f 32ff 	mov.w	r2, #4294967295
10003d98:	a902      	add	r1, sp, #8
10003d9a:	4803      	ldr	r0, [pc, #12]	@ (10003da8 <vfctprintf+0x20>)
10003d9c:	f7ff fc74 	bl	10003688 <_vsnprintf>
10003da0:	b005      	add	sp, #20
10003da2:	f85d fb04 	ldr.w	pc, [sp], #4
10003da6:	bf00      	nop
10003da8:	10002b93 	.word	0x10002b93

10003dac <_exit>:
10003dac:	be00      	bkpt	0x0000
10003dae:	e7fd      	b.n	10003dac <_exit>

10003db0 <_sbrk>:
10003db0:	4603      	mov	r3, r0
10003db2:	4a09      	ldr	r2, [pc, #36]	@ (10003dd8 <_sbrk+0x28>)
10003db4:	6812      	ldr	r2, [r2, #0]
10003db6:	b142      	cbz	r2, 10003dca <_sbrk+0x1a>
10003db8:	4a07      	ldr	r2, [pc, #28]	@ (10003dd8 <_sbrk+0x28>)
10003dba:	6810      	ldr	r0, [r2, #0]
10003dbc:	4403      	add	r3, r0
10003dbe:	4a07      	ldr	r2, [pc, #28]	@ (10003ddc <_sbrk+0x2c>)
10003dc0:	4293      	cmp	r3, r2
10003dc2:	d806      	bhi.n	10003dd2 <_sbrk+0x22>
10003dc4:	4a04      	ldr	r2, [pc, #16]	@ (10003dd8 <_sbrk+0x28>)
10003dc6:	6013      	str	r3, [r2, #0]
10003dc8:	4770      	bx	lr
10003dca:	4a03      	ldr	r2, [pc, #12]	@ (10003dd8 <_sbrk+0x28>)
10003dcc:	4904      	ldr	r1, [pc, #16]	@ (10003de0 <_sbrk+0x30>)
10003dce:	6011      	str	r1, [r2, #0]
10003dd0:	e7f2      	b.n	10003db8 <_sbrk+0x8>
10003dd2:	f04f 30ff 	mov.w	r0, #4294967295
10003dd6:	4770      	bx	lr
10003dd8:	200022e0 	.word	0x200022e0
10003ddc:	20080000 	.word	0x20080000
10003de0:	200027c0 	.word	0x200027c0

10003de4 <exit>:
10003de4:	b508      	push	{r3, lr}
10003de6:	f7ff ffe1 	bl	10003dac <_exit>
	...

10003dec <__assert_func>:
10003dec:	b500      	push	{lr}
10003dee:	b083      	sub	sp, #12
10003df0:	468c      	mov	ip, r1
10003df2:	4619      	mov	r1, r3
10003df4:	b15a      	cbz	r2, 10003e0e <__assert_func+0x22>
10003df6:	4614      	mov	r4, r2
10003df8:	4b06      	ldr	r3, [pc, #24]	@ (10003e14 <__assert_func+0x28>)
10003dfa:	9401      	str	r4, [sp, #4]
10003dfc:	9300      	str	r3, [sp, #0]
10003dfe:	4663      	mov	r3, ip
10003e00:	4602      	mov	r2, r0
10003e02:	4805      	ldr	r0, [pc, #20]	@ (10003e18 <__assert_func+0x2c>)
10003e04:	f000 f956 	bl	100040b4 <__wrap_printf>
10003e08:	2001      	movs	r0, #1
10003e0a:	f7ff ffcf 	bl	10003dac <_exit>
10003e0e:	4b03      	ldr	r3, [pc, #12]	@ (10003e1c <__assert_func+0x30>)
10003e10:	461c      	mov	r4, r3
10003e12:	e7f2      	b.n	10003dfa <__assert_func+0xe>
10003e14:	1000b6c8 	.word	0x1000b6c8
10003e18:	1000b6d8 	.word	0x1000b6d8
10003e1c:	1000b0d8 	.word	0x1000b0d8

10003e20 <runtime_init>:
10003e20:	b510      	push	{r4, lr}
10003e22:	f3ef 8305 	mrs	r3, IPSR
10003e26:	b2db      	uxtb	r3, r3
10003e28:	b103      	cbz	r3, 10003e2c <runtime_init+0xc>
10003e2a:	be00      	bkpt	0x0000
10003e2c:	f7fe fa9a 	bl	10002364 <runtime_run_initializers>
10003e30:	4c04      	ldr	r4, [pc, #16]	@ (10003e44 <runtime_init+0x24>)
10003e32:	e002      	b.n	10003e3a <runtime_init+0x1a>
10003e34:	f854 3b04 	ldr.w	r3, [r4], #4
10003e38:	4798      	blx	r3
10003e3a:	4b03      	ldr	r3, [pc, #12]	@ (10003e48 <runtime_init+0x28>)
10003e3c:	429c      	cmp	r4, r3
10003e3e:	d3f9      	bcc.n	10003e34 <runtime_init+0x14>
10003e40:	bd10      	pop	{r4, pc}
10003e42:	bf00      	nop
10003e44:	1000b050 	.word	0x1000b050
10003e48:	1000b058 	.word	0x1000b058

10003e4c <stdio_out_chars_no_crlf>:
10003e4c:	b508      	push	{r3, lr}
10003e4e:	4603      	mov	r3, r0
10003e50:	4608      	mov	r0, r1
10003e52:	681b      	ldr	r3, [r3, #0]
10003e54:	4611      	mov	r1, r2
10003e56:	4798      	blx	r3
10003e58:	bd08      	pop	{r3, pc}
	...

10003e5c <stdio_out_chars_crlf>:
10003e5c:	b5f8      	push	{r3, r4, r5, r6, r7, lr}
10003e5e:	4607      	mov	r7, r0
10003e60:	460d      	mov	r5, r1
10003e62:	4616      	mov	r6, r2
10003e64:	7d43      	ldrb	r3, [r0, #21]
10003e66:	b113      	cbz	r3, 10003e6e <stdio_out_chars_crlf+0x12>
10003e68:	2400      	movs	r4, #0
10003e6a:	4620      	mov	r0, r4
10003e6c:	e00c      	b.n	10003e88 <stdio_out_chars_crlf+0x2c>
10003e6e:	6803      	ldr	r3, [r0, #0]
10003e70:	4611      	mov	r1, r2
10003e72:	4628      	mov	r0, r5
10003e74:	4798      	blx	r3
10003e76:	e02e      	b.n	10003ed6 <stdio_out_chars_crlf+0x7a>
10003e78:	7d3b      	ldrb	r3, [r7, #20]
10003e7a:	e010      	b.n	10003e9e <stdio_out_chars_crlf+0x42>
10003e7c:	683b      	ldr	r3, [r7, #0]
10003e7e:	2102      	movs	r1, #2
10003e80:	4815      	ldr	r0, [pc, #84]	@ (10003ed8 <stdio_out_chars_crlf+0x7c>)
10003e82:	4798      	blx	r3
10003e84:	1c60      	adds	r0, r4, #1
10003e86:	3401      	adds	r4, #1
10003e88:	42b4      	cmp	r4, r6
10003e8a:	da14      	bge.n	10003eb6 <stdio_out_chars_crlf+0x5a>
10003e8c:	2c00      	cmp	r4, #0
10003e8e:	ddf3      	ble.n	10003e78 <stdio_out_chars_crlf+0x1c>
10003e90:	192b      	adds	r3, r5, r4
10003e92:	f813 3c01 	ldrb.w	r3, [r3, #-1]
10003e96:	2b0d      	cmp	r3, #13
10003e98:	bf14      	ite	ne
10003e9a:	2300      	movne	r3, #0
10003e9c:	2301      	moveq	r3, #1
10003e9e:	5d2a      	ldrb	r2, [r5, r4]
10003ea0:	2a0a      	cmp	r2, #10
10003ea2:	d1f0      	bne.n	10003e86 <stdio_out_chars_crlf+0x2a>
10003ea4:	2b00      	cmp	r3, #0
10003ea6:	d1ee      	bne.n	10003e86 <stdio_out_chars_crlf+0x2a>
10003ea8:	42a0      	cmp	r0, r4
10003eaa:	dae7      	bge.n	10003e7c <stdio_out_chars_crlf+0x20>
10003eac:	683b      	ldr	r3, [r7, #0]
10003eae:	1a21      	subs	r1, r4, r0
10003eb0:	4428      	add	r0, r5
10003eb2:	4798      	blx	r3
10003eb4:	e7e2      	b.n	10003e7c <stdio_out_chars_crlf+0x20>
10003eb6:	42b0      	cmp	r0, r6
10003eb8:	da03      	bge.n	10003ec2 <stdio_out_chars_crlf+0x66>
10003eba:	683b      	ldr	r3, [r7, #0]
10003ebc:	1a31      	subs	r1, r6, r0
10003ebe:	4428      	add	r0, r5
10003ec0:	4798      	blx	r3
10003ec2:	2e00      	cmp	r6, #0
10003ec4:	dd07      	ble.n	10003ed6 <stdio_out_chars_crlf+0x7a>
10003ec6:	4435      	add	r5, r6
10003ec8:	f815 3c01 	ldrb.w	r3, [r5, #-1]
10003ecc:	2b0d      	cmp	r3, #13
10003ece:	bf14      	ite	ne
10003ed0:	2300      	movne	r3, #0
10003ed2:	2301      	moveq	r3, #1
10003ed4:	753b      	strb	r3, [r7, #20]
10003ed6:	bdf8      	pop	{r3, r4, r5, r6, r7, pc}
10003ed8:	1000be18 	.word	0x1000be18

10003edc <stdio_stack_buffer_flush>:
10003edc:	b538      	push	{r3, r4, r5, lr}
10003ede:	6803      	ldr	r3, [r0, #0]
10003ee0:	b1bb      	cbz	r3, 10003f12 <stdio_stack_buffer_flush+0x36>
10003ee2:	4605      	mov	r5, r0
10003ee4:	4b0b      	ldr	r3, [pc, #44]	@ (10003f14 <stdio_stack_buffer_flush+0x38>)
10003ee6:	681c      	ldr	r4, [r3, #0]
10003ee8:	e006      	b.n	10003ef8 <stdio_stack_buffer_flush+0x1c>
10003eea:	4629      	mov	r1, r5
10003eec:	f851 2b04 	ldr.w	r2, [r1], #4
10003ef0:	4620      	mov	r0, r4
10003ef2:	f7ff ffb3 	bl	10003e5c <stdio_out_chars_crlf>
10003ef6:	6924      	ldr	r4, [r4, #16]
10003ef8:	b14c      	cbz	r4, 10003f0e <stdio_stack_buffer_flush+0x32>
10003efa:	6823      	ldr	r3, [r4, #0]
10003efc:	2b00      	cmp	r3, #0
10003efe:	d0fa      	beq.n	10003ef6 <stdio_stack_buffer_flush+0x1a>
10003f00:	4b05      	ldr	r3, [pc, #20]	@ (10003f18 <stdio_stack_buffer_flush+0x3c>)
10003f02:	681b      	ldr	r3, [r3, #0]
10003f04:	2b00      	cmp	r3, #0
10003f06:	d0f0      	beq.n	10003eea <stdio_stack_buffer_flush+0xe>
10003f08:	42a3      	cmp	r3, r4
10003f0a:	d1f4      	bne.n	10003ef6 <stdio_stack_buffer_flush+0x1a>
10003f0c:	e7ed      	b.n	10003eea <stdio_stack_buffer_flush+0xe>
10003f0e:	2300      	movs	r3, #0
10003f10:	602b      	str	r3, [r5, #0]
10003f12:	bd38      	pop	{r3, r4, r5, pc}
10003f14:	200022d0 	.word	0x200022d0
10003f18:	200022dc 	.word	0x200022dc

10003f1c <stdio_buffered_printer>:
10003f1c:	b538      	push	{r3, r4, r5, lr}
10003f1e:	4605      	mov	r5, r0
10003f20:	460c      	mov	r4, r1
10003f22:	680b      	ldr	r3, [r1, #0]
10003f24:	2b80      	cmp	r3, #128	@ 0x80
10003f26:	d005      	beq.n	10003f34 <stdio_buffered_printer+0x18>
10003f28:	6823      	ldr	r3, [r4, #0]
10003f2a:	1c5a      	adds	r2, r3, #1
10003f2c:	6022      	str	r2, [r4, #0]
10003f2e:	441c      	add	r4, r3
10003f30:	7125      	strb	r5, [r4, #4]
10003f32:	bd38      	pop	{r3, r4, r5, pc}
10003f34:	4608      	mov	r0, r1
10003f36:	f7ff ffd1 	bl	10003edc <stdio_stack_buffer_flush>
10003f3a:	e7f5      	b.n	10003f28 <stdio_buffered_printer+0xc>

10003f3c <stdout_serialize_begin>:
10003f3c:	b508      	push	{r3, lr}
10003f3e:	f7fd ff4b 	bl	10001dd8 <time_us_64>
10003f42:	4a07      	ldr	r2, [pc, #28]	@ (10003f60 <stdout_serialize_begin+0x24>)
10003f44:	1882      	adds	r2, r0, r2
10003f46:	f141 0300 	adc.w	r3, r1, #0
10003f4a:	2b00      	cmp	r3, #0
10003f4c:	db03      	blt.n	10003f56 <stdout_serialize_begin+0x1a>
10003f4e:	4805      	ldr	r0, [pc, #20]	@ (10003f64 <stdout_serialize_begin+0x28>)
10003f50:	f007 f84e 	bl	1000aff0 <__mutex_try_enter_block_until_veneer>
10003f54:	bd08      	pop	{r3, pc}
10003f56:	f04f 32ff 	mov.w	r2, #4294967295
10003f5a:	f06f 4300 	mvn.w	r3, #2147483648	@ 0x80000000
10003f5e:	e7f6      	b.n	10003f4e <stdout_serialize_begin+0x12>
10003f60:	000f4240 	.word	0x000f4240
10003f64:	20001990 	.word	0x20001990

10003f68 <stdout_serialize_end>:
10003f68:	b508      	push	{r3, lr}
10003f6a:	4802      	ldr	r0, [pc, #8]	@ (10003f74 <stdout_serialize_end+0xc>)
10003f6c:	f007 f834 	bl	1000afd8 <__mutex_exit_veneer>
10003f70:	bd08      	pop	{r3, pc}
10003f72:	bf00      	nop
10003f74:	20001990 	.word	0x20001990

10003f78 <stdio_put_string>:
10003f78:	e92d 43f0 	stmdb	sp!, {r4, r5, r6, r7, r8, r9, lr}
10003f7c:	b083      	sub	sp, #12
10003f7e:	4606      	mov	r6, r0
10003f80:	460d      	mov	r5, r1
10003f82:	4690      	mov	r8, r2
10003f84:	461c      	mov	r4, r3
10003f86:	f7ff ffd9 	bl	10003f3c <stdout_serialize_begin>
10003f8a:	4681      	mov	r9, r0
10003f8c:	f1b5 3fff 	cmp.w	r5, #4294967295
10003f90:	d004      	beq.n	10003f9c <stdio_put_string+0x24>
10003f92:	b144      	cbz	r4, 10003fa6 <stdio_put_string+0x2e>
10003f94:	4f17      	ldr	r7, [pc, #92]	@ (10003ff4 <stdio_put_string+0x7c>)
10003f96:	4b18      	ldr	r3, [pc, #96]	@ (10003ff8 <stdio_put_string+0x80>)
10003f98:	681c      	ldr	r4, [r3, #0]
10003f9a:	e007      	b.n	10003fac <stdio_put_string+0x34>
10003f9c:	4630      	mov	r0, r6
10003f9e:	f005 fcbf 	bl	10009920 <strlen>
10003fa2:	4605      	mov	r5, r0
10003fa4:	e7f5      	b.n	10003f92 <stdio_put_string+0x1a>
10003fa6:	4f15      	ldr	r7, [pc, #84]	@ (10003ffc <stdio_put_string+0x84>)
10003fa8:	e7f5      	b.n	10003f96 <stdio_put_string+0x1e>
10003faa:	6924      	ldr	r4, [r4, #16]
10003fac:	b1bc      	cbz	r4, 10003fde <stdio_put_string+0x66>
10003fae:	6823      	ldr	r3, [r4, #0]
10003fb0:	2b00      	cmp	r3, #0
10003fb2:	d0fa      	beq.n	10003faa <stdio_put_string+0x32>
10003fb4:	4b12      	ldr	r3, [pc, #72]	@ (10004000 <stdio_put_string+0x88>)
10003fb6:	681b      	ldr	r3, [r3, #0]
10003fb8:	b10b      	cbz	r3, 10003fbe <stdio_put_string+0x46>
10003fba:	42a3      	cmp	r3, r4
10003fbc:	d1f5      	bne.n	10003faa <stdio_put_string+0x32>
10003fbe:	462a      	mov	r2, r5
10003fc0:	4631      	mov	r1, r6
10003fc2:	4620      	mov	r0, r4
10003fc4:	47b8      	blx	r7
10003fc6:	f1b8 0f00 	cmp.w	r8, #0
10003fca:	d0ee      	beq.n	10003faa <stdio_put_string+0x32>
10003fcc:	230a      	movs	r3, #10
10003fce:	f88d 3007 	strb.w	r3, [sp, #7]
10003fd2:	2201      	movs	r2, #1
10003fd4:	f10d 0107 	add.w	r1, sp, #7
10003fd8:	4620      	mov	r0, r4
10003fda:	47b8      	blx	r7
10003fdc:	e7e5      	b.n	10003faa <stdio_put_string+0x32>
10003fde:	f1b9 0f00 	cmp.w	r9, #0
10003fe2:	d103      	bne.n	10003fec <stdio_put_string+0x74>
10003fe4:	4628      	mov	r0, r5
10003fe6:	b003      	add	sp, #12
10003fe8:	e8bd 83f0 	ldmia.w	sp!, {r4, r5, r6, r7, r8, r9, pc}
10003fec:	f7ff ffbc 	bl	10003f68 <stdout_serialize_end>
10003ff0:	e7f8      	b.n	10003fe4 <stdio_put_string+0x6c>
10003ff2:	bf00      	nop
10003ff4:	10003e5d 	.word	0x10003e5d
10003ff8:	200022d0 	.word	0x200022d0
10003ffc:	10003e4d 	.word	0x10003e4d
10004000:	200022dc 	.word	0x200022dc

10004004 <stdio_set_driver_enabled>:
10004004:	4a09      	ldr	r2, [pc, #36]	@ (1000402c <stdio_set_driver_enabled+0x28>)
10004006:	6813      	ldr	r3, [r2, #0]
10004008:	e002      	b.n	10004010 <stdio_set_driver_enabled+0xc>
1000400a:	f103 0210 	add.w	r2, r3, #16
1000400e:	691b      	ldr	r3, [r3, #16]
10004010:	b143      	cbz	r3, 10004024 <stdio_set_driver_enabled+0x20>
10004012:	6813      	ldr	r3, [r2, #0]
10004014:	4283      	cmp	r3, r0
10004016:	d1f8      	bne.n	1000400a <stdio_set_driver_enabled+0x6>
10004018:	b931      	cbnz	r1, 10004028 <stdio_set_driver_enabled+0x24>
1000401a:	6903      	ldr	r3, [r0, #16]
1000401c:	6013      	str	r3, [r2, #0]
1000401e:	2300      	movs	r3, #0
10004020:	6103      	str	r3, [r0, #16]
10004022:	4770      	bx	lr
10004024:	b101      	cbz	r1, 10004028 <stdio_set_driver_enabled+0x24>
10004026:	6010      	str	r0, [r2, #0]
10004028:	4770      	bx	lr
1000402a:	bf00      	nop
1000402c:	200022d0 	.word	0x200022d0

10004030 <stdio_flush>:
10004030:	b510      	push	{r4, lr}
10004032:	4b05      	ldr	r3, [pc, #20]	@ (10004048 <stdio_flush+0x18>)
10004034:	681c      	ldr	r4, [r3, #0]
10004036:	e000      	b.n	1000403a <stdio_flush+0xa>
10004038:	6924      	ldr	r4, [r4, #16]
1000403a:	b124      	cbz	r4, 10004046 <stdio_flush+0x16>
1000403c:	6863      	ldr	r3, [r4, #4]
1000403e:	2b00      	cmp	r3, #0
10004040:	d0fa      	beq.n	10004038 <stdio_flush+0x8>
10004042:	4798      	blx	r3
10004044:	e7f8      	b.n	10004038 <stdio_flush+0x8>
10004046:	bd10      	pop	{r4, pc}
10004048:	200022d0 	.word	0x200022d0

1000404c <stdio_init_all>:
1000404c:	b508      	push	{r3, lr}
1000404e:	f000 f9ad 	bl	100043ac <stdio_usb_init>
10004052:	bd08      	pop	{r3, pc}

10004054 <__wrap_puts>:
10004054:	b538      	push	{r3, r4, r5, lr}
10004056:	4605      	mov	r5, r0
10004058:	f005 fc62 	bl	10009920 <strlen>
1000405c:	4604      	mov	r4, r0
1000405e:	2301      	movs	r3, #1
10004060:	461a      	mov	r2, r3
10004062:	4601      	mov	r1, r0
10004064:	4628      	mov	r0, r5
10004066:	f7ff ff87 	bl	10003f78 <stdio_put_string>
1000406a:	f7ff ffe1 	bl	10004030 <stdio_flush>
1000406e:	4620      	mov	r0, r4
10004070:	bd38      	pop	{r3, r4, r5, pc}
	...

10004074 <__wrap_vprintf>:
10004074:	b5f0      	push	{r4, r5, r6, r7, lr}
10004076:	b0a3      	sub	sp, #140	@ 0x8c
10004078:	4604      	mov	r4, r0
1000407a:	460e      	mov	r6, r1
1000407c:	f7ff ff5e 	bl	10003f3c <stdout_serialize_begin>
10004080:	4605      	mov	r5, r0
10004082:	2300      	movs	r3, #0
10004084:	9301      	str	r3, [sp, #4]
10004086:	af01      	add	r7, sp, #4
10004088:	4633      	mov	r3, r6
1000408a:	4622      	mov	r2, r4
1000408c:	4639      	mov	r1, r7
1000408e:	4808      	ldr	r0, [pc, #32]	@ (100040b0 <__wrap_vprintf+0x3c>)
10004090:	f7ff fe7a 	bl	10003d88 <vfctprintf>
10004094:	4604      	mov	r4, r0
10004096:	4638      	mov	r0, r7
10004098:	f7ff ff20 	bl	10003edc <stdio_stack_buffer_flush>
1000409c:	f7ff ffc8 	bl	10004030 <stdio_flush>
100040a0:	b915      	cbnz	r5, 100040a8 <__wrap_vprintf+0x34>
100040a2:	4620      	mov	r0, r4
100040a4:	b023      	add	sp, #140	@ 0x8c
100040a6:	bdf0      	pop	{r4, r5, r6, r7, pc}
100040a8:	f7ff ff5e 	bl	10003f68 <stdout_serialize_end>
100040ac:	e7f9      	b.n	100040a2 <__wrap_vprintf+0x2e>
100040ae:	bf00      	nop
100040b0:	10003f1d 	.word	0x10003f1d

100040b4 <__wrap_printf>:
100040b4:	b40f      	push	{r0, r1, r2, r3}
100040b6:	b500      	push	{lr}
100040b8:	b083      	sub	sp, #12
100040ba:	a904      	add	r1, sp, #16
100040bc:	f851 0b04 	ldr.w	r0, [r1], #4
100040c0:	9101      	str	r1, [sp, #4]
100040c2:	f7ff ffd7 	bl	10004074 <__wrap_vprintf>
100040c6:	b003      	add	sp, #12
100040c8:	f85d eb04 	ldr.w	lr, [sp], #4
100040cc:	b004      	add	sp, #16
100040ce:	4770      	bx	lr

100040d0 <resetd_init>:
100040d0:	4770      	bx	lr
	...

100040d4 <resetd_reset>:
100040d4:	4b01      	ldr	r3, [pc, #4]	@ (100040dc <resetd_reset+0x8>)
100040d6:	2200      	movs	r2, #0
100040d8:	701a      	strb	r2, [r3, #0]
100040da:	4770      	bx	lr
100040dc:	200027b8 	.word	0x200027b8

100040e0 <resetd_open>:
100040e0:	794b      	ldrb	r3, [r1, #5]
100040e2:	2bff      	cmp	r3, #255	@ 0xff
100040e4:	d10b      	bne.n	100040fe <resetd_open+0x1e>
100040e6:	798b      	ldrb	r3, [r1, #6]
100040e8:	b95b      	cbnz	r3, 10004102 <resetd_open+0x22>
100040ea:	79cb      	ldrb	r3, [r1, #7]
100040ec:	2b01      	cmp	r3, #1
100040ee:	d10a      	bne.n	10004106 <resetd_open+0x26>
100040f0:	2a08      	cmp	r2, #8
100040f2:	d90a      	bls.n	1000410a <resetd_open+0x2a>
100040f4:	788a      	ldrb	r2, [r1, #2]
100040f6:	4b06      	ldr	r3, [pc, #24]	@ (10004110 <resetd_open+0x30>)
100040f8:	701a      	strb	r2, [r3, #0]
100040fa:	2009      	movs	r0, #9
100040fc:	4770      	bx	lr
100040fe:	2000      	movs	r0, #0
10004100:	4770      	bx	lr
10004102:	2000      	movs	r0, #0
10004104:	4770      	bx	lr
10004106:	2000      	movs	r0, #0
10004108:	4770      	bx	lr
1000410a:	2000      	movs	r0, #0
1000410c:	4770      	bx	lr
1000410e:	bf00      	nop
10004110:	200027b8 	.word	0x200027b8

10004114 <resetd_xfer_cb>:
10004114:	2001      	movs	r0, #1
10004116:	4770      	bx	lr

10004118 <resetd_control_xfer_cb>:
10004118:	2901      	cmp	r1, #1
1000411a:	d123      	bne.n	10004164 <resetd_control_xfer_cb+0x4c>
1000411c:	b508      	push	{r3, lr}
1000411e:	8891      	ldrh	r1, [r2, #4]
10004120:	4b11      	ldr	r3, [pc, #68]	@ (10004168 <resetd_control_xfer_cb+0x50>)
10004122:	781b      	ldrb	r3, [r3, #0]
10004124:	4299      	cmp	r1, r3
10004126:	d001      	beq.n	1000412c <resetd_control_xfer_cb+0x14>
10004128:	2000      	movs	r0, #0
1000412a:	bd08      	pop	{r3, pc}
1000412c:	7853      	ldrb	r3, [r2, #1]
1000412e:	2b01      	cmp	r3, #1
10004130:	d003      	beq.n	1000413a <resetd_control_xfer_cb+0x22>
10004132:	2b02      	cmp	r3, #2
10004134:	d00f      	beq.n	10004156 <resetd_control_xfer_cb+0x3e>
10004136:	2000      	movs	r0, #0
10004138:	e7f7      	b.n	1000412a <resetd_control_xfer_cb+0x12>
1000413a:	8851      	ldrh	r1, [r2, #2]
1000413c:	f411 7f80 	tst.w	r1, #256	@ 0x100
10004140:	d006      	beq.n	10004150 <resetd_control_xfer_cb+0x38>
10004142:	0a48      	lsrs	r0, r1, #9
10004144:	f3c1 2240 	ubfx	r2, r1, #9, #1
10004148:	f001 017f 	and.w	r1, r1, #127	@ 0x7f
1000414c:	f7fe f8b9 	bl	100022c2 <rom_reset_usb_boot_extra>
10004150:	f04f 30ff 	mov.w	r0, #4294967295
10004154:	e7f6      	b.n	10004144 <resetd_control_xfer_cb+0x2c>
10004156:	2264      	movs	r2, #100	@ 0x64
10004158:	2100      	movs	r1, #0
1000415a:	4608      	mov	r0, r1
1000415c:	f7fe f852 	bl	10002204 <watchdog_reboot>
10004160:	2001      	movs	r0, #1
10004162:	e7e2      	b.n	1000412a <resetd_control_xfer_cb+0x12>
10004164:	2001      	movs	r0, #1
10004166:	4770      	bx	lr
10004168:	200027b8 	.word	0x200027b8

1000416c <tud_descriptor_bos_cb>:
1000416c:	4800      	ldr	r0, [pc, #0]	@ (10004170 <tud_descriptor_bos_cb+0x4>)
1000416e:	4770      	bx	lr
10004170:	1000bee4 	.word	0x1000bee4

10004174 <tud_vendor_control_xfer_cb>:
10004174:	2901      	cmp	r1, #1
10004176:	d10f      	bne.n	10004198 <tud_vendor_control_xfer_cb+0x24>
10004178:	b508      	push	{r3, lr}
1000417a:	4694      	mov	ip, r2
1000417c:	7853      	ldrb	r3, [r2, #1]
1000417e:	2b01      	cmp	r3, #1
10004180:	d10c      	bne.n	1000419c <tud_vendor_control_xfer_cb+0x28>
10004182:	8893      	ldrh	r3, [r2, #4]
10004184:	2b07      	cmp	r3, #7
10004186:	d001      	beq.n	1000418c <tud_vendor_control_xfer_cb+0x18>
10004188:	2000      	movs	r0, #0
1000418a:	e008      	b.n	1000419e <tud_vendor_control_xfer_cb+0x2a>
1000418c:	23a6      	movs	r3, #166	@ 0xa6
1000418e:	4a04      	ldr	r2, [pc, #16]	@ (100041a0 <tud_vendor_control_xfer_cb+0x2c>)
10004190:	4661      	mov	r1, ip
10004192:	f001 fbef 	bl	10005974 <tud_control_xfer>
10004196:	e002      	b.n	1000419e <tud_vendor_control_xfer_cb+0x2a>
10004198:	2001      	movs	r0, #1
1000419a:	4770      	bx	lr
1000419c:	2000      	movs	r0, #0
1000419e:	bd08      	pop	{r3, pc}
100041a0:	1000be3c 	.word	0x1000be3c

100041a4 <usbd_app_driver_get_cb>:
100041a4:	2301      	movs	r3, #1
100041a6:	7003      	strb	r3, [r0, #0]
100041a8:	4800      	ldr	r0, [pc, #0]	@ (100041ac <usbd_app_driver_get_cb+0x8>)
100041aa:	4770      	bx	lr
100041ac:	1000be1c 	.word	0x1000be1c

100041b0 <tud_cdc_line_coding_cb>:
100041b0:	b508      	push	{r3, lr}
100041b2:	680b      	ldr	r3, [r1, #0]
100041b4:	f5b3 6f96 	cmp.w	r3, #1200	@ 0x4b0
100041b8:	d000      	beq.n	100041bc <tud_cdc_line_coding_cb+0xc>
100041ba:	bd08      	pop	{r3, pc}
100041bc:	2200      	movs	r2, #0
100041be:	4611      	mov	r1, r2
100041c0:	f04f 30ff 	mov.w	r0, #4294967295
100041c4:	f7fe f87d 	bl	100022c2 <rom_reset_usb_boot_extra>

100041c8 <stdio_usb_set_chars_available_callback>:
100041c8:	4b02      	ldr	r3, [pc, #8]	@ (100041d4 <stdio_usb_set_chars_available_callback+0xc>)
100041ca:	6018      	str	r0, [r3, #0]
100041cc:	4b02      	ldr	r3, [pc, #8]	@ (100041d8 <stdio_usb_set_chars_available_callback+0x10>)
100041ce:	6019      	str	r1, [r3, #0]
100041d0:	4770      	bx	lr
100041d2:	bf00      	nop
100041d4:	2000226c 	.word	0x2000226c
100041d8:	20002270 	.word	0x20002270

100041dc <stdio_usb_out_flush>:
100041dc:	b508      	push	{r3, lr}
100041de:	f7fd fdfb 	bl	10001dd8 <time_us_64>
100041e2:	4a0e      	ldr	r2, [pc, #56]	@ (1000421c <stdio_usb_out_flush+0x40>)
100041e4:	1882      	adds	r2, r0, r2
100041e6:	f141 0300 	adc.w	r3, r1, #0
100041ea:	2b00      	cmp	r3, #0
100041ec:	db11      	blt.n	10004212 <stdio_usb_out_flush+0x36>
100041ee:	480c      	ldr	r0, [pc, #48]	@ (10004220 <stdio_usb_out_flush+0x44>)
100041f0:	f006 fefe 	bl	1000aff0 <__mutex_try_enter_block_until_veneer>
100041f4:	b160      	cbz	r0, 10004210 <stdio_usb_out_flush+0x34>
100041f6:	2100      	movs	r1, #0
100041f8:	f04f 30ff 	mov.w	r0, #4294967295
100041fc:	f001 fa42 	bl	10005684 <tud_task_ext>
10004200:	2000      	movs	r0, #0
10004202:	f001 fd3b 	bl	10005c7c <tud_cdc_n_write_flush>
10004206:	2800      	cmp	r0, #0
10004208:	d1f5      	bne.n	100041f6 <stdio_usb_out_flush+0x1a>
1000420a:	4805      	ldr	r0, [pc, #20]	@ (10004220 <stdio_usb_out_flush+0x44>)
1000420c:	f006 fee4 	bl	1000afd8 <__mutex_exit_veneer>
10004210:	bd08      	pop	{r3, pc}
10004212:	f04f 32ff 	mov.w	r2, #4294967295
10004216:	f06f 4300 	mvn.w	r3, #2147483648	@ 0x80000000
1000421a:	e7e8      	b.n	100041ee <stdio_usb_out_flush+0x12>
1000421c:	000f4240 	.word	0x000f4240
10004220:	20002788 	.word	0x20002788

10004224 <timer_task>:
10004224:	b538      	push	{r3, r4, r5, lr}
10004226:	4b18      	ldr	r3, [pc, #96]	@ (10004288 <timer_task+0x64>)
10004228:	681b      	ldr	r3, [r3, #0]
1000422a:	b31b      	cbz	r3, 10004274 <timer_task+0x50>
1000422c:	f3ef 8210 	mrs	r2, PRIMASK
10004230:	b672      	cpsid	i
10004232:	e8d3 0fcf 	ldaexb	r0, [r3]
10004236:	2101      	movs	r1, #1
10004238:	2800      	cmp	r0, #0
1000423a:	d1fa      	bne.n	10004232 <timer_task+0xe>
1000423c:	e8c3 1f40 	strexb	r0, r1, [r3]
10004240:	2800      	cmp	r0, #0
10004242:	d1f6      	bne.n	10004232 <timer_task+0xe>
10004244:	f3bf 8f5f 	dmb	sy
10004248:	490f      	ldr	r1, [pc, #60]	@ (10004288 <timer_task+0x64>)
1000424a:	604a      	str	r2, [r1, #4]
1000424c:	2300      	movs	r3, #0
1000424e:	480f      	ldr	r0, [pc, #60]	@ (1000428c <timer_task+0x68>)
10004250:	7003      	strb	r3, [r0, #0]
10004252:	6809      	ldr	r1, [r1, #0]
10004254:	e8c1 3f8f 	stlb	r3, [r1]
10004258:	f382 8810 	msr	PRIMASK, r2
1000425c:	2400      	movs	r4, #0
1000425e:	2500      	movs	r5, #0
10004260:	4b0b      	ldr	r3, [pc, #44]	@ (10004290 <timer_task+0x6c>)
10004262:	7818      	ldrb	r0, [r3, #0]
10004264:	f7fc fee2 	bl	1000102c <irq_is_enabled>
10004268:	b940      	cbnz	r0, 1000427c <timer_task+0x58>
1000426a:	2400      	movs	r4, #0
1000426c:	2500      	movs	r5, #0
1000426e:	4620      	mov	r0, r4
10004270:	4629      	mov	r1, r5
10004272:	bd38      	pop	{r3, r4, r5, pc}
10004274:	f44f 747a 	mov.w	r4, #1000	@ 0x3e8
10004278:	2500      	movs	r5, #0
1000427a:	e7f1      	b.n	10004260 <timer_task+0x3c>
1000427c:	4b04      	ldr	r3, [pc, #16]	@ (10004290 <timer_task+0x6c>)
1000427e:	7818      	ldrb	r0, [r3, #0]
10004280:	f7fc fefe 	bl	10001080 <irq_set_pending>
10004284:	e7f3      	b.n	1000426e <timer_task+0x4a>
10004286:	bf00      	nop
10004288:	20002708 	.word	0x20002708
1000428c:	200027bb 	.word	0x200027bb
10004290:	200027ba 	.word	0x200027ba

10004294 <usb_irq>:
10004294:	b508      	push	{r3, lr}
10004296:	4b02      	ldr	r3, [pc, #8]	@ (100042a0 <usb_irq+0xc>)
10004298:	7818      	ldrb	r0, [r3, #0]
1000429a:	f7fc fef1 	bl	10001080 <irq_set_pending>
1000429e:	bd08      	pop	{r3, pc}
100042a0:	200027ba 	.word	0x200027ba

100042a4 <alarm_pool_add_alarm_in_us>:
100042a4:	b570      	push	{r4, r5, r6, lr}
100042a6:	b084      	sub	sp, #16
100042a8:	4606      	mov	r6, r0
100042aa:	4614      	mov	r4, r2
100042ac:	461d      	mov	r5, r3
100042ae:	f7fd fd93 	bl	10001dd8 <time_us_64>
100042b2:	1822      	adds	r2, r4, r0
100042b4:	eb45 0301 	adc.w	r3, r5, r1
100042b8:	2b00      	cmp	r3, #0
100042ba:	db0b      	blt.n	100042d4 <alarm_pool_add_alarm_in_us+0x30>
100042bc:	f89d 1028 	ldrb.w	r1, [sp, #40]	@ 0x28
100042c0:	9102      	str	r1, [sp, #8]
100042c2:	9909      	ldr	r1, [sp, #36]	@ 0x24
100042c4:	9101      	str	r1, [sp, #4]
100042c6:	9908      	ldr	r1, [sp, #32]
100042c8:	9100      	str	r1, [sp, #0]
100042ca:	4630      	mov	r0, r6
100042cc:	f7fd fbba 	bl	10001a44 <alarm_pool_add_alarm_at>
100042d0:	b004      	add	sp, #16
100042d2:	bd70      	pop	{r4, r5, r6, pc}
100042d4:	f04f 32ff 	mov.w	r2, #4294967295
100042d8:	f06f 4300 	mvn.w	r3, #2147483648	@ 0x80000000
100042dc:	e7ee      	b.n	100042bc <alarm_pool_add_alarm_in_us+0x18>

100042de <add_alarm_in_us>:
100042de:	b5f0      	push	{r4, r5, r6, r7, lr}
100042e0:	b085      	sub	sp, #20
100042e2:	4605      	mov	r5, r0
100042e4:	460c      	mov	r4, r1
100042e6:	4616      	mov	r6, r2
100042e8:	461f      	mov	r7, r3
100042ea:	f7fd fb37 	bl	1000195c <alarm_pool_get_default>
100042ee:	f89d 3028 	ldrb.w	r3, [sp, #40]	@ 0x28
100042f2:	9302      	str	r3, [sp, #8]
100042f4:	9701      	str	r7, [sp, #4]
100042f6:	9600      	str	r6, [sp, #0]
100042f8:	462a      	mov	r2, r5
100042fa:	4623      	mov	r3, r4
100042fc:	f7ff ffd2 	bl	100042a4 <alarm_pool_add_alarm_in_us>
10004300:	b005      	add	sp, #20
10004302:	bdf0      	pop	{r4, r5, r6, r7, pc}

10004304 <low_priority_worker_irq>:
10004304:	b510      	push	{r4, lr}
10004306:	b082      	sub	sp, #8
10004308:	2100      	movs	r1, #0
1000430a:	4822      	ldr	r0, [pc, #136]	@ (10004394 <low_priority_worker_irq+0x90>)
1000430c:	f006 fe74 	bl	1000aff8 <__mutex_try_enter_veneer>
10004310:	bb00      	cbnz	r0, 10004354 <low_priority_worker_irq+0x50>
10004312:	4b21      	ldr	r3, [pc, #132]	@ (10004398 <low_priority_worker_irq+0x94>)
10004314:	681b      	ldr	r3, [r3, #0]
10004316:	b1db      	cbz	r3, 10004350 <low_priority_worker_irq+0x4c>
10004318:	f3ef 8210 	mrs	r2, PRIMASK
1000431c:	b672      	cpsid	i
1000431e:	e8d3 0fcf 	ldaexb	r0, [r3]
10004322:	2101      	movs	r1, #1
10004324:	2800      	cmp	r0, #0
10004326:	d1fa      	bne.n	1000431e <low_priority_worker_irq+0x1a>
10004328:	e8c3 1f40 	strexb	r0, r1, [r3]
1000432c:	2800      	cmp	r0, #0
1000432e:	d1f6      	bne.n	1000431e <low_priority_worker_irq+0x1a>
10004330:	f3bf 8f5f 	dmb	sy
10004334:	4918      	ldr	r1, [pc, #96]	@ (10004398 <low_priority_worker_irq+0x94>)
10004336:	604a      	str	r2, [r1, #4]
10004338:	4818      	ldr	r0, [pc, #96]	@ (1000439c <low_priority_worker_irq+0x98>)
1000433a:	7803      	ldrb	r3, [r0, #0]
1000433c:	b2db      	uxtb	r3, r3
1000433e:	2401      	movs	r4, #1
10004340:	7004      	strb	r4, [r0, #0]
10004342:	6808      	ldr	r0, [r1, #0]
10004344:	2100      	movs	r1, #0
10004346:	e8c0 1f8f 	stlb	r1, [r0]
1000434a:	f382 8810 	msr	PRIMASK, r2
1000434e:	b1bb      	cbz	r3, 10004380 <low_priority_worker_irq+0x7c>
10004350:	b002      	add	sp, #8
10004352:	bd10      	pop	{r4, pc}
10004354:	2100      	movs	r1, #0
10004356:	f04f 30ff 	mov.w	r0, #4294967295
1000435a:	f001 f993 	bl	10005684 <tud_task_ext>
1000435e:	2000      	movs	r0, #0
10004360:	f001 fc66 	bl	10005c30 <tud_cdc_n_available>
10004364:	4604      	mov	r4, r0
10004366:	480b      	ldr	r0, [pc, #44]	@ (10004394 <low_priority_worker_irq+0x90>)
10004368:	f006 fe36 	bl	1000afd8 <__mutex_exit_veneer>
1000436c:	2c00      	cmp	r4, #0
1000436e:	d0ef      	beq.n	10004350 <low_priority_worker_irq+0x4c>
10004370:	4b0b      	ldr	r3, [pc, #44]	@ (100043a0 <low_priority_worker_irq+0x9c>)
10004372:	681b      	ldr	r3, [r3, #0]
10004374:	2b00      	cmp	r3, #0
10004376:	d0eb      	beq.n	10004350 <low_priority_worker_irq+0x4c>
10004378:	4a0a      	ldr	r2, [pc, #40]	@ (100043a4 <low_priority_worker_irq+0xa0>)
1000437a:	6810      	ldr	r0, [r2, #0]
1000437c:	4798      	blx	r3
1000437e:	e7e7      	b.n	10004350 <low_priority_worker_irq+0x4c>
10004380:	9400      	str	r4, [sp, #0]
10004382:	460b      	mov	r3, r1
10004384:	4a08      	ldr	r2, [pc, #32]	@ (100043a8 <low_priority_worker_irq+0xa4>)
10004386:	f44f 707a 	mov.w	r0, #1000	@ 0x3e8
1000438a:	2100      	movs	r1, #0
1000438c:	f7ff ffa7 	bl	100042de <add_alarm_in_us>
10004390:	e7de      	b.n	10004350 <low_priority_worker_irq+0x4c>
10004392:	bf00      	nop
10004394:	20002788 	.word	0x20002788
10004398:	20002708 	.word	0x20002708
1000439c:	200027bb 	.word	0x200027bb
100043a0:	2000226c 	.word	0x2000226c
100043a4:	20002270 	.word	0x20002270
100043a8:	10004225 	.word	0x10004225

100043ac <stdio_usb_init>:
100043ac:	b510      	push	{r4, lr}
100043ae:	b082      	sub	sp, #8
100043b0:	f04f 4350 	mov.w	r3, #3489660928	@ 0xd0000000
100043b4:	681c      	ldr	r4, [r3, #0]
100043b6:	f7fd fad1 	bl	1000195c <alarm_pool_get_default>
100043ba:	f7fd fbb3 	bl	10001b24 <alarm_pool_core_num>
100043be:	42a0      	cmp	r0, r4
100043c0:	d12d      	bne.n	1000441e <stdio_usb_init+0x72>
100043c2:	4b24      	ldr	r3, [pc, #144]	@ (10004454 <stdio_usb_init+0xa8>)
100043c4:	781b      	ldrb	r3, [r3, #0]
100043c6:	2100      	movs	r1, #0
100043c8:	4608      	mov	r0, r1
100043ca:	f002 f8f9 	bl	100065c0 <tusb_rhport_init>
100043ce:	4b22      	ldr	r3, [pc, #136]	@ (10004458 <stdio_usb_init+0xac>)
100043d0:	681b      	ldr	r3, [r3, #0]
100043d2:	b353      	cbz	r3, 1000442a <stdio_usb_init+0x7e>
100043d4:	2001      	movs	r0, #1
100043d6:	f7fd f839 	bl	1000144c <user_irq_claim_unused>
100043da:	b2c0      	uxtb	r0, r0
100043dc:	4c1f      	ldr	r4, [pc, #124]	@ (1000445c <stdio_usb_init+0xb0>)
100043de:	7020      	strb	r0, [r4, #0]
100043e0:	491f      	ldr	r1, [pc, #124]	@ (10004460 <stdio_usb_init+0xb4>)
100043e2:	f7fc fe6d 	bl	100010c0 <irq_set_exclusive_handler>
100043e6:	2101      	movs	r1, #1
100043e8:	7820      	ldrb	r0, [r4, #0]
100043ea:	f7fc fe3f 	bl	1000106c <irq_set_enabled>
100043ee:	200e      	movs	r0, #14
100043f0:	f7fc fe5a 	bl	100010a8 <irq_has_shared_handler>
100043f4:	4604      	mov	r4, r0
100043f6:	b1e0      	cbz	r0, 10004432 <stdio_usb_init+0x86>
100043f8:	2001      	movs	r0, #1
100043fa:	f7fc fd8d 	bl	10000f18 <spin_lock_claim_unused>
100043fe:	4601      	mov	r1, r0
10004400:	4818      	ldr	r0, [pc, #96]	@ (10004464 <stdio_usb_init+0xb8>)
10004402:	f7fd f881 	bl	10001508 <critical_section_init_with_lock_num>
10004406:	2200      	movs	r2, #0
10004408:	4917      	ldr	r1, [pc, #92]	@ (10004468 <stdio_usb_init+0xbc>)
1000440a:	200e      	movs	r0, #14
1000440c:	f7fc fe88 	bl	10001120 <irq_add_shared_handler>
10004410:	2101      	movs	r1, #1
10004412:	4816      	ldr	r0, [pc, #88]	@ (1000446c <stdio_usb_init+0xc0>)
10004414:	f7ff fdf6 	bl	10004004 <stdio_set_driver_enabled>
10004418:	4620      	mov	r0, r4
1000441a:	b002      	add	sp, #8
1000441c:	bd10      	pop	{r4, pc}
1000441e:	4b14      	ldr	r3, [pc, #80]	@ (10004470 <stdio_usb_init+0xc4>)
10004420:	4a14      	ldr	r2, [pc, #80]	@ (10004474 <stdio_usb_init+0xc8>)
10004422:	21c6      	movs	r1, #198	@ 0xc6
10004424:	4814      	ldr	r0, [pc, #80]	@ (10004478 <stdio_usb_init+0xcc>)
10004426:	f7ff fce1 	bl	10003dec <__assert_func>
1000442a:	480b      	ldr	r0, [pc, #44]	@ (10004458 <stdio_usb_init+0xac>)
1000442c:	f7fd f82a 	bl	10001484 <mutex_init>
10004430:	e7d0      	b.n	100043d4 <stdio_usb_init+0x28>
10004432:	4a0c      	ldr	r2, [pc, #48]	@ (10004464 <stdio_usb_init+0xb8>)
10004434:	2300      	movs	r3, #0
10004436:	6013      	str	r3, [r2, #0]
10004438:	6053      	str	r3, [r2, #4]
1000443a:	2201      	movs	r2, #1
1000443c:	9200      	str	r2, [sp, #0]
1000443e:	4a0f      	ldr	r2, [pc, #60]	@ (1000447c <stdio_usb_init+0xd0>)
10004440:	f44f 707a 	mov.w	r0, #1000	@ 0x3e8
10004444:	2100      	movs	r1, #0
10004446:	f7ff ff4a 	bl	100042de <add_alarm_in_us>
1000444a:	43c4      	mvns	r4, r0
1000444c:	0fe4      	lsrs	r4, r4, #31
1000444e:	2c00      	cmp	r4, #0
10004450:	d0e2      	beq.n	10004418 <stdio_usb_init+0x6c>
10004452:	e7dd      	b.n	10004410 <stdio_usb_init+0x64>
10004454:	1000c7c0 	.word	0x1000c7c0
10004458:	20002788 	.word	0x20002788
1000445c:	200027ba 	.word	0x200027ba
10004460:	10004305 	.word	0x10004305
10004464:	20002708 	.word	0x20002708
10004468:	10004295 	.word	0x10004295
1000446c:	2000128c 	.word	0x2000128c
10004470:	1000b708 	.word	0x1000b708
10004474:	1000bf14 	.word	0x1000bf14
10004478:	1000b710 	.word	0x1000b710
1000447c:	10004225 	.word	0x10004225

10004480 <stdio_usb_connected>:
10004480:	b508      	push	{r3, lr}
10004482:	2000      	movs	r0, #0
10004484:	f001 fbba 	bl	10005bfc <tud_cdc_n_connected>
10004488:	bd08      	pop	{r3, pc}
	...

1000448c <stdio_usb_in_chars>:
1000448c:	b538      	push	{r3, r4, r5, lr}
1000448e:	4604      	mov	r4, r0
10004490:	460d      	mov	r5, r1
10004492:	f7ff fff5 	bl	10004480 <stdio_usb_connected>
10004496:	b390      	cbz	r0, 100044fe <stdio_usb_in_chars+0x72>
10004498:	2000      	movs	r0, #0
1000449a:	f001 fbc9 	bl	10005c30 <tud_cdc_n_available>
1000449e:	b388      	cbz	r0, 10004504 <stdio_usb_in_chars+0x78>
100044a0:	f7fd fc9a 	bl	10001dd8 <time_us_64>
100044a4:	4a1a      	ldr	r2, [pc, #104]	@ (10004510 <stdio_usb_in_chars+0x84>)
100044a6:	1882      	adds	r2, r0, r2
100044a8:	f141 0300 	adc.w	r3, r1, #0
100044ac:	2b00      	cmp	r3, #0
100044ae:	db16      	blt.n	100044de <stdio_usb_in_chars+0x52>
100044b0:	4818      	ldr	r0, [pc, #96]	@ (10004514 <stdio_usb_in_chars+0x88>)
100044b2:	f006 fd9d 	bl	1000aff0 <__mutex_try_enter_block_until_veneer>
100044b6:	b340      	cbz	r0, 1000450a <stdio_usb_in_chars+0x7e>
100044b8:	f7ff ffe2 	bl	10004480 <stdio_usb_connected>
100044bc:	b118      	cbz	r0, 100044c6 <stdio_usb_in_chars+0x3a>
100044be:	2000      	movs	r0, #0
100044c0:	f001 fbb6 	bl	10005c30 <tud_cdc_n_available>
100044c4:	b980      	cbnz	r0, 100044e8 <stdio_usb_in_chars+0x5c>
100044c6:	2100      	movs	r1, #0
100044c8:	f04f 30ff 	mov.w	r0, #4294967295
100044cc:	f001 f8da 	bl	10005684 <tud_task_ext>
100044d0:	f06f 0402 	mvn.w	r4, #2
100044d4:	480f      	ldr	r0, [pc, #60]	@ (10004514 <stdio_usb_in_chars+0x88>)
100044d6:	f006 fd7f 	bl	1000afd8 <__mutex_exit_veneer>
100044da:	4620      	mov	r0, r4
100044dc:	bd38      	pop	{r3, r4, r5, pc}
100044de:	f04f 32ff 	mov.w	r2, #4294967295
100044e2:	f06f 4300 	mvn.w	r3, #2147483648	@ 0x80000000
100044e6:	e7e3      	b.n	100044b0 <stdio_usb_in_chars+0x24>
100044e8:	462a      	mov	r2, r5
100044ea:	4621      	mov	r1, r4
100044ec:	2000      	movs	r0, #0
100044ee:	f001 fbab 	bl	10005c48 <tud_cdc_n_read>
100044f2:	4604      	mov	r4, r0
100044f4:	2800      	cmp	r0, #0
100044f6:	d1ed      	bne.n	100044d4 <stdio_usb_in_chars+0x48>
100044f8:	f06f 0402 	mvn.w	r4, #2
100044fc:	e7ea      	b.n	100044d4 <stdio_usb_in_chars+0x48>
100044fe:	f06f 0402 	mvn.w	r4, #2
10004502:	e7ea      	b.n	100044da <stdio_usb_in_chars+0x4e>
10004504:	f06f 0402 	mvn.w	r4, #2
10004508:	e7e7      	b.n	100044da <stdio_usb_in_chars+0x4e>
1000450a:	f06f 0402 	mvn.w	r4, #2
1000450e:	e7e4      	b.n	100044da <stdio_usb_in_chars+0x4e>
10004510:	000f4240 	.word	0x000f4240
10004514:	20002788 	.word	0x20002788

10004518 <stdio_usb_out_chars>:
10004518:	b5f8      	push	{r3, r4, r5, r6, r7, lr}
1000451a:	4607      	mov	r7, r0
1000451c:	460d      	mov	r5, r1
1000451e:	f7fd fc5b 	bl	10001dd8 <time_us_64>
10004522:	4a2e      	ldr	r2, [pc, #184]	@ (100045dc <stdio_usb_out_chars+0xc4>)
10004524:	1882      	adds	r2, r0, r2
10004526:	f141 0300 	adc.w	r3, r1, #0
1000452a:	2b00      	cmp	r3, #0
1000452c:	db04      	blt.n	10004538 <stdio_usb_out_chars+0x20>
1000452e:	482c      	ldr	r0, [pc, #176]	@ (100045e0 <stdio_usb_out_chars+0xc8>)
10004530:	f006 fd5e 	bl	1000aff0 <__mutex_try_enter_block_until_veneer>
10004534:	b928      	cbnz	r0, 10004542 <stdio_usb_out_chars+0x2a>
10004536:	bdf8      	pop	{r3, r4, r5, r6, r7, pc}
10004538:	f04f 32ff 	mov.w	r2, #4294967295
1000453c:	f06f 4300 	mvn.w	r3, #2147483648	@ 0x80000000
10004540:	e7f5      	b.n	1000452e <stdio_usb_out_chars+0x16>
10004542:	f7ff ff9d 	bl	10004480 <stdio_usb_connected>
10004546:	2800      	cmp	r0, #0
10004548:	d145      	bne.n	100045d6 <stdio_usb_out_chars+0xbe>
1000454a:	4b26      	ldr	r3, [pc, #152]	@ (100045e4 <stdio_usb_out_chars+0xcc>)
1000454c:	2000      	movs	r0, #0
1000454e:	2100      	movs	r1, #0
10004550:	e9c3 0100 	strd	r0, r1, [r3]
10004554:	4822      	ldr	r0, [pc, #136]	@ (100045e0 <stdio_usb_out_chars+0xc8>)
10004556:	f006 fd3f 	bl	1000afd8 <__mutex_exit_veneer>
1000455a:	e7ec      	b.n	10004536 <stdio_usb_out_chars+0x1e>
1000455c:	2100      	movs	r1, #0
1000455e:	f04f 30ff 	mov.w	r0, #4294967295
10004562:	f001 f88f 	bl	10005684 <tud_task_ext>
10004566:	2000      	movs	r0, #0
10004568:	f001 fb88 	bl	10005c7c <tud_cdc_n_write_flush>
1000456c:	f7ff ff88 	bl	10004480 <stdio_usb_connected>
10004570:	2800      	cmp	r0, #0
10004572:	d0ef      	beq.n	10004554 <stdio_usb_out_chars+0x3c>
10004574:	2000      	movs	r0, #0
10004576:	f001 fbff 	bl	10005d78 <tud_cdc_n_write_available>
1000457a:	b1f8      	cbz	r0, 100045bc <stdio_usb_out_chars+0xa4>
1000457c:	42ac      	cmp	r4, r5
1000457e:	dae9      	bge.n	10004554 <stdio_usb_out_chars+0x3c>
10004580:	1b2e      	subs	r6, r5, r4
10004582:	2000      	movs	r0, #0
10004584:	f001 fbf8 	bl	10005d78 <tud_cdc_n_write_available>
10004588:	4286      	cmp	r6, r0
1000458a:	dc00      	bgt.n	1000458e <stdio_usb_out_chars+0x76>
1000458c:	4630      	mov	r0, r6
1000458e:	2800      	cmp	r0, #0
10004590:	d0e4      	beq.n	1000455c <stdio_usb_out_chars+0x44>
10004592:	4602      	mov	r2, r0
10004594:	1939      	adds	r1, r7, r4
10004596:	2000      	movs	r0, #0
10004598:	f001 fbcc 	bl	10005d34 <tud_cdc_n_write>
1000459c:	4606      	mov	r6, r0
1000459e:	2100      	movs	r1, #0
100045a0:	f04f 30ff 	mov.w	r0, #4294967295
100045a4:	f001 f86e 	bl	10005684 <tud_task_ext>
100045a8:	2000      	movs	r0, #0
100045aa:	f001 fb67 	bl	10005c7c <tud_cdc_n_write_flush>
100045ae:	4434      	add	r4, r6
100045b0:	f7fd fc12 	bl	10001dd8 <time_us_64>
100045b4:	4b0b      	ldr	r3, [pc, #44]	@ (100045e4 <stdio_usb_out_chars+0xcc>)
100045b6:	e9c3 0100 	strd	r0, r1, [r3]
100045ba:	e7df      	b.n	1000457c <stdio_usb_out_chars+0x64>
100045bc:	f7fd fc0c 	bl	10001dd8 <time_us_64>
100045c0:	4a08      	ldr	r2, [pc, #32]	@ (100045e4 <stdio_usb_out_chars+0xcc>)
100045c2:	6813      	ldr	r3, [r2, #0]
100045c4:	6852      	ldr	r2, [r2, #4]
100045c6:	4e08      	ldr	r6, [pc, #32]	@ (100045e8 <stdio_usb_out_chars+0xd0>)
100045c8:	199b      	adds	r3, r3, r6
100045ca:	f142 0200 	adc.w	r2, r2, #0
100045ce:	4283      	cmp	r3, r0
100045d0:	418a      	sbcs	r2, r1
100045d2:	d2d3      	bcs.n	1000457c <stdio_usb_out_chars+0x64>
100045d4:	e7be      	b.n	10004554 <stdio_usb_out_chars+0x3c>
100045d6:	2400      	movs	r4, #0
100045d8:	e7d0      	b.n	1000457c <stdio_usb_out_chars+0x64>
100045da:	bf00      	nop
100045dc:	000f4240 	.word	0x000f4240
100045e0:	20002788 	.word	0x20002788
100045e4:	20001b18 	.word	0x20001b18
100045e8:	0007a120 	.word	0x0007a120

100045ec <tud_descriptor_device_cb>:
100045ec:	4800      	ldr	r0, [pc, #0]	@ (100045f0 <tud_descriptor_device_cb+0x4>)
100045ee:	4770      	bx	lr
100045f0:	1000bf90 	.word	0x1000bf90

100045f4 <tud_descriptor_configuration_cb>:
100045f4:	4800      	ldr	r0, [pc, #0]	@ (100045f8 <tud_descriptor_configuration_cb+0x4>)
100045f6:	4770      	bx	lr
100045f8:	1000bf3c 	.word	0x1000bf3c

100045fc <tud_descriptor_string_cb>:
100045fc:	b510      	push	{r4, lr}
100045fe:	4604      	mov	r4, r0
10004600:	4b14      	ldr	r3, [pc, #80]	@ (10004654 <tud_descriptor_string_cb+0x58>)
10004602:	781b      	ldrb	r3, [r3, #0]
10004604:	b16b      	cbz	r3, 10004622 <tud_descriptor_string_cb+0x26>
10004606:	b98c      	cbnz	r4, 1000462c <tud_descriptor_string_cb+0x30>
10004608:	4b13      	ldr	r3, [pc, #76]	@ (10004658 <tud_descriptor_string_cb+0x5c>)
1000460a:	f240 4209 	movw	r2, #1033	@ 0x409
1000460e:	805a      	strh	r2, [r3, #2]
10004610:	2301      	movs	r3, #1
10004612:	3301      	adds	r3, #1
10004614:	005b      	lsls	r3, r3, #1
10004616:	b29b      	uxth	r3, r3
10004618:	480f      	ldr	r0, [pc, #60]	@ (10004658 <tud_descriptor_string_cb+0x5c>)
1000461a:	f443 7340 	orr.w	r3, r3, #768	@ 0x300
1000461e:	8003      	strh	r3, [r0, #0]
10004620:	bd10      	pop	{r4, pc}
10004622:	2111      	movs	r1, #17
10004624:	480b      	ldr	r0, [pc, #44]	@ (10004654 <tud_descriptor_string_cb+0x58>)
10004626:	f000 f847 	bl	100046b8 <pico_get_unique_board_id_string>
1000462a:	e7ec      	b.n	10004606 <tud_descriptor_string_cb+0xa>
1000462c:	2c05      	cmp	r4, #5
1000462e:	d80e      	bhi.n	1000464e <tud_descriptor_string_cb+0x52>
10004630:	4b0a      	ldr	r3, [pc, #40]	@ (1000465c <tud_descriptor_string_cb+0x60>)
10004632:	f853 0024 	ldr.w	r0, [r3, r4, lsl #2]
10004636:	2300      	movs	r3, #0
10004638:	2b12      	cmp	r3, #18
1000463a:	d8ea      	bhi.n	10004612 <tud_descriptor_string_cb+0x16>
1000463c:	5cc2      	ldrb	r2, [r0, r3]
1000463e:	2a00      	cmp	r2, #0
10004640:	d0e7      	beq.n	10004612 <tud_descriptor_string_cb+0x16>
10004642:	3301      	adds	r3, #1
10004644:	4904      	ldr	r1, [pc, #16]	@ (10004658 <tud_descriptor_string_cb+0x5c>)
10004646:	f821 2013 	strh.w	r2, [r1, r3, lsl #1]
1000464a:	b2db      	uxtb	r3, r3
1000464c:	e7f4      	b.n	10004638 <tud_descriptor_string_cb+0x3c>
1000464e:	2000      	movs	r0, #0
10004650:	e7e6      	b.n	10004620 <tud_descriptor_string_cb+0x24>
10004652:	bf00      	nop
10004654:	20002798 	.word	0x20002798
10004658:	200022a8 	.word	0x200022a8
1000465c:	1000bf24 	.word	0x1000bf24

10004660 <_retrieve_unique_id_on_boot>:
10004660:	b500      	push	{lr}
10004662:	b08b      	sub	sp, #44	@ 0x2c
10004664:	f245 3047 	movw	r0, #21319	@ 0x5347
10004668:	f7fd fe1c 	bl	100022a4 <rom_func_lookup>
1000466c:	4603      	mov	r3, r0
1000466e:	2201      	movs	r2, #1
10004670:	2109      	movs	r1, #9
10004672:	a801      	add	r0, sp, #4
10004674:	4798      	blx	r3
10004676:	2804      	cmp	r0, #4
10004678:	d101      	bne.n	1000467e <_retrieve_unique_id_on_boot+0x1e>
1000467a:	2300      	movs	r3, #0
1000467c:	e00e      	b.n	1000469c <_retrieve_unique_id_on_boot+0x3c>
1000467e:	4b0a      	ldr	r3, [pc, #40]	@ (100046a8 <_retrieve_unique_id_on_boot+0x48>)
10004680:	4a0a      	ldr	r2, [pc, #40]	@ (100046ac <_retrieve_unique_id_on_boot+0x4c>)
10004682:	212f      	movs	r1, #47	@ 0x2f
10004684:	480a      	ldr	r0, [pc, #40]	@ (100046b0 <_retrieve_unique_id_on_boot+0x50>)
10004686:	f7ff fbb1 	bl	10003dec <__assert_func>
1000468a:	f1c3 020f 	rsb	r2, r3, #15
1000468e:	3228      	adds	r2, #40	@ 0x28
10004690:	446a      	add	r2, sp
10004692:	f812 1c24 	ldrb.w	r1, [r2, #-36]
10004696:	4a07      	ldr	r2, [pc, #28]	@ (100046b4 <_retrieve_unique_id_on_boot+0x54>)
10004698:	54d1      	strb	r1, [r2, r3]
1000469a:	3301      	adds	r3, #1
1000469c:	2b07      	cmp	r3, #7
1000469e:	ddf4      	ble.n	1000468a <_retrieve_unique_id_on_boot+0x2a>
100046a0:	b00b      	add	sp, #44	@ 0x2c
100046a2:	f85d fb04 	ldr.w	pc, [sp], #4
100046a6:	bf00      	nop
100046a8:	1000b7a0 	.word	0x1000b7a0
100046ac:	1000bfc4 	.word	0x1000bfc4
100046b0:	1000b7a8 	.word	0x1000b7a8
100046b4:	20002730 	.word	0x20002730

100046b8 <pico_get_unique_board_id_string>:
100046b8:	b508      	push	{r3, lr}
100046ba:	b111      	cbz	r1, 100046c2 <pico_get_unique_board_id_string+0xa>
100046bc:	468c      	mov	ip, r1
100046be:	2200      	movs	r2, #0
100046c0:	e008      	b.n	100046d4 <pico_get_unique_board_id_string+0x1c>
100046c2:	4b10      	ldr	r3, [pc, #64]	@ (10004704 <pico_get_unique_board_id_string+0x4c>)
100046c4:	4a10      	ldr	r2, [pc, #64]	@ (10004708 <pico_get_unique_board_id_string+0x50>)
100046c6:	213b      	movs	r1, #59	@ 0x3b
100046c8:	4810      	ldr	r0, [pc, #64]	@ (1000470c <pico_get_unique_board_id_string+0x54>)
100046ca:	f7ff fb8f 	bl	10003dec <__assert_func>
100046ce:	3337      	adds	r3, #55	@ 0x37
100046d0:	5483      	strb	r3, [r0, r2]
100046d2:	3201      	adds	r2, #1
100046d4:	f10c 33ff 	add.w	r3, ip, #4294967295
100046d8:	4293      	cmp	r3, r2
100046da:	d90f      	bls.n	100046fc <pico_get_unique_board_id_string+0x44>
100046dc:	2a0f      	cmp	r2, #15
100046de:	d80d      	bhi.n	100046fc <pico_get_unique_board_id_string+0x44>
100046e0:	0853      	lsrs	r3, r2, #1
100046e2:	490b      	ldr	r1, [pc, #44]	@ (10004710 <pico_get_unique_board_id_string+0x58>)
100046e4:	5ccb      	ldrb	r3, [r1, r3]
100046e6:	43d1      	mvns	r1, r2
100046e8:	f001 0101 	and.w	r1, r1, #1
100046ec:	0089      	lsls	r1, r1, #2
100046ee:	410b      	asrs	r3, r1
100046f0:	f003 030f 	and.w	r3, r3, #15
100046f4:	2b09      	cmp	r3, #9
100046f6:	dcea      	bgt.n	100046ce <pico_get_unique_board_id_string+0x16>
100046f8:	3330      	adds	r3, #48	@ 0x30
100046fa:	e7e9      	b.n	100046d0 <pico_get_unique_board_id_string+0x18>
100046fc:	2300      	movs	r3, #0
100046fe:	5483      	strb	r3, [r0, r2]
10004700:	bd08      	pop	{r3, pc}
10004702:	bf00      	nop
10004704:	1000b7f8 	.word	0x1000b7f8
10004708:	1000bfa4 	.word	0x1000bfa4
1000470c:	1000b7a8 	.word	0x1000b7a8
10004710:	20002730 	.word	0x20002730

10004714 <hw_endpoint_init>:
10004714:	b430      	push	{r4, r5}
10004716:	f000 057f 	and.w	r5, r0, #127	@ 0x7f
1000471a:	09c3      	lsrs	r3, r0, #7
1000471c:	ea4f 0c45 	mov.w	ip, r5, lsl #1
10004720:	eb0c 1cd0 	add.w	ip, ip, r0, lsr #7
10004724:	4c24      	ldr	r4, [pc, #144]	@ (100047b8 <hw_endpoint_init+0xa4>)
10004726:	eb04 1c4c 	add.w	ip, r4, ip, lsl #5
1000472a:	f88c 0002 	strb.w	r0, [ip, #2]
1000472e:	f083 0001 	eor.w	r0, r3, #1
10004732:	f88c 0001 	strb.w	r0, [ip, #1]
10004736:	2000      	movs	r0, #0
10004738:	f88c 0003 	strb.w	r0, [ip, #3]
1000473c:	f8ac 1018 	strh.w	r1, [ip, #24]
10004740:	f88c 201b 	strb.w	r2, [ip, #27]
10004744:	b9db      	cbnz	r3, 1000477e <hw_endpoint_init+0x6a>
10004746:	00ea      	lsls	r2, r5, #3
10004748:	491c      	ldr	r1, [pc, #112]	@ (100047bc <hw_endpoint_init+0xa8>)
1000474a:	4411      	add	r1, r2
1000474c:	eb03 0045 	add.w	r0, r3, r5, lsl #1
10004750:	4a19      	ldr	r2, [pc, #100]	@ (100047b8 <hw_endpoint_init+0xa4>)
10004752:	eb02 1240 	add.w	r2, r2, r0, lsl #5
10004756:	6091      	str	r1, [r2, #8]
10004758:	eb03 0145 	add.w	r1, r3, r5, lsl #1
1000475c:	4a16      	ldr	r2, [pc, #88]	@ (100047b8 <hw_endpoint_init+0xa4>)
1000475e:	eb02 1241 	add.w	r2, r2, r1, lsl #5
10004762:	6892      	ldr	r2, [r2, #8]
10004764:	2100      	movs	r1, #0
10004766:	6011      	str	r1, [r2, #0]
10004768:	b97d      	cbnz	r5, 1000478a <hw_endpoint_init+0x76>
1000476a:	eb03 0245 	add.w	r2, r3, r5, lsl #1
1000476e:	4b12      	ldr	r3, [pc, #72]	@ (100047b8 <hw_endpoint_init+0xa4>)
10004770:	eb03 1342 	add.w	r3, r3, r2, lsl #5
10004774:	6059      	str	r1, [r3, #4]
10004776:	4a12      	ldr	r2, [pc, #72]	@ (100047c0 <hw_endpoint_init+0xac>)
10004778:	60da      	str	r2, [r3, #12]
1000477a:	bc30      	pop	{r4, r5}
1000477c:	4770      	bx	lr
1000477e:	4911      	ldr	r1, [pc, #68]	@ (100047c4 <hw_endpoint_init+0xb0>)
10004780:	eb01 01c5 	add.w	r1, r1, r5, lsl #3
10004784:	f8cc 1008 	str.w	r1, [ip, #8]
10004788:	e7e6      	b.n	10004758 <hw_endpoint_init+0x44>
1000478a:	b953      	cbnz	r3, 100047a2 <hw_endpoint_init+0x8e>
1000478c:	1e6a      	subs	r2, r5, #1
1000478e:	00d2      	lsls	r2, r2, #3
10004790:	490d      	ldr	r1, [pc, #52]	@ (100047c8 <hw_endpoint_init+0xb4>)
10004792:	4411      	add	r1, r2
10004794:	eb03 0345 	add.w	r3, r3, r5, lsl #1
10004798:	4a07      	ldr	r2, [pc, #28]	@ (100047b8 <hw_endpoint_init+0xa4>)
1000479a:	eb02 1343 	add.w	r3, r2, r3, lsl #5
1000479e:	6059      	str	r1, [r3, #4]
100047a0:	e7eb      	b.n	1000477a <hw_endpoint_init+0x66>
100047a2:	1e69      	subs	r1, r5, #1
100047a4:	4a09      	ldr	r2, [pc, #36]	@ (100047cc <hw_endpoint_init+0xb8>)
100047a6:	eb02 02c1 	add.w	r2, r2, r1, lsl #3
100047aa:	eb03 0145 	add.w	r1, r3, r5, lsl #1
100047ae:	4b02      	ldr	r3, [pc, #8]	@ (100047b8 <hw_endpoint_init+0xa4>)
100047b0:	eb03 1341 	add.w	r3, r3, r1, lsl #5
100047b4:	605a      	str	r2, [r3, #4]
100047b6:	e7e0      	b.n	1000477a <hw_endpoint_init+0x66>
100047b8:	200022e4 	.word	0x200022e4
100047bc:	50100084 	.word	0x50100084
100047c0:	50100100 	.word	0x50100100
100047c4:	50100080 	.word	0x50100080
100047c8:	5010000c 	.word	0x5010000c
100047cc:	50100008 	.word	0x50100008

100047d0 <hw_endpoint_alloc>:
100047d0:	b508      	push	{r3, lr}
100047d2:	8b03      	ldrh	r3, [r0, #24]
100047d4:	333f      	adds	r3, #63	@ 0x3f
100047d6:	f023 033f 	bic.w	r3, r3, #63	@ 0x3f
100047da:	7ec2      	ldrb	r2, [r0, #27]
100047dc:	2a02      	cmp	r2, #2
100047de:	d008      	beq.n	100047f2 <hw_endpoint_alloc+0x22>
100047e0:	4908      	ldr	r1, [pc, #32]	@ (10004804 <hw_endpoint_alloc+0x34>)
100047e2:	680a      	ldr	r2, [r1, #0]
100047e4:	60c2      	str	r2, [r0, #12]
100047e6:	4413      	add	r3, r2
100047e8:	600b      	str	r3, [r1, #0]
100047ea:	4a07      	ldr	r2, [pc, #28]	@ (10004808 <hw_endpoint_alloc+0x38>)
100047ec:	4293      	cmp	r3, r2
100047ee:	d802      	bhi.n	100047f6 <hw_endpoint_alloc+0x26>
100047f0:	bd08      	pop	{r3, pc}
100047f2:	005b      	lsls	r3, r3, #1
100047f4:	e7f4      	b.n	100047e0 <hw_endpoint_alloc+0x10>
100047f6:	4b05      	ldr	r3, [pc, #20]	@ (1000480c <hw_endpoint_alloc+0x3c>)
100047f8:	4a05      	ldr	r2, [pc, #20]	@ (10004810 <hw_endpoint_alloc+0x40>)
100047fa:	2152      	movs	r1, #82	@ 0x52
100047fc:	4805      	ldr	r0, [pc, #20]	@ (10004814 <hw_endpoint_alloc+0x44>)
100047fe:	f7ff faf5 	bl	10003dec <__assert_func>
10004802:	bf00      	nop
10004804:	200026ec 	.word	0x200026ec
10004808:	50100fff 	.word	0x50100fff
1000480c:	1000b800 	.word	0x1000b800
10004810:	1000c010 	.word	0x1000c010
10004814:	1000b844 	.word	0x1000b844

10004818 <hw_endpoint_open>:
10004818:	b570      	push	{r4, r5, r6, lr}
1000481a:	f000 057f 	and.w	r5, r0, #127	@ 0x7f
1000481e:	ea4f 0c45 	mov.w	ip, r5, lsl #1
10004822:	eb0c 13d0 	add.w	r3, ip, r0, lsr #7
10004826:	4c0c      	ldr	r4, [pc, #48]	@ (10004858 <hw_endpoint_open+0x40>)
10004828:	eb04 1443 	add.w	r4, r4, r3, lsl #5
1000482c:	f7ff ff72 	bl	10004714 <hw_endpoint_init>
10004830:	b905      	cbnz	r5, 10004834 <hw_endpoint_open+0x1c>
10004832:	bd70      	pop	{r4, r5, r6, pc}
10004834:	8b21      	ldrh	r1, [r4, #24]
10004836:	4620      	mov	r0, r4
10004838:	f7ff ffca 	bl	100047d0 <hw_endpoint_alloc>
1000483c:	7ee2      	ldrb	r2, [r4, #27]
1000483e:	68e3      	ldr	r3, [r4, #12]
10004840:	f083 43a0 	eor.w	r3, r3, #1342177280	@ 0x50000000
10004844:	f483 1380 	eor.w	r3, r3, #1048576	@ 0x100000
10004848:	ea43 6382 	orr.w	r3, r3, r2, lsl #26
1000484c:	f043 4300 	orr.w	r3, r3, #2147483648	@ 0x80000000
10004850:	6862      	ldr	r2, [r4, #4]
10004852:	6013      	str	r3, [r2, #0]
10004854:	e7ed      	b.n	10004832 <hw_endpoint_open+0x1a>
10004856:	bf00      	nop
10004858:	200022e4 	.word	0x200022e4

1000485c <hw_endpoint_xfer>:
1000485c:	b508      	push	{r3, lr}
1000485e:	f000 037f 	and.w	r3, r0, #127	@ 0x7f
10004862:	005b      	lsls	r3, r3, #1
10004864:	eb03 10d0 	add.w	r0, r3, r0, lsr #7
10004868:	4b02      	ldr	r3, [pc, #8]	@ (10004874 <hw_endpoint_xfer+0x18>)
1000486a:	eb03 1040 	add.w	r0, r3, r0, lsl #5
1000486e:	f000 f91b 	bl	10004aa8 <hw_endpoint_xfer_start>
10004872:	bd08      	pop	{r3, pc}
10004874:	200022e4 	.word	0x200022e4

10004878 <dcd_int_enable>:
10004878:	b508      	push	{r3, lr}
1000487a:	b920      	cbnz	r0, 10004886 <dcd_int_enable+0xe>
1000487c:	2101      	movs	r1, #1
1000487e:	200e      	movs	r0, #14
10004880:	f7fc fbf4 	bl	1000106c <irq_set_enabled>
10004884:	bd08      	pop	{r3, pc}
10004886:	4b03      	ldr	r3, [pc, #12]	@ (10004894 <dcd_int_enable+0x1c>)
10004888:	4a03      	ldr	r2, [pc, #12]	@ (10004898 <dcd_int_enable+0x20>)
1000488a:	f240 1197 	movw	r1, #407	@ 0x197
1000488e:	4803      	ldr	r0, [pc, #12]	@ (1000489c <dcd_int_enable+0x24>)
10004890:	f7ff faac 	bl	10003dec <__assert_func>
10004894:	1000b8b8 	.word	0x1000b8b8
10004898:	1000c000 	.word	0x1000c000
1000489c:	1000b844 	.word	0x1000b844

100048a0 <dcd_set_address>:
100048a0:	b508      	push	{r3, lr}
100048a2:	b928      	cbnz	r0, 100048b0 <dcd_set_address+0x10>
100048a4:	2200      	movs	r2, #0
100048a6:	4611      	mov	r1, r2
100048a8:	2080      	movs	r0, #128	@ 0x80
100048aa:	f7ff ffd7 	bl	1000485c <hw_endpoint_xfer>
100048ae:	bd08      	pop	{r3, pc}
100048b0:	4b03      	ldr	r3, [pc, #12]	@ (100048c0 <dcd_set_address+0x20>)
100048b2:	4a04      	ldr	r2, [pc, #16]	@ (100048c4 <dcd_set_address+0x24>)
100048b4:	f240 11a1 	movw	r1, #417	@ 0x1a1
100048b8:	4803      	ldr	r0, [pc, #12]	@ (100048c8 <dcd_set_address+0x28>)
100048ba:	f7ff fa97 	bl	10003dec <__assert_func>
100048be:	bf00      	nop
100048c0:	1000b8b8 	.word	0x1000b8b8
100048c4:	1000bff0 	.word	0x1000bff0
100048c8:	1000b844 	.word	0x1000b844

100048cc <dcd_connect>:
100048cc:	4b02      	ldr	r3, [pc, #8]	@ (100048d8 <dcd_connect+0xc>)
100048ce:	f44f 3280 	mov.w	r2, #65536	@ 0x10000
100048d2:	64da      	str	r2, [r3, #76]	@ 0x4c
100048d4:	4770      	bx	lr
100048d6:	bf00      	nop
100048d8:	50112000 	.word	0x50112000

100048dc <dcd_init>:
100048dc:	b570      	push	{r4, r5, r6, lr}
100048de:	bb48      	cbnz	r0, 10004934 <dcd_init+0x58>
100048e0:	4606      	mov	r6, r0
100048e2:	f000 f8c1 	bl	10004a68 <rp2040_usb_init>
100048e6:	4c17      	ldr	r4, [pc, #92]	@ (10004944 <dcd_init+0x68>)
100048e8:	230c      	movs	r3, #12
100048ea:	67a3      	str	r3, [r4, #120]	@ 0x78
100048ec:	22ff      	movs	r2, #255	@ 0xff
100048ee:	4916      	ldr	r1, [pc, #88]	@ (10004948 <dcd_init+0x6c>)
100048f0:	200e      	movs	r0, #14
100048f2:	f7fc fc15 	bl	10001120 <irq_add_shared_handler>
100048f6:	2540      	movs	r5, #64	@ 0x40
100048f8:	462a      	mov	r2, r5
100048fa:	2100      	movs	r1, #0
100048fc:	4813      	ldr	r0, [pc, #76]	@ (1000494c <dcd_init+0x70>)
100048fe:	f004 fe7f 	bl	10009600 <memset>
10004902:	2200      	movs	r2, #0
10004904:	4629      	mov	r1, r5
10004906:	4610      	mov	r0, r2
10004908:	f7ff ff86 	bl	10004818 <hw_endpoint_open>
1000490c:	2200      	movs	r2, #0
1000490e:	4629      	mov	r1, r5
10004910:	2080      	movs	r0, #128	@ 0x80
10004912:	f7ff ff81 	bl	10004818 <hw_endpoint_open>
10004916:	f006 fb53 	bl	1000afc0 <__reset_non_control_endpoints_veneer>
1000491a:	2501      	movs	r5, #1
1000491c:	6425      	str	r5, [r4, #64]	@ 0x40
1000491e:	f04f 5300 	mov.w	r3, #536870912	@ 0x20000000
10004922:	64e3      	str	r3, [r4, #76]	@ 0x4c
10004924:	4b0a      	ldr	r3, [pc, #40]	@ (10004950 <dcd_init+0x74>)
10004926:	f8c4 3090 	str.w	r3, [r4, #144]	@ 0x90
1000492a:	4630      	mov	r0, r6
1000492c:	f7ff ffce 	bl	100048cc <dcd_connect>
10004930:	4628      	mov	r0, r5
10004932:	bd70      	pop	{r4, r5, r6, pc}
10004934:	4b07      	ldr	r3, [pc, #28]	@ (10004954 <dcd_init+0x78>)
10004936:	4a08      	ldr	r2, [pc, #32]	@ (10004958 <dcd_init+0x7c>)
10004938:	f240 1163 	movw	r1, #355	@ 0x163
1000493c:	4807      	ldr	r0, [pc, #28]	@ (1000495c <dcd_init+0x80>)
1000493e:	f7ff fa55 	bl	10003dec <__assert_func>
10004942:	bf00      	nop
10004944:	50110000 	.word	0x50110000
10004948:	20000399 	.word	0x20000399
1000494c:	200022e4 	.word	0x200022e4
10004950:	0001d010 	.word	0x0001d010
10004954:	1000b8b8 	.word	0x1000b8b8
10004958:	1000c024 	.word	0x1000c024
1000495c:	1000b844 	.word	0x1000b844

10004960 <dcd_sof_enable>:
10004960:	4b04      	ldr	r3, [pc, #16]	@ (10004974 <dcd_sof_enable+0x14>)
10004962:	7019      	strb	r1, [r3, #0]
10004964:	b121      	cbz	r1, 10004970 <dcd_sof_enable+0x10>
10004966:	4b04      	ldr	r3, [pc, #16]	@ (10004978 <dcd_sof_enable+0x18>)
10004968:	f44f 3200 	mov.w	r2, #131072	@ 0x20000
1000496c:	f8c3 2090 	str.w	r2, [r3, #144]	@ 0x90
10004970:	4770      	bx	lr
10004972:	bf00      	nop
10004974:	200027b2 	.word	0x200027b2
10004978:	50112000 	.word	0x50112000

1000497c <dcd_edpt0_status_complete>:
1000497c:	780b      	ldrb	r3, [r1, #0]
1000497e:	f013 0f7f 	tst.w	r3, #127	@ 0x7f
10004982:	d102      	bne.n	1000498a <dcd_edpt0_status_complete+0xe>
10004984:	784b      	ldrb	r3, [r1, #1]
10004986:	2b05      	cmp	r3, #5
10004988:	d000      	beq.n	1000498c <dcd_edpt0_status_complete+0x10>
1000498a:	4770      	bx	lr
1000498c:	884b      	ldrh	r3, [r1, #2]
1000498e:	b2db      	uxtb	r3, r3
10004990:	4a01      	ldr	r2, [pc, #4]	@ (10004998 <dcd_edpt0_status_complete+0x1c>)
10004992:	6013      	str	r3, [r2, #0]
10004994:	e7f9      	b.n	1000498a <dcd_edpt0_status_complete+0xe>
10004996:	bf00      	nop
10004998:	50110000 	.word	0x50110000

1000499c <dcd_edpt_open>:
1000499c:	78ca      	ldrb	r2, [r1, #3]
1000499e:	f002 0203 	and.w	r2, r2, #3
100049a2:	2a01      	cmp	r2, #1
100049a4:	d009      	beq.n	100049ba <dcd_edpt_open+0x1e>
100049a6:	b508      	push	{r3, lr}
100049a8:	460b      	mov	r3, r1
100049aa:	8889      	ldrh	r1, [r1, #4]
100049ac:	f3c1 010a 	ubfx	r1, r1, #0, #11
100049b0:	7898      	ldrb	r0, [r3, #2]
100049b2:	f7ff ff31 	bl	10004818 <hw_endpoint_open>
100049b6:	2001      	movs	r0, #1
100049b8:	bd08      	pop	{r3, pc}
100049ba:	2000      	movs	r0, #0
100049bc:	4770      	bx	lr

100049be <dcd_edpt_close_all>:
100049be:	b508      	push	{r3, lr}
100049c0:	f006 fafe 	bl	1000afc0 <__reset_non_control_endpoints_veneer>
100049c4:	bd08      	pop	{r3, pc}
	...

100049c8 <dcd_edpt_xfer>:
100049c8:	b510      	push	{r4, lr}
100049ca:	b930      	cbnz	r0, 100049da <dcd_edpt_xfer+0x12>
100049cc:	4608      	mov	r0, r1
100049ce:	4611      	mov	r1, r2
100049d0:	461a      	mov	r2, r3
100049d2:	f7ff ff43 	bl	1000485c <hw_endpoint_xfer>
100049d6:	2001      	movs	r0, #1
100049d8:	bd10      	pop	{r4, pc}
100049da:	4b03      	ldr	r3, [pc, #12]	@ (100049e8 <dcd_edpt_xfer+0x20>)
100049dc:	4a03      	ldr	r2, [pc, #12]	@ (100049ec <dcd_edpt_xfer+0x24>)
100049de:	f44f 7101 	mov.w	r1, #516	@ 0x204
100049e2:	4803      	ldr	r0, [pc, #12]	@ (100049f0 <dcd_edpt_xfer+0x28>)
100049e4:	f7ff fa02 	bl	10003dec <__assert_func>
100049e8:	1000b8b8 	.word	0x1000b8b8
100049ec:	1000bfe0 	.word	0x1000bfe0
100049f0:	1000b844 	.word	0x1000b844

100049f4 <dcd_edpt_stall>:
100049f4:	b508      	push	{r3, lr}
100049f6:	f011 037f 	ands.w	r3, r1, #127	@ 0x7f
100049fa:	d104      	bne.n	10004a06 <dcd_edpt_stall+0x12>
100049fc:	09ca      	lsrs	r2, r1, #7
100049fe:	d10e      	bne.n	10004a1e <dcd_edpt_stall+0x2a>
10004a00:	2002      	movs	r0, #2
10004a02:	4a08      	ldr	r2, [pc, #32]	@ (10004a24 <dcd_edpt_stall+0x30>)
10004a04:	6690      	str	r0, [r2, #104]	@ 0x68
10004a06:	005b      	lsls	r3, r3, #1
10004a08:	eb03 13d1 	add.w	r3, r3, r1, lsr #7
10004a0c:	f44f 6200 	mov.w	r2, #2048	@ 0x800
10004a10:	2100      	movs	r1, #0
10004a12:	4805      	ldr	r0, [pc, #20]	@ (10004a28 <dcd_edpt_stall+0x34>)
10004a14:	eb00 1043 	add.w	r0, r0, r3, lsl #5
10004a18:	f006 fae6 	bl	1000afe8 <___hw_endpoint_buffer_control_update32_veneer>
10004a1c:	bd08      	pop	{r3, pc}
10004a1e:	2001      	movs	r0, #1
10004a20:	e7ef      	b.n	10004a02 <dcd_edpt_stall+0xe>
10004a22:	bf00      	nop
10004a24:	50112000 	.word	0x50112000
10004a28:	200022e4 	.word	0x200022e4

10004a2c <dcd_edpt_clear_stall>:
10004a2c:	b508      	push	{r3, lr}
10004a2e:	f011 037f 	ands.w	r3, r1, #127	@ 0x7f
10004a32:	d100      	bne.n	10004a36 <dcd_edpt_clear_stall+0xa>
10004a34:	bd08      	pop	{r3, pc}
10004a36:	005b      	lsls	r3, r3, #1
10004a38:	eb03 13d1 	add.w	r3, r3, r1, lsr #7
10004a3c:	4804      	ldr	r0, [pc, #16]	@ (10004a50 <dcd_edpt_clear_stall+0x24>)
10004a3e:	eb00 1043 	add.w	r0, r0, r3, lsl #5
10004a42:	2200      	movs	r2, #0
10004a44:	70c2      	strb	r2, [r0, #3]
10004a46:	f46f 6100 	mvn.w	r1, #2048	@ 0x800
10004a4a:	f006 facd 	bl	1000afe8 <___hw_endpoint_buffer_control_update32_veneer>
10004a4e:	e7f1      	b.n	10004a34 <dcd_edpt_clear_stall+0x8>
10004a50:	200022e4 	.word	0x200022e4

10004a54 <unaligned_memcpy>:
10004a54:	e004      	b.n	10004a60 <unaligned_memcpy+0xc>
10004a56:	f811 2b01 	ldrb.w	r2, [r1], #1
10004a5a:	f800 2b01 	strb.w	r2, [r0], #1
10004a5e:	461a      	mov	r2, r3
10004a60:	1e53      	subs	r3, r2, #1
10004a62:	2a00      	cmp	r2, #0
10004a64:	d1f7      	bne.n	10004a56 <unaligned_memcpy+0x2>
10004a66:	4770      	bx	lr

10004a68 <rp2040_usb_init>:
10004a68:	b508      	push	{r3, lr}
10004a6a:	f04f 5380 	mov.w	r3, #268435456	@ 0x10000000
10004a6e:	4a0a      	ldr	r2, [pc, #40]	@ (10004a98 <rp2040_usb_init+0x30>)
10004a70:	6013      	str	r3, [r2, #0]
10004a72:	f502 5280 	add.w	r2, r2, #4096	@ 0x1000
10004a76:	6013      	str	r3, [r2, #0]
10004a78:	4b08      	ldr	r3, [pc, #32]	@ (10004a9c <rp2040_usb_init+0x34>)
10004a7a:	689b      	ldr	r3, [r3, #8]
10004a7c:	f013 5f80 	tst.w	r3, #268435456	@ 0x10000000
10004a80:	d0fa      	beq.n	10004a78 <rp2040_usb_init+0x10>
10004a82:	f44f 5280 	mov.w	r2, #4096	@ 0x1000
10004a86:	2100      	movs	r1, #0
10004a88:	4805      	ldr	r0, [pc, #20]	@ (10004aa0 <rp2040_usb_init+0x38>)
10004a8a:	f004 fdb9 	bl	10009600 <memset>
10004a8e:	4b05      	ldr	r3, [pc, #20]	@ (10004aa4 <rp2040_usb_init+0x3c>)
10004a90:	2209      	movs	r2, #9
10004a92:	675a      	str	r2, [r3, #116]	@ 0x74
10004a94:	bd08      	pop	{r3, pc}
10004a96:	bf00      	nop
10004a98:	40022000 	.word	0x40022000
10004a9c:	40020000 	.word	0x40020000
10004aa0:	50100000 	.word	0x50100000
10004aa4:	50110000 	.word	0x50110000

10004aa8 <hw_endpoint_xfer_start>:
10004aa8:	b570      	push	{r4, r5, r6, lr}
10004aaa:	4604      	mov	r4, r0
10004aac:	460d      	mov	r5, r1
10004aae:	4616      	mov	r6, r2
10004ab0:	7e83      	ldrb	r3, [r0, #26]
10004ab2:	b9ab      	cbnz	r3, 10004ae0 <hw_endpoint_xfer_start+0x38>
10004ab4:	82a6      	strh	r6, [r4, #20]
10004ab6:	2300      	movs	r3, #0
10004ab8:	82e3      	strh	r3, [r4, #22]
10004aba:	2301      	movs	r3, #1
10004abc:	76a3      	strb	r3, [r4, #26]
10004abe:	6125      	str	r5, [r4, #16]
10004ac0:	4620      	mov	r0, r4
10004ac2:	f006 fa8d 	bl	1000afe0 <__e15_is_bulkin_ep_veneer>
10004ac6:	b120      	cbz	r0, 10004ad2 <hw_endpoint_xfer_start+0x2a>
10004ac8:	4b0b      	ldr	r3, [pc, #44]	@ (10004af8 <hw_endpoint_xfer_start+0x50>)
10004aca:	f44f 3200 	mov.w	r2, #131072	@ 0x20000
10004ace:	f8c3 2090 	str.w	r2, [r3, #144]	@ 0x90
10004ad2:	4620      	mov	r0, r4
10004ad4:	f006 fa94 	bl	1000b000 <__e15_is_critical_frame_period_veneer>
10004ad8:	b150      	cbz	r0, 10004af0 <hw_endpoint_xfer_start+0x48>
10004ada:	2301      	movs	r3, #1
10004adc:	7723      	strb	r3, [r4, #28]
10004ade:	bd70      	pop	{r4, r5, r6, pc}
10004ae0:	7881      	ldrb	r1, [r0, #2]
10004ae2:	4806      	ldr	r0, [pc, #24]	@ (10004afc <hw_endpoint_xfer_start+0x54>)
10004ae4:	f7ff fae6 	bl	100040b4 <__wrap_printf>
10004ae8:	4620      	mov	r0, r4
10004aea:	f006 fa5d 	bl	1000afa8 <__hw_endpoint_reset_transfer_veneer>
10004aee:	e7e1      	b.n	10004ab4 <hw_endpoint_xfer_start+0xc>
10004af0:	4620      	mov	r0, r4
10004af2:	f006 fa61 	bl	1000afb8 <__hw_endpoint_start_next_buffer_veneer>
10004af6:	e7f2      	b.n	10004ade <hw_endpoint_xfer_start+0x36>
10004af8:	50112000 	.word	0x50112000
10004afc:	1000b9ac 	.word	0x1000b9ac

10004b00 <configuration_reset>:
10004b00:	b538      	push	{r3, r4, r5, lr}
10004b02:	4605      	mov	r5, r0
10004b04:	2400      	movs	r4, #0
10004b06:	e008      	b.n	10004b1a <configuration_reset+0x1a>
10004b08:	1ad2      	subs	r2, r2, r3
10004b0a:	4b1b      	ldr	r3, [pc, #108]	@ (10004b78 <configuration_reset+0x78>)
10004b0c:	eb03 1342 	add.w	r3, r3, r2, lsl #5
10004b10:	68db      	ldr	r3, [r3, #12]
10004b12:	4628      	mov	r0, r5
10004b14:	4798      	blx	r3
10004b16:	3401      	adds	r4, #1
10004b18:	b2e4      	uxtb	r4, r4
10004b1a:	4b18      	ldr	r3, [pc, #96]	@ (10004b7c <configuration_reset+0x7c>)
10004b1c:	781b      	ldrb	r3, [r3, #0]
10004b1e:	4622      	mov	r2, r4
10004b20:	1c59      	adds	r1, r3, #1
10004b22:	42a1      	cmp	r1, r4
10004b24:	db15      	blt.n	10004b52 <configuration_reset+0x52>
10004b26:	42a3      	cmp	r3, r4
10004b28:	d9ee      	bls.n	10004b08 <configuration_reset+0x8>
10004b2a:	4b15      	ldr	r3, [pc, #84]	@ (10004b80 <configuration_reset+0x80>)
10004b2c:	681b      	ldr	r3, [r3, #0]
10004b2e:	eb13 1344 	adds.w	r3, r3, r4, lsl #5
10004b32:	d1ed      	bne.n	10004b10 <configuration_reset+0x10>
10004b34:	f240 2225 	movw	r2, #549	@ 0x225
10004b38:	4912      	ldr	r1, [pc, #72]	@ (10004b84 <configuration_reset+0x84>)
10004b3a:	4813      	ldr	r0, [pc, #76]	@ (10004b88 <configuration_reset+0x88>)
10004b3c:	f7ff faba 	bl	100040b4 <__wrap_printf>
10004b40:	f04f 23e0 	mov.w	r3, #3758153728	@ 0xe000e000
10004b44:	f8d3 3df0 	ldr.w	r3, [r3, #3568]	@ 0xdf0
10004b48:	f013 0f01 	tst.w	r3, #1
10004b4c:	d013      	beq.n	10004b76 <configuration_reset+0x76>
10004b4e:	be00      	bkpt	0x0000
10004b50:	e011      	b.n	10004b76 <configuration_reset+0x76>
10004b52:	4c0e      	ldr	r4, [pc, #56]	@ (10004b8c <configuration_reset+0x8c>)
10004b54:	2254      	movs	r2, #84	@ 0x54
10004b56:	2100      	movs	r1, #0
10004b58:	4620      	mov	r0, r4
10004b5a:	f004 fd51 	bl	10009600 <memset>
10004b5e:	f04f 33ff 	mov.w	r3, #4294967295
10004b62:	6063      	str	r3, [r4, #4]
10004b64:	60a3      	str	r3, [r4, #8]
10004b66:	60e3      	str	r3, [r4, #12]
10004b68:	6123      	str	r3, [r4, #16]
10004b6a:	2220      	movs	r2, #32
10004b6c:	21ff      	movs	r1, #255	@ 0xff
10004b6e:	f104 0014 	add.w	r0, r4, #20
10004b72:	f004 fd45 	bl	10009600 <memset>
10004b76:	bd38      	pop	{r3, r4, r5, pc}
10004b78:	1000c0f8 	.word	0x1000c0f8
10004b7c:	200027af 	.word	0x200027af
10004b80:	20001ca8 	.word	0x20001ca8
10004b84:	1000c0c4 	.word	0x1000c0c4
10004b88:	1000b9e4 	.word	0x1000b9e4
10004b8c:	20001e78 	.word	0x20001e78

10004b90 <usbd_reset>:
10004b90:	b508      	push	{r3, lr}
10004b92:	f7ff ffb5 	bl	10004b00 <configuration_reset>
10004b96:	f000 ff43 	bl	10005a20 <usbd_control_reset>
10004b9a:	bd08      	pop	{r3, pc}

10004b9c <invoke_class_control>:
10004b9c:	b570      	push	{r4, r5, r6, lr}
10004b9e:	4605      	mov	r5, r0
10004ba0:	460c      	mov	r4, r1
10004ba2:	4616      	mov	r6, r2
10004ba4:	6948      	ldr	r0, [r1, #20]
10004ba6:	f000 ff45 	bl	10005a34 <usbd_control_set_complete_callback>
10004baa:	6963      	ldr	r3, [r4, #20]
10004bac:	4632      	mov	r2, r6
10004bae:	2101      	movs	r1, #1
10004bb0:	4628      	mov	r0, r5
10004bb2:	4798      	blx	r3
10004bb4:	bd70      	pop	{r4, r5, r6, pc}
	...

10004bb8 <process_set_config>:
10004bb8:	e92d 4ff0 	stmdb	sp!, {r4, r5, r6, r7, r8, r9, sl, fp, lr}
10004bbc:	b083      	sub	sp, #12
10004bbe:	4682      	mov	sl, r0
10004bc0:	1e48      	subs	r0, r1, #1
10004bc2:	b2c0      	uxtb	r0, r0
10004bc4:	f7ff fd16 	bl	100045f4 <tud_descriptor_configuration_cb>
10004bc8:	b120      	cbz	r0, 10004bd4 <process_set_config+0x1c>
10004bca:	4683      	mov	fp, r0
10004bcc:	7843      	ldrb	r3, [r0, #1]
10004bce:	9301      	str	r3, [sp, #4]
10004bd0:	2b02      	cmp	r3, #2
10004bd2:	d011      	beq.n	10004bf8 <process_set_config+0x40>
10004bd4:	f240 32d6 	movw	r2, #982	@ 0x3d6
10004bd8:	4962      	ldr	r1, [pc, #392]	@ (10004d64 <process_set_config+0x1ac>)
10004bda:	4863      	ldr	r0, [pc, #396]	@ (10004d68 <process_set_config+0x1b0>)
10004bdc:	f7ff fa6a 	bl	100040b4 <__wrap_printf>
10004be0:	f04f 23e0 	mov.w	r3, #3758153728	@ 0xe000e000
10004be4:	f8d3 3df0 	ldr.w	r3, [r3, #3568]	@ 0xdf0
10004be8:	f013 0f01 	tst.w	r3, #1
10004bec:	d000      	beq.n	10004bf0 <process_set_config+0x38>
10004bee:	be00      	bkpt	0x0000
10004bf0:	2000      	movs	r0, #0
10004bf2:	b003      	add	sp, #12
10004bf4:	e8bd 8ff0 	ldmia.w	sp!, {r4, r5, r6, r7, r8, r9, sl, fp, pc}
10004bf8:	79c2      	ldrb	r2, [r0, #7]
10004bfa:	f3c2 1040 	ubfx	r0, r2, #5, #1
10004bfe:	4b5b      	ldr	r3, [pc, #364]	@ (10004d6c <process_set_config+0x1b4>)
10004c00:	7819      	ldrb	r1, [r3, #0]
10004c02:	f360 1104 	bfi	r1, r0, #4, #1
10004c06:	7019      	strb	r1, [r3, #0]
10004c08:	f3c2 1280 	ubfx	r2, r2, #6, #1
10004c0c:	b2c9      	uxtb	r1, r1
10004c0e:	f362 1145 	bfi	r1, r2, #5, #1
10004c12:	7019      	strb	r1, [r3, #0]
10004c14:	f10b 0809 	add.w	r8, fp, #9
10004c18:	f8bb 3002 	ldrh.w	r3, [fp, #2]
10004c1c:	449b      	add	fp, r3
10004c1e:	e07b      	b.n	10004d18 <process_set_config+0x160>
10004c20:	f898 3003 	ldrb.w	r3, [r8, #3]
10004c24:	f898 2000 	ldrb.w	r2, [r8]
10004c28:	4490      	add	r8, r2
10004c2a:	e07d      	b.n	10004d28 <process_set_config+0x170>
10004c2c:	f240 32f1 	movw	r2, #1009	@ 0x3f1
10004c30:	494c      	ldr	r1, [pc, #304]	@ (10004d64 <process_set_config+0x1ac>)
10004c32:	484d      	ldr	r0, [pc, #308]	@ (10004d68 <process_set_config+0x1b0>)
10004c34:	f7ff fa3e 	bl	100040b4 <__wrap_printf>
10004c38:	f04f 23e0 	mov.w	r3, #3758153728	@ 0xe000e000
10004c3c:	f8d3 3df0 	ldr.w	r3, [r3, #3568]	@ 0xdf0
10004c40:	f013 0f01 	tst.w	r3, #1
10004c44:	d000      	beq.n	10004c48 <process_set_config+0x90>
10004c46:	be00      	bkpt	0x0000
10004c48:	2000      	movs	r0, #0
10004c4a:	e7d2      	b.n	10004bf2 <process_set_config+0x3a>
10004c4c:	1af3      	subs	r3, r6, r3
10004c4e:	4a48      	ldr	r2, [pc, #288]	@ (10004d70 <process_set_config+0x1b8>)
10004c50:	eb02 1943 	add.w	r9, r2, r3, lsl #5
10004c54:	f8d9 3010 	ldr.w	r3, [r9, #16]
10004c58:	462a      	mov	r2, r5
10004c5a:	4641      	mov	r1, r8
10004c5c:	4650      	mov	r0, sl
10004c5e:	4798      	blx	r3
10004c60:	2808      	cmp	r0, #8
10004c62:	d901      	bls.n	10004c68 <process_set_config+0xb0>
10004c64:	4285      	cmp	r5, r0
10004c66:	d21e      	bcs.n	10004ca6 <process_set_config+0xee>
10004c68:	3401      	adds	r4, #1
10004c6a:	b2e4      	uxtb	r4, r4
10004c6c:	4b41      	ldr	r3, [pc, #260]	@ (10004d74 <process_set_config+0x1bc>)
10004c6e:	781b      	ldrb	r3, [r3, #0]
10004c70:	4626      	mov	r6, r4
10004c72:	1c5a      	adds	r2, r3, #1
10004c74:	42a2      	cmp	r2, r4
10004c76:	db4a      	blt.n	10004d0e <process_set_config+0x156>
10004c78:	42a3      	cmp	r3, r4
10004c7a:	d9e7      	bls.n	10004c4c <process_set_config+0x94>
10004c7c:	4b3e      	ldr	r3, [pc, #248]	@ (10004d78 <process_set_config+0x1c0>)
10004c7e:	681b      	ldr	r3, [r3, #0]
10004c80:	eb13 1944 	adds.w	r9, r3, r4, lsl #5
10004c84:	d1e6      	bne.n	10004c54 <process_set_config+0x9c>
10004c86:	f240 32fa 	movw	r2, #1018	@ 0x3fa
10004c8a:	4936      	ldr	r1, [pc, #216]	@ (10004d64 <process_set_config+0x1ac>)
10004c8c:	4836      	ldr	r0, [pc, #216]	@ (10004d68 <process_set_config+0x1b0>)
10004c8e:	f7ff fa11 	bl	100040b4 <__wrap_printf>
10004c92:	f04f 23e0 	mov.w	r3, #3758153728	@ 0xe000e000
10004c96:	f8d3 3df0 	ldr.w	r3, [r3, #3568]	@ 0xdf0
10004c9a:	f013 0f01 	tst.w	r3, #1
10004c9e:	d000      	beq.n	10004ca2 <process_set_config+0xea>
10004ca0:	be00      	bkpt	0x0000
10004ca2:	2000      	movs	r0, #0
10004ca4:	e7a5      	b.n	10004bf2 <process_set_config+0x3a>
10004ca6:	463b      	mov	r3, r7
10004ca8:	464f      	mov	r7, r9
10004caa:	4681      	mov	r9, r0
10004cac:	2b01      	cmp	r3, #1
10004cae:	d011      	beq.n	10004cd4 <process_set_config+0x11c>
10004cb0:	2100      	movs	r1, #0
10004cb2:	428b      	cmp	r3, r1
10004cb4:	d924      	bls.n	10004d00 <process_set_config+0x148>
10004cb6:	f898 2002 	ldrb.w	r2, [r8, #2]
10004cba:	440a      	add	r2, r1
10004cbc:	b2d2      	uxtb	r2, r2
10004cbe:	482b      	ldr	r0, [pc, #172]	@ (10004d6c <process_set_config+0x1b4>)
10004cc0:	4410      	add	r0, r2
10004cc2:	7900      	ldrb	r0, [r0, #4]
10004cc4:	28ff      	cmp	r0, #255	@ 0xff
10004cc6:	d10b      	bne.n	10004ce0 <process_set_config+0x128>
10004cc8:	4828      	ldr	r0, [pc, #160]	@ (10004d6c <process_set_config+0x1b4>)
10004cca:	4402      	add	r2, r0
10004ccc:	7114      	strb	r4, [r2, #4]
10004cce:	3101      	adds	r1, #1
10004cd0:	b2c9      	uxtb	r1, r1
10004cd2:	e7ee      	b.n	10004cb2 <process_set_config+0xfa>
10004cd4:	6939      	ldr	r1, [r7, #16]
10004cd6:	4a29      	ldr	r2, [pc, #164]	@ (10004d7c <process_set_config+0x1c4>)
10004cd8:	4291      	cmp	r1, r2
10004cda:	d1e9      	bne.n	10004cb0 <process_set_config+0xf8>
10004cdc:	9b01      	ldr	r3, [sp, #4]
10004cde:	e7e7      	b.n	10004cb0 <process_set_config+0xf8>
10004ce0:	f240 4219 	movw	r2, #1049	@ 0x419
10004ce4:	491f      	ldr	r1, [pc, #124]	@ (10004d64 <process_set_config+0x1ac>)
10004ce6:	4820      	ldr	r0, [pc, #128]	@ (10004d68 <process_set_config+0x1b0>)
10004ce8:	f7ff f9e4 	bl	100040b4 <__wrap_printf>
10004cec:	f04f 23e0 	mov.w	r3, #3758153728	@ 0xe000e000
10004cf0:	f8d3 3df0 	ldr.w	r3, [r3, #3568]	@ 0xdf0
10004cf4:	f013 0f01 	tst.w	r3, #1
10004cf8:	d000      	beq.n	10004cfc <process_set_config+0x144>
10004cfa:	be00      	bkpt	0x0000
10004cfc:	2000      	movs	r0, #0
10004cfe:	e778      	b.n	10004bf2 <process_set_config+0x3a>
10004d00:	4623      	mov	r3, r4
10004d02:	464a      	mov	r2, r9
10004d04:	4641      	mov	r1, r8
10004d06:	481e      	ldr	r0, [pc, #120]	@ (10004d80 <process_set_config+0x1c8>)
10004d08:	f001 fd66 	bl	100067d8 <tu_edpt_bind_driver>
10004d0c:	44c8      	add	r8, r9
10004d0e:	4b19      	ldr	r3, [pc, #100]	@ (10004d74 <process_set_config+0x1bc>)
10004d10:	781b      	ldrb	r3, [r3, #0]
10004d12:	3301      	adds	r3, #1
10004d14:	429e      	cmp	r6, r3
10004d16:	dc12      	bgt.n	10004d3e <process_set_config+0x186>
10004d18:	45d8      	cmp	r8, fp
10004d1a:	d220      	bcs.n	10004d5e <process_set_config+0x1a6>
10004d1c:	f898 3001 	ldrb.w	r3, [r8, #1]
10004d20:	2b0b      	cmp	r3, #11
10004d22:	f43f af7d 	beq.w	10004c20 <process_set_config+0x68>
10004d26:	2301      	movs	r3, #1
10004d28:	f898 2001 	ldrb.w	r2, [r8, #1]
10004d2c:	2a04      	cmp	r2, #4
10004d2e:	f47f af7d 	bne.w	10004c2c <process_set_config+0x74>
10004d32:	ebab 0508 	sub.w	r5, fp, r8
10004d36:	b2ad      	uxth	r5, r5
10004d38:	2400      	movs	r4, #0
10004d3a:	461f      	mov	r7, r3
10004d3c:	e796      	b.n	10004c6c <process_set_config+0xb4>
10004d3e:	f44f 6285 	mov.w	r2, #1064	@ 0x428
10004d42:	4908      	ldr	r1, [pc, #32]	@ (10004d64 <process_set_config+0x1ac>)
10004d44:	4808      	ldr	r0, [pc, #32]	@ (10004d68 <process_set_config+0x1b0>)
10004d46:	f7ff f9b5 	bl	100040b4 <__wrap_printf>
10004d4a:	f04f 23e0 	mov.w	r3, #3758153728	@ 0xe000e000
10004d4e:	f8d3 3df0 	ldr.w	r3, [r3, #3568]	@ 0xdf0
10004d52:	f013 0f01 	tst.w	r3, #1
10004d56:	d000      	beq.n	10004d5a <process_set_config+0x1a2>
10004d58:	be00      	bkpt	0x0000
10004d5a:	2000      	movs	r0, #0
10004d5c:	e749      	b.n	10004bf2 <process_set_config+0x3a>
10004d5e:	2001      	movs	r0, #1
10004d60:	e747      	b.n	10004bf2 <process_set_config+0x3a>
10004d62:	bf00      	nop
10004d64:	1000c098 	.word	0x1000c098
10004d68:	1000b9e4 	.word	0x1000b9e4
10004d6c:	20001e78 	.word	0x20001e78
10004d70:	1000c0f8 	.word	0x1000c0f8
10004d74:	200027af 	.word	0x200027af
10004d78:	20001ca8 	.word	0x20001ca8
10004d7c:	10005ef1 	.word	0x10005ef1
10004d80:	20001e8c 	.word	0x20001e8c

10004d84 <tud_event_hook_cb>:
10004d84:	4770      	bx	lr

10004d86 <tud_sof_cb>:
10004d86:	4770      	bx	lr

10004d88 <tud_descriptor_device_qualifier_cb>:
10004d88:	2000      	movs	r0, #0
10004d8a:	4770      	bx	lr

10004d8c <tud_descriptor_other_speed_configuration_cb>:
10004d8c:	2000      	movs	r0, #0
10004d8e:	4770      	bx	lr

10004d90 <process_get_descriptor>:
10004d90:	b538      	push	{r3, r4, r5, lr}
10004d92:	4605      	mov	r5, r0
10004d94:	460c      	mov	r4, r1
10004d96:	884b      	ldrh	r3, [r1, #2]
10004d98:	0a1a      	lsrs	r2, r3, #8
10004d9a:	b2d8      	uxtb	r0, r3
10004d9c:	1e53      	subs	r3, r2, #1
10004d9e:	2b0e      	cmp	r3, #14
10004da0:	d864      	bhi.n	10004e6c <process_get_descriptor+0xdc>
10004da2:	e8df f003 	tbb	[pc, r3]
10004da6:	2d08      	.short	0x2d08
10004da8:	5963634e 	.word	0x5963634e
10004dac:	6363632d 	.word	0x6363632d
10004db0:	63636363 	.word	0x63636363
10004db4:	22          	.byte	0x22
10004db5:	00          	.byte	0x00
10004db6:	f7ff fc19 	bl	100045ec <tud_descriptor_device_cb>
10004dba:	4602      	mov	r2, r0
10004dbc:	b128      	cbz	r0, 10004dca <process_get_descriptor+0x3a>
10004dbe:	2312      	movs	r3, #18
10004dc0:	4621      	mov	r1, r4
10004dc2:	4628      	mov	r0, r5
10004dc4:	f000 fdd6 	bl	10005974 <tud_control_xfer>
10004dc8:	e051      	b.n	10004e6e <process_get_descriptor+0xde>
10004dca:	f240 423a 	movw	r2, #1082	@ 0x43a
10004dce:	492c      	ldr	r1, [pc, #176]	@ (10004e80 <process_get_descriptor+0xf0>)
10004dd0:	482c      	ldr	r0, [pc, #176]	@ (10004e84 <process_get_descriptor+0xf4>)
10004dd2:	f7ff f96f 	bl	100040b4 <__wrap_printf>
10004dd6:	f04f 23e0 	mov.w	r3, #3758153728	@ 0xe000e000
10004dda:	f8d3 3df0 	ldr.w	r3, [r3, #3568]	@ 0xdf0
10004dde:	f013 0f01 	tst.w	r3, #1
10004de2:	d000      	beq.n	10004de6 <process_get_descriptor+0x56>
10004de4:	be00      	bkpt	0x0000
10004de6:	2000      	movs	r0, #0
10004de8:	e041      	b.n	10004e6e <process_get_descriptor+0xde>
10004dea:	f7ff f9bf 	bl	1000416c <tud_descriptor_bos_cb>
10004dee:	4602      	mov	r2, r0
10004df0:	2800      	cmp	r0, #0
10004df2:	d03d      	beq.n	10004e70 <process_get_descriptor+0xe0>
10004df4:	8843      	ldrh	r3, [r0, #2]
10004df6:	4621      	mov	r1, r4
10004df8:	4628      	mov	r0, r5
10004dfa:	f000 fdbb 	bl	10005974 <tud_control_xfer>
10004dfe:	e036      	b.n	10004e6e <process_get_descriptor+0xde>
10004e00:	2a02      	cmp	r2, #2
10004e02:	d009      	beq.n	10004e18 <process_get_descriptor+0x88>
10004e04:	f7ff ffc2 	bl	10004d8c <tud_descriptor_other_speed_configuration_cb>
10004e08:	4602      	mov	r2, r0
10004e0a:	b398      	cbz	r0, 10004e74 <process_get_descriptor+0xe4>
10004e0c:	8853      	ldrh	r3, [r2, #2]
10004e0e:	4621      	mov	r1, r4
10004e10:	4628      	mov	r0, r5
10004e12:	f000 fdaf 	bl	10005974 <tud_control_xfer>
10004e16:	e02a      	b.n	10004e6e <process_get_descriptor+0xde>
10004e18:	f7ff fbec 	bl	100045f4 <tud_descriptor_configuration_cb>
10004e1c:	4602      	mov	r2, r0
10004e1e:	2800      	cmp	r0, #0
10004e20:	d1f4      	bne.n	10004e0c <process_get_descriptor+0x7c>
10004e22:	f240 4261 	movw	r2, #1121	@ 0x461
10004e26:	4916      	ldr	r1, [pc, #88]	@ (10004e80 <process_get_descriptor+0xf0>)
10004e28:	4816      	ldr	r0, [pc, #88]	@ (10004e84 <process_get_descriptor+0xf4>)
10004e2a:	f7ff f943 	bl	100040b4 <__wrap_printf>
10004e2e:	f04f 23e0 	mov.w	r3, #3758153728	@ 0xe000e000
10004e32:	f8d3 3df0 	ldr.w	r3, [r3, #3568]	@ 0xdf0
10004e36:	f013 0f01 	tst.w	r3, #1
10004e3a:	d000      	beq.n	10004e3e <process_get_descriptor+0xae>
10004e3c:	be00      	bkpt	0x0000
10004e3e:	2000      	movs	r0, #0
10004e40:	e015      	b.n	10004e6e <process_get_descriptor+0xde>
10004e42:	88a1      	ldrh	r1, [r4, #4]
10004e44:	f7ff fbda 	bl	100045fc <tud_descriptor_string_cb>
10004e48:	4602      	mov	r2, r0
10004e4a:	b1a8      	cbz	r0, 10004e78 <process_get_descriptor+0xe8>
10004e4c:	7803      	ldrb	r3, [r0, #0]
10004e4e:	4621      	mov	r1, r4
10004e50:	4628      	mov	r0, r5
10004e52:	f000 fd8f 	bl	10005974 <tud_control_xfer>
10004e56:	e00a      	b.n	10004e6e <process_get_descriptor+0xde>
10004e58:	f7ff ff96 	bl	10004d88 <tud_descriptor_device_qualifier_cb>
10004e5c:	4602      	mov	r2, r0
10004e5e:	b168      	cbz	r0, 10004e7c <process_get_descriptor+0xec>
10004e60:	7803      	ldrb	r3, [r0, #0]
10004e62:	4621      	mov	r1, r4
10004e64:	4628      	mov	r0, r5
10004e66:	f000 fd85 	bl	10005974 <tud_control_xfer>
10004e6a:	e000      	b.n	10004e6e <process_get_descriptor+0xde>
10004e6c:	2000      	movs	r0, #0
10004e6e:	bd38      	pop	{r3, r4, r5, pc}
10004e70:	2000      	movs	r0, #0
10004e72:	e7fc      	b.n	10004e6e <process_get_descriptor+0xde>
10004e74:	2000      	movs	r0, #0
10004e76:	e7fa      	b.n	10004e6e <process_get_descriptor+0xde>
10004e78:	2000      	movs	r0, #0
10004e7a:	e7f8      	b.n	10004e6e <process_get_descriptor+0xde>
10004e7c:	2000      	movs	r0, #0
10004e7e:	e7f6      	b.n	10004e6e <process_get_descriptor+0xde>
10004e80:	1000c080 	.word	0x1000c080
10004e84:	1000b9e4 	.word	0x1000b9e4

10004e88 <tud_mount_cb>:
10004e88:	4770      	bx	lr

10004e8a <tud_umount_cb>:
10004e8a:	4770      	bx	lr

10004e8c <tud_suspend_cb>:
10004e8c:	4770      	bx	lr

10004e8e <tud_resume_cb>:
10004e8e:	4770      	bx	lr

10004e90 <tud_mounted>:
10004e90:	4b03      	ldr	r3, [pc, #12]	@ (10004ea0 <tud_mounted+0x10>)
10004e92:	7858      	ldrb	r0, [r3, #1]
10004e94:	b2c0      	uxtb	r0, r0
10004e96:	3800      	subs	r0, #0
10004e98:	bf18      	it	ne
10004e9a:	2001      	movne	r0, #1
10004e9c:	4770      	bx	lr
10004e9e:	bf00      	nop
10004ea0:	20001e78 	.word	0x20001e78

10004ea4 <tud_suspended>:
10004ea4:	4b02      	ldr	r3, [pc, #8]	@ (10004eb0 <tud_suspended+0xc>)
10004ea6:	7818      	ldrb	r0, [r3, #0]
10004ea8:	f3c0 0080 	ubfx	r0, r0, #2, #1
10004eac:	4770      	bx	lr
10004eae:	bf00      	nop
10004eb0:	20001e78 	.word	0x20001e78

10004eb4 <tud_inited>:
10004eb4:	4b02      	ldr	r3, [pc, #8]	@ (10004ec0 <tud_inited+0xc>)
10004eb6:	7818      	ldrb	r0, [r3, #0]
10004eb8:	38ff      	subs	r0, #255	@ 0xff
10004eba:	bf18      	it	ne
10004ebc:	2001      	movne	r0, #1
10004ebe:	4770      	bx	lr
10004ec0:	200012c0 	.word	0x200012c0

10004ec4 <tud_rhport_init>:
10004ec4:	b5f8      	push	{r3, r4, r5, r6, r7, lr}
10004ec6:	4606      	mov	r6, r0
10004ec8:	460d      	mov	r5, r1
10004eca:	f7ff fff3 	bl	10004eb4 <tud_inited>
10004ece:	4607      	mov	r7, r0
10004ed0:	2800      	cmp	r0, #0
10004ed2:	d154      	bne.n	10004f7e <tud_rhport_init+0xba>
10004ed4:	b305      	cbz	r5, 10004f18 <tud_rhport_init+0x54>
10004ed6:	2254      	movs	r2, #84	@ 0x54
10004ed8:	2100      	movs	r1, #0
10004eda:	4837      	ldr	r0, [pc, #220]	@ (10004fb8 <tud_rhport_init+0xf4>)
10004edc:	f004 fb90 	bl	10009600 <memset>
10004ee0:	4b36      	ldr	r3, [pc, #216]	@ (10004fbc <tud_rhport_init+0xf8>)
10004ee2:	2200      	movs	r2, #0
10004ee4:	701a      	strb	r2, [r3, #0]
10004ee6:	4c36      	ldr	r4, [pc, #216]	@ (10004fc0 <tud_rhport_init+0xfc>)
10004ee8:	4620      	mov	r0, r4
10004eea:	f7fc facb 	bl	10001484 <mutex_init>
10004eee:	4b35      	ldr	r3, [pc, #212]	@ (10004fc4 <tud_rhport_init+0x100>)
10004ef0:	601c      	str	r4, [r3, #0]
10004ef2:	4c35      	ldr	r4, [pc, #212]	@ (10004fc8 <tud_rhport_init+0x104>)
10004ef4:	4620      	mov	r0, r4
10004ef6:	f7fc fb0f 	bl	10001518 <critical_section_init>
10004efa:	3c14      	subs	r4, #20
10004efc:	4620      	mov	r0, r4
10004efe:	f002 f825 	bl	10006f4c <tu_fifo_clear>
10004f02:	4b32      	ldr	r3, [pc, #200]	@ (10004fcc <tud_rhport_init+0x108>)
10004f04:	601c      	str	r4, [r3, #0]
10004f06:	4b32      	ldr	r3, [pc, #200]	@ (10004fd0 <tud_rhport_init+0x10c>)
10004f08:	b123      	cbz	r3, 10004f14 <tud_rhport_init+0x50>
10004f0a:	4832      	ldr	r0, [pc, #200]	@ (10004fd4 <tud_rhport_init+0x110>)
10004f0c:	f7ff f94a 	bl	100041a4 <usbd_app_driver_get_cb>
10004f10:	4b31      	ldr	r3, [pc, #196]	@ (10004fd8 <tud_rhport_init+0x114>)
10004f12:	6018      	str	r0, [r3, #0]
10004f14:	2400      	movs	r4, #0
10004f16:	e017      	b.n	10004f48 <tud_rhport_init+0x84>
10004f18:	f44f 72e9 	mov.w	r2, #466	@ 0x1d2
10004f1c:	492f      	ldr	r1, [pc, #188]	@ (10004fdc <tud_rhport_init+0x118>)
10004f1e:	4830      	ldr	r0, [pc, #192]	@ (10004fe0 <tud_rhport_init+0x11c>)
10004f20:	f7ff f8c8 	bl	100040b4 <__wrap_printf>
10004f24:	f04f 23e0 	mov.w	r3, #3758153728	@ 0xe000e000
10004f28:	f8d3 3df0 	ldr.w	r3, [r3, #3568]	@ 0xdf0
10004f2c:	f013 0f01 	tst.w	r3, #1
10004f30:	d025      	beq.n	10004f7e <tud_rhport_init+0xba>
10004f32:	be00      	bkpt	0x0000
10004f34:	e023      	b.n	10004f7e <tud_rhport_init+0xba>
10004f36:	1ad2      	subs	r2, r2, r3
10004f38:	4b2a      	ldr	r3, [pc, #168]	@ (10004fe4 <tud_rhport_init+0x120>)
10004f3a:	eb03 1342 	add.w	r3, r3, r2, lsl #5
10004f3e:	685b      	ldr	r3, [r3, #4]
10004f40:	b17b      	cbz	r3, 10004f62 <tud_rhport_init+0x9e>
10004f42:	4798      	blx	r3
10004f44:	3401      	adds	r4, #1
10004f46:	b2e4      	uxtb	r4, r4
10004f48:	4b22      	ldr	r3, [pc, #136]	@ (10004fd4 <tud_rhport_init+0x110>)
10004f4a:	781b      	ldrb	r3, [r3, #0]
10004f4c:	4622      	mov	r2, r4
10004f4e:	1c59      	adds	r1, r3, #1
10004f50:	42a1      	cmp	r1, r4
10004f52:	db16      	blt.n	10004f82 <tud_rhport_init+0xbe>
10004f54:	42a3      	cmp	r3, r4
10004f56:	d9ee      	bls.n	10004f36 <tud_rhport_init+0x72>
10004f58:	4b1f      	ldr	r3, [pc, #124]	@ (10004fd8 <tud_rhport_init+0x114>)
10004f5a:	681b      	ldr	r3, [r3, #0]
10004f5c:	eb13 1344 	adds.w	r3, r3, r4, lsl #5
10004f60:	d1ed      	bne.n	10004f3e <tud_rhport_init+0x7a>
10004f62:	f44f 72f8 	mov.w	r2, #496	@ 0x1f0
10004f66:	491d      	ldr	r1, [pc, #116]	@ (10004fdc <tud_rhport_init+0x118>)
10004f68:	481d      	ldr	r0, [pc, #116]	@ (10004fe0 <tud_rhport_init+0x11c>)
10004f6a:	f7ff f8a3 	bl	100040b4 <__wrap_printf>
10004f6e:	f04f 23e0 	mov.w	r3, #3758153728	@ 0xe000e000
10004f72:	f8d3 3df0 	ldr.w	r3, [r3, #3568]	@ 0xdf0
10004f76:	f013 0f01 	tst.w	r3, #1
10004f7a:	d000      	beq.n	10004f7e <tud_rhport_init+0xba>
10004f7c:	be00      	bkpt	0x0000
10004f7e:	4638      	mov	r0, r7
10004f80:	bdf8      	pop	{r3, r4, r5, r6, r7, pc}
10004f82:	4b19      	ldr	r3, [pc, #100]	@ (10004fe8 <tud_rhport_init+0x124>)
10004f84:	701e      	strb	r6, [r3, #0]
10004f86:	4629      	mov	r1, r5
10004f88:	4630      	mov	r0, r6
10004f8a:	f7ff fca7 	bl	100048dc <dcd_init>
10004f8e:	4607      	mov	r7, r0
10004f90:	b118      	cbz	r0, 10004f9a <tud_rhport_init+0xd6>
10004f92:	4630      	mov	r0, r6
10004f94:	f7ff fc70 	bl	10004878 <dcd_int_enable>
10004f98:	e7f1      	b.n	10004f7e <tud_rhport_init+0xba>
10004f9a:	f44f 72fc 	mov.w	r2, #504	@ 0x1f8
10004f9e:	490f      	ldr	r1, [pc, #60]	@ (10004fdc <tud_rhport_init+0x118>)
10004fa0:	480f      	ldr	r0, [pc, #60]	@ (10004fe0 <tud_rhport_init+0x11c>)
10004fa2:	f7ff f887 	bl	100040b4 <__wrap_printf>
10004fa6:	f04f 23e0 	mov.w	r3, #3758153728	@ 0xe000e000
10004faa:	f8d3 3df0 	ldr.w	r3, [r3, #3568]	@ 0xdf0
10004fae:	f013 0f01 	tst.w	r3, #1
10004fb2:	d0e4      	beq.n	10004f7e <tud_rhport_init+0xba>
10004fb4:	be00      	bkpt	0x0000
10004fb6:	e7e2      	b.n	10004f7e <tud_rhport_init+0xba>
10004fb8:	20001e78 	.word	0x20001e78
10004fbc:	200027b4 	.word	0x200027b4
10004fc0:	20001e70 	.word	0x20001e70
10004fc4:	20001ecc 	.word	0x20001ecc
10004fc8:	200012b8 	.word	0x200012b8
10004fcc:	20001ed0 	.word	0x20001ed0
10004fd0:	100041a5 	.word	0x100041a5
10004fd4:	200027af 	.word	0x200027af
10004fd8:	20001ca8 	.word	0x20001ca8
10004fdc:	1000c0e8 	.word	0x1000c0e8
10004fe0:	1000b9e4 	.word	0x1000b9e4
10004fe4:	1000c0f8 	.word	0x1000c0f8
10004fe8:	200012c0 	.word	0x200012c0

10004fec <usbd_edpt_open>:
10004fec:	b570      	push	{r4, r5, r6, lr}
10004fee:	4b1a      	ldr	r3, [pc, #104]	@ (10005058 <usbd_edpt_open+0x6c>)
10004ff0:	781e      	ldrb	r6, [r3, #0]
10004ff2:	788b      	ldrb	r3, [r1, #2]
10004ff4:	f013 0f70 	tst.w	r3, #112	@ 0x70
10004ff8:	d10e      	bne.n	10005018 <usbd_edpt_open+0x2c>
10004ffa:	460c      	mov	r4, r1
10004ffc:	4b17      	ldr	r3, [pc, #92]	@ (1000505c <usbd_edpt_open+0x70>)
10004ffe:	7899      	ldrb	r1, [r3, #2]
10005000:	4620      	mov	r0, r4
10005002:	f001 fb79 	bl	100066f8 <tu_edpt_validate>
10005006:	4605      	mov	r5, r0
10005008:	b1b0      	cbz	r0, 10005038 <usbd_edpt_open+0x4c>
1000500a:	4621      	mov	r1, r4
1000500c:	4630      	mov	r0, r6
1000500e:	f7ff fcc5 	bl	1000499c <dcd_edpt_open>
10005012:	4605      	mov	r5, r0
10005014:	4628      	mov	r0, r5
10005016:	bd70      	pop	{r4, r5, r6, pc}
10005018:	f240 520b 	movw	r2, #1291	@ 0x50b
1000501c:	4910      	ldr	r1, [pc, #64]	@ (10005060 <usbd_edpt_open+0x74>)
1000501e:	4811      	ldr	r0, [pc, #68]	@ (10005064 <usbd_edpt_open+0x78>)
10005020:	f7ff f848 	bl	100040b4 <__wrap_printf>
10005024:	f04f 23e0 	mov.w	r3, #3758153728	@ 0xe000e000
10005028:	f8d3 3df0 	ldr.w	r3, [r3, #3568]	@ 0xdf0
1000502c:	f013 0f01 	tst.w	r3, #1
10005030:	d000      	beq.n	10005034 <usbd_edpt_open+0x48>
10005032:	be00      	bkpt	0x0000
10005034:	2500      	movs	r5, #0
10005036:	e7ed      	b.n	10005014 <usbd_edpt_open+0x28>
10005038:	f240 520c 	movw	r2, #1292	@ 0x50c
1000503c:	4908      	ldr	r1, [pc, #32]	@ (10005060 <usbd_edpt_open+0x74>)
1000503e:	4809      	ldr	r0, [pc, #36]	@ (10005064 <usbd_edpt_open+0x78>)
10005040:	f7ff f838 	bl	100040b4 <__wrap_printf>
10005044:	f04f 23e0 	mov.w	r3, #3758153728	@ 0xe000e000
10005048:	f8d3 3df0 	ldr.w	r3, [r3, #3568]	@ 0xdf0
1000504c:	f013 0f01 	tst.w	r3, #1
10005050:	d0e0      	beq.n	10005014 <usbd_edpt_open+0x28>
10005052:	be00      	bkpt	0x0000
10005054:	e7de      	b.n	10005014 <usbd_edpt_open+0x28>
10005056:	bf00      	nop
10005058:	200012c0 	.word	0x200012c0
1000505c:	20001e78 	.word	0x20001e78
10005060:	1000c050 	.word	0x1000c050
10005064:	1000b9e4 	.word	0x1000b9e4

10005068 <usbd_open_edpt_pair>:
10005068:	e92d 4ff8 	stmdb	sp!, {r3, r4, r5, r6, r7, r8, r9, sl, fp, lr}
1000506c:	4680      	mov	r8, r0
1000506e:	460c      	mov	r4, r1
10005070:	4616      	mov	r6, r2
10005072:	461f      	mov	r7, r3
10005074:	f8dd 9028 	ldr.w	r9, [sp, #40]	@ 0x28
10005078:	f8dd a02c 	ldr.w	sl, [sp, #44]	@ 0x2c
1000507c:	2500      	movs	r5, #0
1000507e:	e026      	b.n	100050ce <usbd_open_edpt_pair+0x66>
10005080:	f240 42e7 	movw	r2, #1255	@ 0x4e7
10005084:	491f      	ldr	r1, [pc, #124]	@ (10005104 <usbd_open_edpt_pair+0x9c>)
10005086:	4820      	ldr	r0, [pc, #128]	@ (10005108 <usbd_open_edpt_pair+0xa0>)
10005088:	f7ff f814 	bl	100040b4 <__wrap_printf>
1000508c:	f04f 23e0 	mov.w	r3, #3758153728	@ 0xe000e000
10005090:	f8d3 3df0 	ldr.w	r3, [r3, #3568]	@ 0xdf0
10005094:	f013 0f01 	tst.w	r3, #1
10005098:	d000      	beq.n	1000509c <usbd_open_edpt_pair+0x34>
1000509a:	be00      	bkpt	0x0000
1000509c:	f04f 0b00 	mov.w	fp, #0
100050a0:	4658      	mov	r0, fp
100050a2:	e8bd 8ff8 	ldmia.w	sp!, {r3, r4, r5, r6, r7, r8, r9, sl, fp, pc}
100050a6:	f44f 629d 	mov.w	r2, #1256	@ 0x4e8
100050aa:	4916      	ldr	r1, [pc, #88]	@ (10005104 <usbd_open_edpt_pair+0x9c>)
100050ac:	4816      	ldr	r0, [pc, #88]	@ (10005108 <usbd_open_edpt_pair+0xa0>)
100050ae:	f7ff f801 	bl	100040b4 <__wrap_printf>
100050b2:	f04f 23e0 	mov.w	r3, #3758153728	@ 0xe000e000
100050b6:	f8d3 3df0 	ldr.w	r3, [r3, #3568]	@ 0xdf0
100050ba:	f013 0f01 	tst.w	r3, #1
100050be:	d0ef      	beq.n	100050a0 <usbd_open_edpt_pair+0x38>
100050c0:	be00      	bkpt	0x0000
100050c2:	e7ed      	b.n	100050a0 <usbd_open_edpt_pair+0x38>
100050c4:	f88a 3000 	strb.w	r3, [sl]
100050c8:	7823      	ldrb	r3, [r4, #0]
100050ca:	441c      	add	r4, r3
100050cc:	3501      	adds	r5, #1
100050ce:	42ae      	cmp	r6, r5
100050d0:	dd14      	ble.n	100050fc <usbd_open_edpt_pair+0x94>
100050d2:	7863      	ldrb	r3, [r4, #1]
100050d4:	2b05      	cmp	r3, #5
100050d6:	d1d3      	bne.n	10005080 <usbd_open_edpt_pair+0x18>
100050d8:	78e1      	ldrb	r1, [r4, #3]
100050da:	f001 0103 	and.w	r1, r1, #3
100050de:	42b9      	cmp	r1, r7
100050e0:	d1ce      	bne.n	10005080 <usbd_open_edpt_pair+0x18>
100050e2:	4621      	mov	r1, r4
100050e4:	4640      	mov	r0, r8
100050e6:	f7ff ff81 	bl	10004fec <usbd_edpt_open>
100050ea:	4683      	mov	fp, r0
100050ec:	2800      	cmp	r0, #0
100050ee:	d0da      	beq.n	100050a6 <usbd_open_edpt_pair+0x3e>
100050f0:	78a3      	ldrb	r3, [r4, #2]
100050f2:	09da      	lsrs	r2, r3, #7
100050f4:	d1e6      	bne.n	100050c4 <usbd_open_edpt_pair+0x5c>
100050f6:	f889 3000 	strb.w	r3, [r9]
100050fa:	e7e5      	b.n	100050c8 <usbd_open_edpt_pair+0x60>
100050fc:	f04f 0b01 	mov.w	fp, #1
10005100:	e7ce      	b.n	100050a0 <usbd_open_edpt_pair+0x38>
10005102:	bf00      	nop
10005104:	1000c060 	.word	0x1000c060
10005108:	1000b9e4 	.word	0x1000b9e4

1000510c <usbd_edpt_claim>:
1000510c:	b508      	push	{r3, lr}
1000510e:	f001 007f 	and.w	r0, r1, #127	@ 0x7f
10005112:	0040      	lsls	r0, r0, #1
10005114:	eb00 10d1 	add.w	r0, r0, r1, lsr #7
10005118:	3030      	adds	r0, #48	@ 0x30
1000511a:	4b04      	ldr	r3, [pc, #16]	@ (1000512c <usbd_edpt_claim+0x20>)
1000511c:	4418      	add	r0, r3
1000511e:	4b04      	ldr	r3, [pc, #16]	@ (10005130 <usbd_edpt_claim+0x24>)
10005120:	6819      	ldr	r1, [r3, #0]
10005122:	3004      	adds	r0, #4
10005124:	f001 faa2 	bl	1000666c <tu_edpt_claim>
10005128:	bd08      	pop	{r3, pc}
1000512a:	bf00      	nop
1000512c:	20001e78 	.word	0x20001e78
10005130:	20001ecc 	.word	0x20001ecc

10005134 <usbd_edpt_release>:
10005134:	b508      	push	{r3, lr}
10005136:	f001 007f 	and.w	r0, r1, #127	@ 0x7f
1000513a:	0040      	lsls	r0, r0, #1
1000513c:	eb00 10d1 	add.w	r0, r0, r1, lsr #7
10005140:	3030      	adds	r0, #48	@ 0x30
10005142:	4b04      	ldr	r3, [pc, #16]	@ (10005154 <usbd_edpt_release+0x20>)
10005144:	4418      	add	r0, r3
10005146:	4b04      	ldr	r3, [pc, #16]	@ (10005158 <usbd_edpt_release+0x24>)
10005148:	6819      	ldr	r1, [r3, #0]
1000514a:	3004      	adds	r0, #4
1000514c:	f001 fab6 	bl	100066bc <tu_edpt_release>
10005150:	bd08      	pop	{r3, pc}
10005152:	bf00      	nop
10005154:	20001e78 	.word	0x20001e78
10005158:	20001ecc 	.word	0x20001ecc

1000515c <usbd_edpt_xfer>:
1000515c:	b570      	push	{r4, r5, r6, lr}
1000515e:	481f      	ldr	r0, [pc, #124]	@ (100051dc <usbd_edpt_xfer+0x80>)
10005160:	7800      	ldrb	r0, [r0, #0]
10005162:	f001 057f 	and.w	r5, r1, #127	@ 0x7f
10005166:	4c1e      	ldr	r4, [pc, #120]	@ (100051e0 <usbd_edpt_xfer+0x84>)
10005168:	eb04 0c45 	add.w	ip, r4, r5, lsl #1
1000516c:	eb0c 1cd1 	add.w	ip, ip, r1, lsr #7
10005170:	f89c 4034 	ldrb.w	r4, [ip, #52]	@ 0x34
10005174:	f014 0f01 	tst.w	r4, #1
10005178:	d11f      	bne.n	100051ba <usbd_edpt_xfer+0x5e>
1000517a:	09ce      	lsrs	r6, r1, #7
1000517c:	4c18      	ldr	r4, [pc, #96]	@ (100051e0 <usbd_edpt_xfer+0x84>)
1000517e:	eb04 0445 	add.w	r4, r4, r5, lsl #1
10005182:	4434      	add	r4, r6
10005184:	f894 c034 	ldrb.w	ip, [r4, #52]	@ 0x34
10005188:	f04c 0c01 	orr.w	ip, ip, #1
1000518c:	f884 c034 	strb.w	ip, [r4, #52]	@ 0x34
10005190:	3430      	adds	r4, #48	@ 0x30
10005192:	f7ff fc19 	bl	100049c8 <dcd_edpt_xfer>
10005196:	b9f8      	cbnz	r0, 100051d8 <usbd_edpt_xfer+0x7c>
10005198:	7922      	ldrb	r2, [r4, #4]
1000519a:	f022 0201 	bic.w	r2, r2, #1
1000519e:	7122      	strb	r2, [r4, #4]
100051a0:	7922      	ldrb	r2, [r4, #4]
100051a2:	f022 0204 	bic.w	r2, r2, #4
100051a6:	7122      	strb	r2, [r4, #4]
100051a8:	f04f 23e0 	mov.w	r3, #3758153728	@ 0xe000e000
100051ac:	f8d3 3df0 	ldr.w	r3, [r3, #3568]	@ 0xdf0
100051b0:	f013 0f01 	tst.w	r3, #1
100051b4:	d010      	beq.n	100051d8 <usbd_edpt_xfer+0x7c>
100051b6:	be00      	bkpt	0x0000
100051b8:	e00e      	b.n	100051d8 <usbd_edpt_xfer+0x7c>
100051ba:	f240 5239 	movw	r2, #1337	@ 0x539
100051be:	4909      	ldr	r1, [pc, #36]	@ (100051e4 <usbd_edpt_xfer+0x88>)
100051c0:	4809      	ldr	r0, [pc, #36]	@ (100051e8 <usbd_edpt_xfer+0x8c>)
100051c2:	f7fe ff77 	bl	100040b4 <__wrap_printf>
100051c6:	f04f 23e0 	mov.w	r3, #3758153728	@ 0xe000e000
100051ca:	f8d3 3df0 	ldr.w	r3, [r3, #3568]	@ 0xdf0
100051ce:	f013 0f01 	tst.w	r3, #1
100051d2:	d000      	beq.n	100051d6 <usbd_edpt_xfer+0x7a>
100051d4:	be00      	bkpt	0x0000
100051d6:	2000      	movs	r0, #0
100051d8:	bd70      	pop	{r4, r5, r6, pc}
100051da:	bf00      	nop
100051dc:	200012c0 	.word	0x200012c0
100051e0:	20001e78 	.word	0x20001e78
100051e4:	1000c040 	.word	0x1000c040
100051e8:	1000b9e4 	.word	0x1000b9e4

100051ec <usbd_edpt_stall>:
100051ec:	b538      	push	{r3, r4, r5, lr}
100051ee:	f001 057f 	and.w	r5, r1, #127	@ 0x7f
100051f2:	09cc      	lsrs	r4, r1, #7
100051f4:	4b0a      	ldr	r3, [pc, #40]	@ (10005220 <usbd_edpt_stall+0x34>)
100051f6:	7818      	ldrb	r0, [r3, #0]
100051f8:	f7ff fbfc 	bl	100049f4 <dcd_edpt_stall>
100051fc:	4b09      	ldr	r3, [pc, #36]	@ (10005224 <usbd_edpt_stall+0x38>)
100051fe:	eb03 0345 	add.w	r3, r3, r5, lsl #1
10005202:	4423      	add	r3, r4
10005204:	f893 2034 	ldrb.w	r2, [r3, #52]	@ 0x34
10005208:	f042 0202 	orr.w	r2, r2, #2
1000520c:	f883 2034 	strb.w	r2, [r3, #52]	@ 0x34
10005210:	f893 2034 	ldrb.w	r2, [r3, #52]	@ 0x34
10005214:	f042 0201 	orr.w	r2, r2, #1
10005218:	f883 2034 	strb.w	r2, [r3, #52]	@ 0x34
1000521c:	bd38      	pop	{r3, r4, r5, pc}
1000521e:	bf00      	nop
10005220:	200012c0 	.word	0x200012c0
10005224:	20001e78 	.word	0x20001e78

10005228 <usbd_edpt_clear_stall>:
10005228:	b538      	push	{r3, r4, r5, lr}
1000522a:	f001 057f 	and.w	r5, r1, #127	@ 0x7f
1000522e:	09cc      	lsrs	r4, r1, #7
10005230:	4b0a      	ldr	r3, [pc, #40]	@ (1000525c <usbd_edpt_clear_stall+0x34>)
10005232:	7818      	ldrb	r0, [r3, #0]
10005234:	f7ff fbfa 	bl	10004a2c <dcd_edpt_clear_stall>
10005238:	4b09      	ldr	r3, [pc, #36]	@ (10005260 <usbd_edpt_clear_stall+0x38>)
1000523a:	eb03 0345 	add.w	r3, r3, r5, lsl #1
1000523e:	4423      	add	r3, r4
10005240:	f893 2034 	ldrb.w	r2, [r3, #52]	@ 0x34
10005244:	f022 0202 	bic.w	r2, r2, #2
10005248:	f883 2034 	strb.w	r2, [r3, #52]	@ 0x34
1000524c:	f893 2034 	ldrb.w	r2, [r3, #52]	@ 0x34
10005250:	f022 0201 	bic.w	r2, r2, #1
10005254:	f883 2034 	strb.w	r2, [r3, #52]	@ 0x34
10005258:	bd38      	pop	{r3, r4, r5, pc}
1000525a:	bf00      	nop
1000525c:	200012c0 	.word	0x200012c0
10005260:	20001e78 	.word	0x20001e78

10005264 <usbd_edpt_stalled>:
10005264:	f001 027f 	and.w	r2, r1, #127	@ 0x7f
10005268:	4b04      	ldr	r3, [pc, #16]	@ (1000527c <usbd_edpt_stalled+0x18>)
1000526a:	eb03 0342 	add.w	r3, r3, r2, lsl #1
1000526e:	eb03 11d1 	add.w	r1, r3, r1, lsr #7
10005272:	f891 0034 	ldrb.w	r0, [r1, #52]	@ 0x34
10005276:	f3c0 0040 	ubfx	r0, r0, #1, #1
1000527a:	4770      	bx	lr
1000527c:	20001e78 	.word	0x20001e78

10005280 <process_control_request>:
10005280:	e92d 41f0 	stmdb	sp!, {r4, r5, r6, r7, r8, lr}
10005284:	b082      	sub	sp, #8
10005286:	4606      	mov	r6, r0
10005288:	460c      	mov	r4, r1
1000528a:	2000      	movs	r0, #0
1000528c:	f000 fbd2 	bl	10005a34 <usbd_control_set_complete_callback>
10005290:	7823      	ldrb	r3, [r4, #0]
10005292:	f003 0360 	and.w	r3, r3, #96	@ 0x60
10005296:	2b60      	cmp	r3, #96	@ 0x60
10005298:	d021      	beq.n	100052de <process_control_request+0x5e>
1000529a:	2b40      	cmp	r3, #64	@ 0x40
1000529c:	d032      	beq.n	10005304 <process_control_request+0x84>
1000529e:	7822      	ldrb	r2, [r4, #0]
100052a0:	f002 021f 	and.w	r2, r2, #31
100052a4:	2a01      	cmp	r2, #1
100052a6:	f000 8101 	beq.w	100054ac <process_control_request+0x22c>
100052aa:	2a02      	cmp	r2, #2
100052ac:	f000 8142 	beq.w	10005534 <process_control_request+0x2b4>
100052b0:	2a00      	cmp	r2, #0
100052b2:	f040 81c9 	bne.w	10005648 <process_control_request+0x3c8>
100052b6:	2b20      	cmp	r3, #32
100052b8:	d02e      	beq.n	10005318 <process_control_request+0x98>
100052ba:	2b00      	cmp	r3, #0
100052bc:	d14d      	bne.n	1000535a <process_control_request+0xda>
100052be:	7863      	ldrb	r3, [r4, #1]
100052c0:	2b09      	cmp	r3, #9
100052c2:	f200 80e8 	bhi.w	10005496 <process_control_request+0x216>
100052c6:	e8df f013 	tbh	[pc, r3, lsl #1]
100052ca:	00d3      	.short	0x00d3
100052cc:	00e600c3 	.word	0x00e600c3
100052d0:	00e600b3 	.word	0x00e600b3
100052d4:	00ad0052 	.word	0x00ad0052
100052d8:	006100e6 	.word	0x006100e6
100052dc:	006e      	.short	0x006e
100052de:	f44f 7235 	mov.w	r2, #724	@ 0x2d4
100052e2:	49b2      	ldr	r1, [pc, #712]	@ (100055ac <process_control_request+0x32c>)
100052e4:	48b2      	ldr	r0, [pc, #712]	@ (100055b0 <process_control_request+0x330>)
100052e6:	f7fe fee5 	bl	100040b4 <__wrap_printf>
100052ea:	f04f 23e0 	mov.w	r3, #3758153728	@ 0xe000e000
100052ee:	f8d3 3df0 	ldr.w	r3, [r3, #3568]	@ 0xdf0
100052f2:	f013 0f01 	tst.w	r3, #1
100052f6:	d000      	beq.n	100052fa <process_control_request+0x7a>
100052f8:	be00      	bkpt	0x0000
100052fa:	2500      	movs	r5, #0
100052fc:	4628      	mov	r0, r5
100052fe:	b002      	add	sp, #8
10005300:	e8bd 81f0 	ldmia.w	sp!, {r4, r5, r6, r7, r8, pc}
10005304:	48ab      	ldr	r0, [pc, #684]	@ (100055b4 <process_control_request+0x334>)
10005306:	f000 fb95 	bl	10005a34 <usbd_control_set_complete_callback>
1000530a:	4622      	mov	r2, r4
1000530c:	2101      	movs	r1, #1
1000530e:	4630      	mov	r0, r6
10005310:	f7fe ff30 	bl	10004174 <tud_vendor_control_xfer_cb>
10005314:	4605      	mov	r5, r0
10005316:	e7f1      	b.n	100052fc <process_control_request+0x7c>
10005318:	88a3      	ldrh	r3, [r4, #4]
1000531a:	b2db      	uxtb	r3, r3
1000531c:	2b0f      	cmp	r3, #15
1000531e:	f200 819d 	bhi.w	1000565c <process_control_request+0x3dc>
10005322:	4aa5      	ldr	r2, [pc, #660]	@ (100055b8 <process_control_request+0x338>)
10005324:	4413      	add	r3, r2
10005326:	791b      	ldrb	r3, [r3, #4]
10005328:	4aa4      	ldr	r2, [pc, #656]	@ (100055bc <process_control_request+0x33c>)
1000532a:	7812      	ldrb	r2, [r2, #0]
1000532c:	4293      	cmp	r3, r2
1000532e:	d206      	bcs.n	1000533e <process_control_request+0xbe>
10005330:	4aa3      	ldr	r2, [pc, #652]	@ (100055c0 <process_control_request+0x340>)
10005332:	6811      	ldr	r1, [r2, #0]
10005334:	eb11 1143 	adds.w	r1, r1, r3, lsl #5
10005338:	d109      	bne.n	1000534e <process_control_request+0xce>
1000533a:	2500      	movs	r5, #0
1000533c:	e7de      	b.n	100052fc <process_control_request+0x7c>
1000533e:	1c51      	adds	r1, r2, #1
10005340:	4299      	cmp	r1, r3
10005342:	f2c0 818d 	blt.w	10005660 <process_control_request+0x3e0>
10005346:	1a9b      	subs	r3, r3, r2
10005348:	499e      	ldr	r1, [pc, #632]	@ (100055c4 <process_control_request+0x344>)
1000534a:	eb01 1143 	add.w	r1, r1, r3, lsl #5
1000534e:	4622      	mov	r2, r4
10005350:	4630      	mov	r0, r6
10005352:	f7ff fc23 	bl	10004b9c <invoke_class_control>
10005356:	4605      	mov	r5, r0
10005358:	e7d0      	b.n	100052fc <process_control_request+0x7c>
1000535a:	f04f 23e0 	mov.w	r3, #3758153728	@ 0xe000e000
1000535e:	f8d3 3df0 	ldr.w	r3, [r3, #3568]	@ 0xdf0
10005362:	f013 0f01 	tst.w	r3, #1
10005366:	d000      	beq.n	1000536a <process_control_request+0xea>
10005368:	be00      	bkpt	0x0000
1000536a:	2500      	movs	r5, #0
1000536c:	e7c6      	b.n	100052fc <process_control_request+0x7c>
1000536e:	4620      	mov	r0, r4
10005370:	f000 fb66 	bl	10005a40 <usbd_control_set_request>
10005374:	8861      	ldrh	r1, [r4, #2]
10005376:	b2c9      	uxtb	r1, r1
10005378:	4630      	mov	r0, r6
1000537a:	f7ff fa91 	bl	100048a0 <dcd_set_address>
1000537e:	4a8e      	ldr	r2, [pc, #568]	@ (100055b8 <process_control_request+0x338>)
10005380:	7813      	ldrb	r3, [r2, #0]
10005382:	f043 0302 	orr.w	r3, r3, #2
10005386:	7013      	strb	r3, [r2, #0]
10005388:	2501      	movs	r5, #1
1000538a:	e7b7      	b.n	100052fc <process_control_request+0x7c>
1000538c:	4b8a      	ldr	r3, [pc, #552]	@ (100055b8 <process_control_request+0x338>)
1000538e:	785b      	ldrb	r3, [r3, #1]
10005390:	f88d 3006 	strb.w	r3, [sp, #6]
10005394:	2301      	movs	r3, #1
10005396:	f10d 0206 	add.w	r2, sp, #6
1000539a:	4621      	mov	r1, r4
1000539c:	4630      	mov	r0, r6
1000539e:	f000 fae9 	bl	10005974 <tud_control_xfer>
100053a2:	2501      	movs	r5, #1
100053a4:	e7aa      	b.n	100052fc <process_control_request+0x7c>
100053a6:	8865      	ldrh	r5, [r4, #2]
100053a8:	b2ed      	uxtb	r5, r5
100053aa:	4b83      	ldr	r3, [pc, #524]	@ (100055b8 <process_control_request+0x338>)
100053ac:	785b      	ldrb	r3, [r3, #1]
100053ae:	42ab      	cmp	r3, r5
100053b0:	d032      	beq.n	10005418 <process_control_request+0x198>
100053b2:	4b81      	ldr	r3, [pc, #516]	@ (100055b8 <process_control_request+0x338>)
100053b4:	785b      	ldrb	r3, [r3, #1]
100053b6:	b95b      	cbnz	r3, 100053d0 <process_control_request+0x150>
100053b8:	4b7f      	ldr	r3, [pc, #508]	@ (100055b8 <process_control_request+0x338>)
100053ba:	705d      	strb	r5, [r3, #1]
100053bc:	b355      	cbz	r5, 10005414 <process_control_request+0x194>
100053be:	4629      	mov	r1, r5
100053c0:	4630      	mov	r0, r6
100053c2:	f7ff fbf9 	bl	10004bb8 <process_set_config>
100053c6:	4605      	mov	r5, r0
100053c8:	b190      	cbz	r0, 100053f0 <process_control_request+0x170>
100053ca:	f7ff fd5d 	bl	10004e88 <tud_mount_cb>
100053ce:	e023      	b.n	10005418 <process_control_request+0x198>
100053d0:	2100      	movs	r1, #0
100053d2:	4630      	mov	r0, r6
100053d4:	f7ff fac4 	bl	10004960 <dcd_sof_enable>
100053d8:	4630      	mov	r0, r6
100053da:	f7ff faf0 	bl	100049be <dcd_edpt_close_all>
100053de:	4f76      	ldr	r7, [pc, #472]	@ (100055b8 <process_control_request+0x338>)
100053e0:	f897 8002 	ldrb.w	r8, [r7, #2]
100053e4:	4630      	mov	r0, r6
100053e6:	f7ff fb8b 	bl	10004b00 <configuration_reset>
100053ea:	f887 8002 	strb.w	r8, [r7, #2]
100053ee:	e7e3      	b.n	100053b8 <process_control_request+0x138>
100053f0:	f44f 7249 	mov.w	r2, #804	@ 0x324
100053f4:	496d      	ldr	r1, [pc, #436]	@ (100055ac <process_control_request+0x32c>)
100053f6:	486e      	ldr	r0, [pc, #440]	@ (100055b0 <process_control_request+0x330>)
100053f8:	f7fe fe5c 	bl	100040b4 <__wrap_printf>
100053fc:	f04f 23e0 	mov.w	r3, #3758153728	@ 0xe000e000
10005400:	f8d3 3df0 	ldr.w	r3, [r3, #3568]	@ 0xdf0
10005404:	f013 0f01 	tst.w	r3, #1
10005408:	d000      	beq.n	1000540c <process_control_request+0x18c>
1000540a:	be00      	bkpt	0x0000
1000540c:	4b6a      	ldr	r3, [pc, #424]	@ (100055b8 <process_control_request+0x338>)
1000540e:	2200      	movs	r2, #0
10005410:	705a      	strb	r2, [r3, #1]
10005412:	e773      	b.n	100052fc <process_control_request+0x7c>
10005414:	f7ff fd39 	bl	10004e8a <tud_umount_cb>
10005418:	4621      	mov	r1, r4
1000541a:	4630      	mov	r0, r6
1000541c:	f000 fa96 	bl	1000594c <tud_control_status>
10005420:	2501      	movs	r5, #1
10005422:	e76b      	b.n	100052fc <process_control_request+0x7c>
10005424:	4621      	mov	r1, r4
10005426:	4630      	mov	r0, r6
10005428:	f7ff fcb2 	bl	10004d90 <process_get_descriptor>
1000542c:	4605      	mov	r5, r0
1000542e:	e765      	b.n	100052fc <process_control_request+0x7c>
10005430:	8863      	ldrh	r3, [r4, #2]
10005432:	2b01      	cmp	r3, #1
10005434:	d001      	beq.n	1000543a <process_control_request+0x1ba>
10005436:	2500      	movs	r5, #0
10005438:	e760      	b.n	100052fc <process_control_request+0x7c>
1000543a:	4a5f      	ldr	r2, [pc, #380]	@ (100055b8 <process_control_request+0x338>)
1000543c:	7813      	ldrb	r3, [r2, #0]
1000543e:	f043 0308 	orr.w	r3, r3, #8
10005442:	7013      	strb	r3, [r2, #0]
10005444:	4621      	mov	r1, r4
10005446:	4630      	mov	r0, r6
10005448:	f000 fa80 	bl	1000594c <tud_control_status>
1000544c:	2501      	movs	r5, #1
1000544e:	e755      	b.n	100052fc <process_control_request+0x7c>
10005450:	8863      	ldrh	r3, [r4, #2]
10005452:	2b01      	cmp	r3, #1
10005454:	d001      	beq.n	1000545a <process_control_request+0x1da>
10005456:	2500      	movs	r5, #0
10005458:	e750      	b.n	100052fc <process_control_request+0x7c>
1000545a:	4a57      	ldr	r2, [pc, #348]	@ (100055b8 <process_control_request+0x338>)
1000545c:	7813      	ldrb	r3, [r2, #0]
1000545e:	f023 0308 	bic.w	r3, r3, #8
10005462:	7013      	strb	r3, [r2, #0]
10005464:	4621      	mov	r1, r4
10005466:	4630      	mov	r0, r6
10005468:	f000 fa70 	bl	1000594c <tud_control_status>
1000546c:	2501      	movs	r5, #1
1000546e:	e745      	b.n	100052fc <process_control_request+0x7c>
10005470:	4b51      	ldr	r3, [pc, #324]	@ (100055b8 <process_control_request+0x338>)
10005472:	781a      	ldrb	r2, [r3, #0]
10005474:	0893      	lsrs	r3, r2, #2
10005476:	f003 0302 	and.w	r3, r3, #2
1000547a:	f3c2 1240 	ubfx	r2, r2, #5, #1
1000547e:	4313      	orrs	r3, r2
10005480:	f8ad 3006 	strh.w	r3, [sp, #6]
10005484:	2302      	movs	r3, #2
10005486:	f10d 0206 	add.w	r2, sp, #6
1000548a:	4621      	mov	r1, r4
1000548c:	4630      	mov	r0, r6
1000548e:	f000 fa71 	bl	10005974 <tud_control_xfer>
10005492:	2501      	movs	r5, #1
10005494:	e732      	b.n	100052fc <process_control_request+0x7c>
10005496:	f04f 23e0 	mov.w	r3, #3758153728	@ 0xe000e000
1000549a:	f8d3 3df0 	ldr.w	r3, [r3, #3568]	@ 0xdf0
1000549e:	f013 0f01 	tst.w	r3, #1
100054a2:	f000 80df 	beq.w	10005664 <process_control_request+0x3e4>
100054a6:	be00      	bkpt	0x0000
100054a8:	2500      	movs	r5, #0
100054aa:	e727      	b.n	100052fc <process_control_request+0x7c>
100054ac:	88a3      	ldrh	r3, [r4, #4]
100054ae:	b2db      	uxtb	r3, r3
100054b0:	2b0f      	cmp	r3, #15
100054b2:	f200 80d9 	bhi.w	10005668 <process_control_request+0x3e8>
100054b6:	4a40      	ldr	r2, [pc, #256]	@ (100055b8 <process_control_request+0x338>)
100054b8:	4413      	add	r3, r2
100054ba:	791b      	ldrb	r3, [r3, #4]
100054bc:	4a3f      	ldr	r2, [pc, #252]	@ (100055bc <process_control_request+0x33c>)
100054be:	7812      	ldrb	r2, [r2, #0]
100054c0:	4293      	cmp	r3, r2
100054c2:	d222      	bcs.n	1000550a <process_control_request+0x28a>
100054c4:	4a3e      	ldr	r2, [pc, #248]	@ (100055c0 <process_control_request+0x340>)
100054c6:	6811      	ldr	r1, [r2, #0]
100054c8:	eb11 1143 	adds.w	r1, r1, r3, lsl #5
100054cc:	f000 80ce 	beq.w	1000566c <process_control_request+0x3ec>
100054d0:	4622      	mov	r2, r4
100054d2:	4630      	mov	r0, r6
100054d4:	f7ff fb62 	bl	10004b9c <invoke_class_control>
100054d8:	4605      	mov	r5, r0
100054da:	2800      	cmp	r0, #0
100054dc:	f47f af0e 	bne.w	100052fc <process_control_request+0x7c>
100054e0:	7823      	ldrb	r3, [r4, #0]
100054e2:	f013 0f60 	tst.w	r3, #96	@ 0x60
100054e6:	f47f af09 	bne.w	100052fc <process_control_request+0x7c>
100054ea:	7863      	ldrb	r3, [r4, #1]
100054ec:	3b0a      	subs	r3, #10
100054ee:	2b01      	cmp	r3, #1
100054f0:	f63f af04 	bhi.w	100052fc <process_control_request+0x7c>
100054f4:	f000 fa9e 	bl	10005a34 <usbd_control_set_complete_callback>
100054f8:	7863      	ldrb	r3, [r4, #1]
100054fa:	2b0a      	cmp	r3, #10
100054fc:	d00e      	beq.n	1000551c <process_control_request+0x29c>
100054fe:	4621      	mov	r1, r4
10005500:	4630      	mov	r0, r6
10005502:	f000 fa23 	bl	1000594c <tud_control_status>
10005506:	2501      	movs	r5, #1
10005508:	e6f8      	b.n	100052fc <process_control_request+0x7c>
1000550a:	1c51      	adds	r1, r2, #1
1000550c:	4299      	cmp	r1, r3
1000550e:	f2c0 80af 	blt.w	10005670 <process_control_request+0x3f0>
10005512:	1a9b      	subs	r3, r3, r2
10005514:	492b      	ldr	r1, [pc, #172]	@ (100055c4 <process_control_request+0x344>)
10005516:	eb01 1143 	add.w	r1, r1, r3, lsl #5
1000551a:	e7d9      	b.n	100054d0 <process_control_request+0x250>
1000551c:	2300      	movs	r3, #0
1000551e:	f88d 3006 	strb.w	r3, [sp, #6]
10005522:	2301      	movs	r3, #1
10005524:	f10d 0206 	add.w	r2, sp, #6
10005528:	4621      	mov	r1, r4
1000552a:	4630      	mov	r0, r6
1000552c:	f000 fa22 	bl	10005974 <tud_control_xfer>
10005530:	2501      	movs	r5, #1
10005532:	e6e3      	b.n	100052fc <process_control_request+0x7c>
10005534:	88a2      	ldrh	r2, [r4, #4]
10005536:	b2d1      	uxtb	r1, r2
10005538:	f002 057f 	and.w	r5, r2, #127	@ 0x7f
1000553c:	f3c2 10c0 	ubfx	r0, r2, #7, #1
10005540:	f012 0f70 	tst.w	r2, #112	@ 0x70
10005544:	d117      	bne.n	10005576 <process_control_request+0x2f6>
10005546:	4a1c      	ldr	r2, [pc, #112]	@ (100055b8 <process_control_request+0x338>)
10005548:	eb02 0245 	add.w	r2, r2, r5, lsl #1
1000554c:	4402      	add	r2, r0
1000554e:	7d12      	ldrb	r2, [r2, #20]
10005550:	481a      	ldr	r0, [pc, #104]	@ (100055bc <process_control_request+0x33c>)
10005552:	7800      	ldrb	r0, [r0, #0]
10005554:	4282      	cmp	r2, r0
10005556:	d21e      	bcs.n	10005596 <process_control_request+0x316>
10005558:	4819      	ldr	r0, [pc, #100]	@ (100055c0 <process_control_request+0x340>)
1000555a:	6805      	ldr	r5, [r0, #0]
1000555c:	eb05 1542 	add.w	r5, r5, r2, lsl #5
10005560:	b393      	cbz	r3, 100055c8 <process_control_request+0x348>
10005562:	2d00      	cmp	r5, #0
10005564:	f000 8086 	beq.w	10005674 <process_control_request+0x3f4>
10005568:	4622      	mov	r2, r4
1000556a:	4629      	mov	r1, r5
1000556c:	4630      	mov	r0, r6
1000556e:	f7ff fb15 	bl	10004b9c <invoke_class_control>
10005572:	4605      	mov	r5, r0
10005574:	e6c2      	b.n	100052fc <process_control_request+0x7c>
10005576:	f240 3295 	movw	r2, #917	@ 0x395
1000557a:	490c      	ldr	r1, [pc, #48]	@ (100055ac <process_control_request+0x32c>)
1000557c:	480c      	ldr	r0, [pc, #48]	@ (100055b0 <process_control_request+0x330>)
1000557e:	f7fe fd99 	bl	100040b4 <__wrap_printf>
10005582:	f04f 23e0 	mov.w	r3, #3758153728	@ 0xe000e000
10005586:	f8d3 3df0 	ldr.w	r3, [r3, #3568]	@ 0xdf0
1000558a:	f013 0f01 	tst.w	r3, #1
1000558e:	d000      	beq.n	10005592 <process_control_request+0x312>
10005590:	be00      	bkpt	0x0000
10005592:	2500      	movs	r5, #0
10005594:	e6b2      	b.n	100052fc <process_control_request+0x7c>
10005596:	1c45      	adds	r5, r0, #1
10005598:	4295      	cmp	r5, r2
1000559a:	db04      	blt.n	100055a6 <process_control_request+0x326>
1000559c:	1a12      	subs	r2, r2, r0
1000559e:	4d09      	ldr	r5, [pc, #36]	@ (100055c4 <process_control_request+0x344>)
100055a0:	eb05 1542 	add.w	r5, r5, r2, lsl #5
100055a4:	e7dc      	b.n	10005560 <process_control_request+0x2e0>
100055a6:	2500      	movs	r5, #0
100055a8:	e7da      	b.n	10005560 <process_control_request+0x2e0>
100055aa:	bf00      	nop
100055ac:	1000c0ac 	.word	0x1000c0ac
100055b0:	1000b9e4 	.word	0x1000b9e4
100055b4:	10004175 	.word	0x10004175
100055b8:	20001e78 	.word	0x20001e78
100055bc:	200027af 	.word	0x200027af
100055c0:	20001ca8 	.word	0x20001ca8
100055c4:	1000c0f8 	.word	0x1000c0f8
100055c8:	7863      	ldrb	r3, [r4, #1]
100055ca:	2b01      	cmp	r3, #1
100055cc:	d010      	beq.n	100055f0 <process_control_request+0x370>
100055ce:	2b03      	cmp	r3, #3
100055d0:	d00e      	beq.n	100055f0 <process_control_request+0x370>
100055d2:	bb7b      	cbnz	r3, 10005634 <process_control_request+0x3b4>
100055d4:	4630      	mov	r0, r6
100055d6:	f7ff fe45 	bl	10005264 <usbd_edpt_stalled>
100055da:	f8ad 0006 	strh.w	r0, [sp, #6]
100055de:	2302      	movs	r3, #2
100055e0:	f10d 0206 	add.w	r2, sp, #6
100055e4:	4621      	mov	r1, r4
100055e6:	4630      	mov	r0, r6
100055e8:	f000 f9c4 	bl	10005974 <tud_control_xfer>
100055ec:	2501      	movs	r5, #1
100055ee:	e685      	b.n	100052fc <process_control_request+0x7c>
100055f0:	8862      	ldrh	r2, [r4, #2]
100055f2:	b922      	cbnz	r2, 100055fe <process_control_request+0x37e>
100055f4:	2b01      	cmp	r3, #1
100055f6:	d019      	beq.n	1000562c <process_control_request+0x3ac>
100055f8:	4630      	mov	r0, r6
100055fa:	f7ff fdf7 	bl	100051ec <usbd_edpt_stall>
100055fe:	2d00      	cmp	r5, #0
10005600:	d03a      	beq.n	10005678 <process_control_request+0x3f8>
10005602:	4622      	mov	r2, r4
10005604:	4629      	mov	r1, r5
10005606:	4630      	mov	r0, r6
10005608:	f7ff fac8 	bl	10004b9c <invoke_class_control>
1000560c:	2000      	movs	r0, #0
1000560e:	f000 fa11 	bl	10005a34 <usbd_control_set_complete_callback>
10005612:	4b1b      	ldr	r3, [pc, #108]	@ (10005680 <process_control_request+0x400>)
10005614:	f893 5035 	ldrb.w	r5, [r3, #53]	@ 0x35
10005618:	f015 0501 	ands.w	r5, r5, #1
1000561c:	f47f ae6e 	bne.w	100052fc <process_control_request+0x7c>
10005620:	4621      	mov	r1, r4
10005622:	4630      	mov	r0, r6
10005624:	f000 f992 	bl	1000594c <tud_control_status>
10005628:	2501      	movs	r5, #1
1000562a:	e667      	b.n	100052fc <process_control_request+0x7c>
1000562c:	4630      	mov	r0, r6
1000562e:	f7ff fdfb 	bl	10005228 <usbd_edpt_clear_stall>
10005632:	e7e4      	b.n	100055fe <process_control_request+0x37e>
10005634:	f04f 23e0 	mov.w	r3, #3758153728	@ 0xe000e000
10005638:	f8d3 3df0 	ldr.w	r3, [r3, #3568]	@ 0xdf0
1000563c:	f013 0f01 	tst.w	r3, #1
10005640:	d000      	beq.n	10005644 <process_control_request+0x3c4>
10005642:	be00      	bkpt	0x0000
10005644:	2500      	movs	r5, #0
10005646:	e659      	b.n	100052fc <process_control_request+0x7c>
10005648:	f04f 23e0 	mov.w	r3, #3758153728	@ 0xe000e000
1000564c:	f8d3 3df0 	ldr.w	r3, [r3, #3568]	@ 0xdf0
10005650:	f013 0f01 	tst.w	r3, #1
10005654:	d012      	beq.n	1000567c <process_control_request+0x3fc>
10005656:	be00      	bkpt	0x0000
10005658:	2500      	movs	r5, #0
1000565a:	e64f      	b.n	100052fc <process_control_request+0x7c>
1000565c:	2500      	movs	r5, #0
1000565e:	e64d      	b.n	100052fc <process_control_request+0x7c>
10005660:	2500      	movs	r5, #0
10005662:	e64b      	b.n	100052fc <process_control_request+0x7c>
10005664:	2500      	movs	r5, #0
10005666:	e649      	b.n	100052fc <process_control_request+0x7c>
10005668:	2500      	movs	r5, #0
1000566a:	e647      	b.n	100052fc <process_control_request+0x7c>
1000566c:	2500      	movs	r5, #0
1000566e:	e645      	b.n	100052fc <process_control_request+0x7c>
10005670:	2500      	movs	r5, #0
10005672:	e643      	b.n	100052fc <process_control_request+0x7c>
10005674:	2500      	movs	r5, #0
10005676:	e641      	b.n	100052fc <process_control_request+0x7c>
10005678:	2501      	movs	r5, #1
1000567a:	e63f      	b.n	100052fc <process_control_request+0x7c>
1000567c:	2500      	movs	r5, #0
1000567e:	e63d      	b.n	100052fc <process_control_request+0x7c>
10005680:	20001e78 	.word	0x20001e78

10005684 <tud_task_ext>:
10005684:	b510      	push	{r4, lr}
10005686:	b084      	sub	sp, #16
10005688:	f7ff fc14 	bl	10004eb4 <tud_inited>
1000568c:	b948      	cbnz	r0, 100056a2 <tud_task_ext+0x1e>
1000568e:	b004      	add	sp, #16
10005690:	bd10      	pop	{r4, pc}
10005692:	f89d 0004 	ldrb.w	r0, [sp, #4]
10005696:	f7ff fa7b 	bl	10004b90 <usbd_reset>
1000569a:	f89d 2008 	ldrb.w	r2, [sp, #8]
1000569e:	4b85      	ldr	r3, [pc, #532]	@ (100058b4 <tud_task_ext+0x230>)
100056a0:	709a      	strb	r2, [r3, #2]
100056a2:	4b85      	ldr	r3, [pc, #532]	@ (100058b8 <tud_task_ext+0x234>)
100056a4:	681c      	ldr	r4, [r3, #0]
100056a6:	6963      	ldr	r3, [r4, #20]
100056a8:	f3ef 8210 	mrs	r2, PRIMASK
100056ac:	b672      	cpsid	i
100056ae:	e8d3 0fcf 	ldaexb	r0, [r3]
100056b2:	2101      	movs	r1, #1
100056b4:	2800      	cmp	r0, #0
100056b6:	d1fa      	bne.n	100056ae <tud_task_ext+0x2a>
100056b8:	e8c3 1f40 	strexb	r0, r1, [r3]
100056bc:	2800      	cmp	r0, #0
100056be:	d1f6      	bne.n	100056ae <tud_task_ext+0x2a>
100056c0:	f3bf 8f5f 	dmb	sy
100056c4:	61a2      	str	r2, [r4, #24]
100056c6:	a901      	add	r1, sp, #4
100056c8:	4620      	mov	r0, r4
100056ca:	f001 fbe7 	bl	10006e9c <tu_fifo_read>
100056ce:	6961      	ldr	r1, [r4, #20]
100056d0:	69a3      	ldr	r3, [r4, #24]
100056d2:	2200      	movs	r2, #0
100056d4:	e8c1 2f8f 	stlb	r2, [r1]
100056d8:	f383 8810 	msr	PRIMASK, r3
100056dc:	2800      	cmp	r0, #0
100056de:	d0d6      	beq.n	1000568e <tud_task_ext+0xa>
100056e0:	f89d 3005 	ldrb.w	r3, [sp, #5]
100056e4:	3b01      	subs	r3, #1
100056e6:	2b07      	cmp	r3, #7
100056e8:	f200 80da 	bhi.w	100058a0 <tud_task_ext+0x21c>
100056ec:	a201      	add	r2, pc, #4	@ (adr r2, 100056f4 <tud_task_ext+0x70>)
100056ee:	f852 f023 	ldr.w	pc, [r2, r3, lsl #2]
100056f2:	bf00      	nop
100056f4:	10005693 	.word	0x10005693
100056f8:	10005715 	.word	0x10005715
100056fc:	1000588d 	.word	0x1000588d
10005700:	10005853 	.word	0x10005853
10005704:	1000586d 	.word	0x1000586d
10005708:	10005723 	.word	0x10005723
1000570c:	100057b9 	.word	0x100057b9
10005710:	1000587f 	.word	0x1000587f
10005714:	f89d 0004 	ldrb.w	r0, [sp, #4]
10005718:	f7ff fa3a 	bl	10004b90 <usbd_reset>
1000571c:	f7ff fbb5 	bl	10004e8a <tud_umount_cb>
10005720:	e7bf      	b.n	100056a2 <tud_task_ext+0x1e>
10005722:	4b66      	ldr	r3, [pc, #408]	@ (100058bc <tud_task_ext+0x238>)
10005724:	781b      	ldrb	r3, [r3, #0]
10005726:	2b00      	cmp	r3, #0
10005728:	d036      	beq.n	10005798 <tud_task_ext+0x114>
1000572a:	4a64      	ldr	r2, [pc, #400]	@ (100058bc <tud_task_ext+0x238>)
1000572c:	7813      	ldrb	r3, [r2, #0]
1000572e:	3b01      	subs	r3, #1
10005730:	b2db      	uxtb	r3, r3
10005732:	7013      	strb	r3, [r2, #0]
10005734:	7813      	ldrb	r3, [r2, #0]
10005736:	2b00      	cmp	r3, #0
10005738:	d1b3      	bne.n	100056a2 <tud_task_ext+0x1e>
1000573a:	4b5e      	ldr	r3, [pc, #376]	@ (100058b4 <tud_task_ext+0x230>)
1000573c:	781a      	ldrb	r2, [r3, #0]
1000573e:	f042 0201 	orr.w	r2, r2, #1
10005742:	701a      	strb	r2, [r3, #0]
10005744:	f893 2034 	ldrb.w	r2, [r3, #52]	@ 0x34
10005748:	f022 0201 	bic.w	r2, r2, #1
1000574c:	f883 2034 	strb.w	r2, [r3, #52]	@ 0x34
10005750:	f893 2034 	ldrb.w	r2, [r3, #52]	@ 0x34
10005754:	f022 0204 	bic.w	r2, r2, #4
10005758:	f883 2034 	strb.w	r2, [r3, #52]	@ 0x34
1000575c:	f893 2035 	ldrb.w	r2, [r3, #53]	@ 0x35
10005760:	f022 0201 	bic.w	r2, r2, #1
10005764:	f883 2035 	strb.w	r2, [r3, #53]	@ 0x35
10005768:	f893 2035 	ldrb.w	r2, [r3, #53]	@ 0x35
1000576c:	f022 0204 	bic.w	r2, r2, #4
10005770:	f883 2035 	strb.w	r2, [r3, #53]	@ 0x35
10005774:	a902      	add	r1, sp, #8
10005776:	f89d 0004 	ldrb.w	r0, [sp, #4]
1000577a:	f7ff fd81 	bl	10005280 <process_control_request>
1000577e:	2800      	cmp	r0, #0
10005780:	d18f      	bne.n	100056a2 <tud_task_ext+0x1e>
10005782:	2100      	movs	r1, #0
10005784:	f89d 0004 	ldrb.w	r0, [sp, #4]
10005788:	f7ff f934 	bl	100049f4 <dcd_edpt_stall>
1000578c:	2180      	movs	r1, #128	@ 0x80
1000578e:	f89d 0004 	ldrb.w	r0, [sp, #4]
10005792:	f7ff f92f 	bl	100049f4 <dcd_edpt_stall>
10005796:	e784      	b.n	100056a2 <tud_task_ext+0x1e>
10005798:	f240 2265 	movw	r2, #613	@ 0x265
1000579c:	4948      	ldr	r1, [pc, #288]	@ (100058c0 <tud_task_ext+0x23c>)
1000579e:	4849      	ldr	r0, [pc, #292]	@ (100058c4 <tud_task_ext+0x240>)
100057a0:	f7fe fc88 	bl	100040b4 <__wrap_printf>
100057a4:	f04f 23e0 	mov.w	r3, #3758153728	@ 0xe000e000
100057a8:	f8d3 3df0 	ldr.w	r3, [r3, #3568]	@ 0xdf0
100057ac:	f013 0f01 	tst.w	r3, #1
100057b0:	f43f af6d 	beq.w	1000568e <tud_task_ext+0xa>
100057b4:	be00      	bkpt	0x0000
100057b6:	e76a      	b.n	1000568e <tud_task_ext+0xa>
100057b8:	f89d 1008 	ldrb.w	r1, [sp, #8]
100057bc:	f001 007f 	and.w	r0, r1, #127	@ 0x7f
100057c0:	09cc      	lsrs	r4, r1, #7
100057c2:	4b3c      	ldr	r3, [pc, #240]	@ (100058b4 <tud_task_ext+0x230>)
100057c4:	eb03 0340 	add.w	r3, r3, r0, lsl #1
100057c8:	eb03 13d1 	add.w	r3, r3, r1, lsr #7
100057cc:	f893 2034 	ldrb.w	r2, [r3, #52]	@ 0x34
100057d0:	f022 0201 	bic.w	r2, r2, #1
100057d4:	f883 2034 	strb.w	r2, [r3, #52]	@ 0x34
100057d8:	f893 2034 	ldrb.w	r2, [r3, #52]	@ 0x34
100057dc:	f022 0204 	bic.w	r2, r2, #4
100057e0:	f883 2034 	strb.w	r2, [r3, #52]	@ 0x34
100057e4:	b1a8      	cbz	r0, 10005812 <tud_task_ext+0x18e>
100057e6:	4b33      	ldr	r3, [pc, #204]	@ (100058b4 <tud_task_ext+0x230>)
100057e8:	eb03 0340 	add.w	r3, r3, r0, lsl #1
100057ec:	4423      	add	r3, r4
100057ee:	7d1b      	ldrb	r3, [r3, #20]
100057f0:	4a35      	ldr	r2, [pc, #212]	@ (100058c8 <tud_task_ext+0x244>)
100057f2:	7812      	ldrb	r2, [r2, #0]
100057f4:	4293      	cmp	r3, r2
100057f6:	d214      	bcs.n	10005822 <tud_task_ext+0x19e>
100057f8:	4a34      	ldr	r2, [pc, #208]	@ (100058cc <tud_task_ext+0x248>)
100057fa:	6812      	ldr	r2, [r2, #0]
100057fc:	eb12 1343 	adds.w	r3, r2, r3, lsl #5
10005800:	d017      	beq.n	10005832 <tud_task_ext+0x1ae>
10005802:	699c      	ldr	r4, [r3, #24]
10005804:	9b03      	ldr	r3, [sp, #12]
10005806:	f89d 2009 	ldrb.w	r2, [sp, #9]
1000580a:	f89d 0004 	ldrb.w	r0, [sp, #4]
1000580e:	47a0      	blx	r4
10005810:	e747      	b.n	100056a2 <tud_task_ext+0x1e>
10005812:	9b03      	ldr	r3, [sp, #12]
10005814:	f89d 2009 	ldrb.w	r2, [sp, #9]
10005818:	f89d 0004 	ldrb.w	r0, [sp, #4]
1000581c:	f000 f91e 	bl	10005a5c <usbd_control_xfer_cb>
10005820:	e73f      	b.n	100056a2 <tud_task_ext+0x1e>
10005822:	1c50      	adds	r0, r2, #1
10005824:	4298      	cmp	r0, r3
10005826:	db04      	blt.n	10005832 <tud_task_ext+0x1ae>
10005828:	1a9b      	subs	r3, r3, r2
1000582a:	4a29      	ldr	r2, [pc, #164]	@ (100058d0 <tud_task_ext+0x24c>)
1000582c:	eb02 1343 	add.w	r3, r2, r3, lsl #5
10005830:	e7e7      	b.n	10005802 <tud_task_ext+0x17e>
10005832:	f44f 7224 	mov.w	r2, #656	@ 0x290
10005836:	4922      	ldr	r1, [pc, #136]	@ (100058c0 <tud_task_ext+0x23c>)
10005838:	4822      	ldr	r0, [pc, #136]	@ (100058c4 <tud_task_ext+0x240>)
1000583a:	f7fe fc3b 	bl	100040b4 <__wrap_printf>
1000583e:	f04f 23e0 	mov.w	r3, #3758153728	@ 0xe000e000
10005842:	f8d3 3df0 	ldr.w	r3, [r3, #3568]	@ 0xdf0
10005846:	f013 0f01 	tst.w	r3, #1
1000584a:	f43f af20 	beq.w	1000568e <tud_task_ext+0xa>
1000584e:	be00      	bkpt	0x0000
10005850:	e71d      	b.n	1000568e <tud_task_ext+0xa>
10005852:	4b18      	ldr	r3, [pc, #96]	@ (100058b4 <tud_task_ext+0x230>)
10005854:	781b      	ldrb	r3, [r3, #0]
10005856:	f013 0f01 	tst.w	r3, #1
1000585a:	f43f af22 	beq.w	100056a2 <tud_task_ext+0x1e>
1000585e:	4b15      	ldr	r3, [pc, #84]	@ (100058b4 <tud_task_ext+0x230>)
10005860:	7818      	ldrb	r0, [r3, #0]
10005862:	f3c0 00c0 	ubfx	r0, r0, #3, #1
10005866:	f7ff fb11 	bl	10004e8c <tud_suspend_cb>
1000586a:	e71a      	b.n	100056a2 <tud_task_ext+0x1e>
1000586c:	4b11      	ldr	r3, [pc, #68]	@ (100058b4 <tud_task_ext+0x230>)
1000586e:	781b      	ldrb	r3, [r3, #0]
10005870:	f013 0f01 	tst.w	r3, #1
10005874:	f43f af15 	beq.w	100056a2 <tud_task_ext+0x1e>
10005878:	f7ff fb09 	bl	10004e8e <tud_resume_cb>
1000587c:	e711      	b.n	100056a2 <tud_task_ext+0x1e>
1000587e:	9b02      	ldr	r3, [sp, #8]
10005880:	2b00      	cmp	r3, #0
10005882:	f43f af0e 	beq.w	100056a2 <tud_task_ext+0x1e>
10005886:	9803      	ldr	r0, [sp, #12]
10005888:	4798      	blx	r3
1000588a:	e70a      	b.n	100056a2 <tud_task_ext+0x1e>
1000588c:	4b09      	ldr	r3, [pc, #36]	@ (100058b4 <tud_task_ext+0x230>)
1000588e:	78db      	ldrb	r3, [r3, #3]
10005890:	f013 0f01 	tst.w	r3, #1
10005894:	f43f af05 	beq.w	100056a2 <tud_task_ext+0x1e>
10005898:	9802      	ldr	r0, [sp, #8]
1000589a:	f7ff fa74 	bl	10004d86 <tud_sof_cb>
1000589e:	e700      	b.n	100056a2 <tud_task_ext+0x1e>
100058a0:	f04f 23e0 	mov.w	r3, #3758153728	@ 0xe000e000
100058a4:	f8d3 3df0 	ldr.w	r3, [r3, #3568]	@ 0xdf0
100058a8:	f013 0f01 	tst.w	r3, #1
100058ac:	f43f aef9 	beq.w	100056a2 <tud_task_ext+0x1e>
100058b0:	be00      	bkpt	0x0000
100058b2:	e6f6      	b.n	100056a2 <tud_task_ext+0x1e>
100058b4:	20001e78 	.word	0x20001e78
100058b8:	20001ed0 	.word	0x20001ed0
100058bc:	200027b4 	.word	0x200027b4
100058c0:	1000c0d8 	.word	0x1000c0d8
100058c4:	1000b9e4 	.word	0x1000b9e4
100058c8:	200027af 	.word	0x200027af
100058cc:	20001ca8 	.word	0x20001ca8
100058d0:	1000c0f8 	.word	0x1000c0f8

100058d4 <status_stage_xact>:
100058d4:	b508      	push	{r3, lr}
100058d6:	f991 3000 	ldrsb.w	r3, [r1]
100058da:	2b00      	cmp	r3, #0
100058dc:	db05      	blt.n	100058ea <status_stage_xact+0x16>
100058de:	2180      	movs	r1, #128	@ 0x80
100058e0:	2300      	movs	r3, #0
100058e2:	461a      	mov	r2, r3
100058e4:	f7ff fc3a 	bl	1000515c <usbd_edpt_xfer>
100058e8:	bd08      	pop	{r3, pc}
100058ea:	2100      	movs	r1, #0
100058ec:	e7f8      	b.n	100058e0 <status_stage_xact+0xc>
	...

100058f0 <data_stage_xact>:
100058f0:	b5f8      	push	{r3, r4, r5, r6, r7, lr}
100058f2:	4607      	mov	r7, r0
100058f4:	4b13      	ldr	r3, [pc, #76]	@ (10005944 <data_stage_xact+0x54>)
100058f6:	899e      	ldrh	r6, [r3, #12]
100058f8:	89dd      	ldrh	r5, [r3, #14]
100058fa:	1b74      	subs	r4, r6, r5
100058fc:	b2a4      	uxth	r4, r4
100058fe:	2c40      	cmp	r4, #64	@ 0x40
10005900:	bf28      	it	cs
10005902:	2440      	movcs	r4, #64	@ 0x40
10005904:	f993 3000 	ldrsb.w	r3, [r3]
10005908:	2b00      	cmp	r3, #0
1000590a:	db08      	blt.n	1000591e <data_stage_xact+0x2e>
1000590c:	2100      	movs	r1, #0
1000590e:	42ae      	cmp	r6, r5
10005910:	d013      	beq.n	1000593a <data_stage_xact+0x4a>
10005912:	4a0d      	ldr	r2, [pc, #52]	@ (10005948 <data_stage_xact+0x58>)
10005914:	4623      	mov	r3, r4
10005916:	4638      	mov	r0, r7
10005918:	f7ff fc20 	bl	1000515c <usbd_edpt_xfer>
1000591c:	bdf8      	pop	{r3, r4, r5, r6, r7, pc}
1000591e:	42ae      	cmp	r6, r5
10005920:	d009      	beq.n	10005936 <data_stage_xact+0x46>
10005922:	4b08      	ldr	r3, [pc, #32]	@ (10005944 <data_stage_xact+0x54>)
10005924:	6899      	ldr	r1, [r3, #8]
10005926:	2c40      	cmp	r4, #64	@ 0x40
10005928:	d809      	bhi.n	1000593e <data_stage_xact+0x4e>
1000592a:	4622      	mov	r2, r4
1000592c:	4806      	ldr	r0, [pc, #24]	@ (10005948 <data_stage_xact+0x58>)
1000592e:	f003 ff81 	bl	10009834 <memcpy>
10005932:	2180      	movs	r1, #128	@ 0x80
10005934:	e7eb      	b.n	1000590e <data_stage_xact+0x1e>
10005936:	2180      	movs	r1, #128	@ 0x80
10005938:	e7e9      	b.n	1000590e <data_stage_xact+0x1e>
1000593a:	2200      	movs	r2, #0
1000593c:	e7ea      	b.n	10005914 <data_stage_xact+0x24>
1000593e:	2000      	movs	r0, #0
10005940:	e7ec      	b.n	1000591c <data_stage_xact+0x2c>
10005942:	bf00      	nop
10005944:	20001e38 	.word	0x20001e38
10005948:	20001df8 	.word	0x20001df8

1000594c <tud_control_status>:
1000594c:	b508      	push	{r3, lr}
1000594e:	4686      	mov	lr, r0
10005950:	460b      	mov	r3, r1
10005952:	4a07      	ldr	r2, [pc, #28]	@ (10005970 <tud_control_status+0x24>)
10005954:	4694      	mov	ip, r2
10005956:	6808      	ldr	r0, [r1, #0]
10005958:	6849      	ldr	r1, [r1, #4]
1000595a:	e8ac 0003 	stmia.w	ip!, {r0, r1}
1000595e:	2100      	movs	r1, #0
10005960:	6091      	str	r1, [r2, #8]
10005962:	81d1      	strh	r1, [r2, #14]
10005964:	8191      	strh	r1, [r2, #12]
10005966:	4619      	mov	r1, r3
10005968:	4670      	mov	r0, lr
1000596a:	f7ff ffb3 	bl	100058d4 <status_stage_xact>
1000596e:	bd08      	pop	{r3, pc}
10005970:	20001e38 	.word	0x20001e38

10005974 <tud_control_xfer>:
10005974:	b538      	push	{r3, r4, r5, lr}
10005976:	4605      	mov	r5, r0
10005978:	468c      	mov	ip, r1
1000597a:	4c26      	ldr	r4, [pc, #152]	@ (10005a14 <tud_control_xfer+0xa0>)
1000597c:	46a6      	mov	lr, r4
1000597e:	6808      	ldr	r0, [r1, #0]
10005980:	6849      	ldr	r1, [r1, #4]
10005982:	e8ae 0003 	stmia.w	lr!, {r0, r1}
10005986:	60a2      	str	r2, [r4, #8]
10005988:	2100      	movs	r1, #0
1000598a:	81e1      	strh	r1, [r4, #14]
1000598c:	f8bc 1006 	ldrh.w	r1, [ip, #6]
10005990:	428b      	cmp	r3, r1
10005992:	bf28      	it	cs
10005994:	460b      	movcs	r3, r1
10005996:	81a3      	strh	r3, [r4, #12]
10005998:	f8bc 1006 	ldrh.w	r1, [ip, #6]
1000599c:	b329      	cbz	r1, 100059ea <tud_control_xfer+0x76>
1000599e:	b103      	cbz	r3, 100059a2 <tud_control_xfer+0x2e>
100059a0:	b132      	cbz	r2, 100059b0 <tud_control_xfer+0x3c>
100059a2:	4628      	mov	r0, r5
100059a4:	f7ff ffa4 	bl	100058f0 <data_stage_xact>
100059a8:	4604      	mov	r4, r0
100059aa:	b180      	cbz	r0, 100059ce <tud_control_xfer+0x5a>
100059ac:	4620      	mov	r0, r4
100059ae:	bd38      	pop	{r3, r4, r5, pc}
100059b0:	2272      	movs	r2, #114	@ 0x72
100059b2:	4919      	ldr	r1, [pc, #100]	@ (10005a18 <tud_control_xfer+0xa4>)
100059b4:	4819      	ldr	r0, [pc, #100]	@ (10005a1c <tud_control_xfer+0xa8>)
100059b6:	f7fe fb7d 	bl	100040b4 <__wrap_printf>
100059ba:	f04f 23e0 	mov.w	r3, #3758153728	@ 0xe000e000
100059be:	f8d3 3df0 	ldr.w	r3, [r3, #3568]	@ 0xdf0
100059c2:	f013 0f01 	tst.w	r3, #1
100059c6:	d000      	beq.n	100059ca <tud_control_xfer+0x56>
100059c8:	be00      	bkpt	0x0000
100059ca:	2400      	movs	r4, #0
100059cc:	e7ee      	b.n	100059ac <tud_control_xfer+0x38>
100059ce:	2274      	movs	r2, #116	@ 0x74
100059d0:	4911      	ldr	r1, [pc, #68]	@ (10005a18 <tud_control_xfer+0xa4>)
100059d2:	4812      	ldr	r0, [pc, #72]	@ (10005a1c <tud_control_xfer+0xa8>)
100059d4:	f7fe fb6e 	bl	100040b4 <__wrap_printf>
100059d8:	f04f 23e0 	mov.w	r3, #3758153728	@ 0xe000e000
100059dc:	f8d3 3df0 	ldr.w	r3, [r3, #3568]	@ 0xdf0
100059e0:	f013 0f01 	tst.w	r3, #1
100059e4:	d0e2      	beq.n	100059ac <tud_control_xfer+0x38>
100059e6:	be00      	bkpt	0x0000
100059e8:	e7e0      	b.n	100059ac <tud_control_xfer+0x38>
100059ea:	4661      	mov	r1, ip
100059ec:	4628      	mov	r0, r5
100059ee:	f7ff ff71 	bl	100058d4 <status_stage_xact>
100059f2:	4604      	mov	r4, r0
100059f4:	2800      	cmp	r0, #0
100059f6:	d1d9      	bne.n	100059ac <tud_control_xfer+0x38>
100059f8:	2276      	movs	r2, #118	@ 0x76
100059fa:	4907      	ldr	r1, [pc, #28]	@ (10005a18 <tud_control_xfer+0xa4>)
100059fc:	4807      	ldr	r0, [pc, #28]	@ (10005a1c <tud_control_xfer+0xa8>)
100059fe:	f7fe fb59 	bl	100040b4 <__wrap_printf>
10005a02:	f04f 23e0 	mov.w	r3, #3758153728	@ 0xe000e000
10005a06:	f8d3 3df0 	ldr.w	r3, [r3, #3568]	@ 0xdf0
10005a0a:	f013 0f01 	tst.w	r3, #1
10005a0e:	d0cd      	beq.n	100059ac <tud_control_xfer+0x38>
10005a10:	be00      	bkpt	0x0000
10005a12:	e7cb      	b.n	100059ac <tud_control_xfer+0x38>
10005a14:	20001e38 	.word	0x20001e38
10005a18:	1000c150 	.word	0x1000c150
10005a1c:	1000b9e4 	.word	0x1000b9e4

10005a20 <usbd_control_reset>:
10005a20:	4b03      	ldr	r3, [pc, #12]	@ (10005a30 <usbd_control_reset+0x10>)
10005a22:	2200      	movs	r2, #0
10005a24:	601a      	str	r2, [r3, #0]
10005a26:	605a      	str	r2, [r3, #4]
10005a28:	609a      	str	r2, [r3, #8]
10005a2a:	60da      	str	r2, [r3, #12]
10005a2c:	611a      	str	r2, [r3, #16]
10005a2e:	4770      	bx	lr
10005a30:	20001e38 	.word	0x20001e38

10005a34 <usbd_control_set_complete_callback>:
10005a34:	4b01      	ldr	r3, [pc, #4]	@ (10005a3c <usbd_control_set_complete_callback+0x8>)
10005a36:	6118      	str	r0, [r3, #16]
10005a38:	4770      	bx	lr
10005a3a:	bf00      	nop
10005a3c:	20001e38 	.word	0x20001e38

10005a40 <usbd_control_set_request>:
10005a40:	4601      	mov	r1, r0
10005a42:	4b05      	ldr	r3, [pc, #20]	@ (10005a58 <usbd_control_set_request+0x18>)
10005a44:	461a      	mov	r2, r3
10005a46:	6800      	ldr	r0, [r0, #0]
10005a48:	6849      	ldr	r1, [r1, #4]
10005a4a:	c203      	stmia	r2!, {r0, r1}
10005a4c:	2200      	movs	r2, #0
10005a4e:	609a      	str	r2, [r3, #8]
10005a50:	81da      	strh	r2, [r3, #14]
10005a52:	819a      	strh	r2, [r3, #12]
10005a54:	4770      	bx	lr
10005a56:	bf00      	nop
10005a58:	20001e38 	.word	0x20001e38

10005a5c <usbd_control_xfer_cb>:
10005a5c:	b538      	push	{r3, r4, r5, lr}
10005a5e:	4605      	mov	r5, r0
10005a60:	461c      	mov	r4, r3
10005a62:	4b3d      	ldr	r3, [pc, #244]	@ (10005b58 <usbd_control_xfer_cb+0xfc>)
10005a64:	781b      	ldrb	r3, [r3, #0]
10005a66:	09db      	lsrs	r3, r3, #7
10005a68:	ebb3 1fd1 	cmp.w	r3, r1, lsr #7
10005a6c:	d01c      	beq.n	10005aa8 <usbd_control_xfer_cb+0x4c>
10005a6e:	b17c      	cbz	r4, 10005a90 <usbd_control_xfer_cb+0x34>
10005a70:	229d      	movs	r2, #157	@ 0x9d
10005a72:	493a      	ldr	r1, [pc, #232]	@ (10005b5c <usbd_control_xfer_cb+0x100>)
10005a74:	483a      	ldr	r0, [pc, #232]	@ (10005b60 <usbd_control_xfer_cb+0x104>)
10005a76:	f7fe fb1d 	bl	100040b4 <__wrap_printf>
10005a7a:	f04f 23e0 	mov.w	r3, #3758153728	@ 0xe000e000
10005a7e:	f8d3 3df0 	ldr.w	r3, [r3, #3568]	@ 0xdf0
10005a82:	f013 0f01 	tst.w	r3, #1
10005a86:	d000      	beq.n	10005a8a <usbd_control_xfer_cb+0x2e>
10005a88:	be00      	bkpt	0x0000
10005a8a:	2400      	movs	r4, #0
10005a8c:	4620      	mov	r0, r4
10005a8e:	bd38      	pop	{r3, r4, r5, pc}
10005a90:	4c31      	ldr	r4, [pc, #196]	@ (10005b58 <usbd_control_xfer_cb+0xfc>)
10005a92:	4621      	mov	r1, r4
10005a94:	f7fe ff72 	bl	1000497c <dcd_edpt0_status_complete>
10005a98:	6923      	ldr	r3, [r4, #16]
10005a9a:	b11b      	cbz	r3, 10005aa4 <usbd_control_xfer_cb+0x48>
10005a9c:	4622      	mov	r2, r4
10005a9e:	2103      	movs	r1, #3
10005aa0:	4628      	mov	r0, r5
10005aa2:	4798      	blx	r3
10005aa4:	2401      	movs	r4, #1
10005aa6:	e7f1      	b.n	10005a8c <usbd_control_xfer_cb+0x30>
10005aa8:	4b2b      	ldr	r3, [pc, #172]	@ (10005b58 <usbd_control_xfer_cb+0xfc>)
10005aaa:	f993 3000 	ldrsb.w	r3, [r3]
10005aae:	2b00      	cmp	r3, #0
10005ab0:	db07      	blt.n	10005ac2 <usbd_control_xfer_cb+0x66>
10005ab2:	4b29      	ldr	r3, [pc, #164]	@ (10005b58 <usbd_control_xfer_cb+0xfc>)
10005ab4:	6898      	ldr	r0, [r3, #8]
10005ab6:	2800      	cmp	r0, #0
10005ab8:	d04c      	beq.n	10005b54 <usbd_control_xfer_cb+0xf8>
10005aba:	4622      	mov	r2, r4
10005abc:	4929      	ldr	r1, [pc, #164]	@ (10005b64 <usbd_control_xfer_cb+0x108>)
10005abe:	f003 feb9 	bl	10009834 <memcpy>
10005ac2:	4a25      	ldr	r2, [pc, #148]	@ (10005b58 <usbd_control_xfer_cb+0xfc>)
10005ac4:	89d3      	ldrh	r3, [r2, #14]
10005ac6:	fa13 f384 	uxtah	r3, r3, r4
10005aca:	b29b      	uxth	r3, r3
10005acc:	81d3      	strh	r3, [r2, #14]
10005ace:	6891      	ldr	r1, [r2, #8]
10005ad0:	4421      	add	r1, r4
10005ad2:	6091      	str	r1, [r2, #8]
10005ad4:	88d2      	ldrh	r2, [r2, #6]
10005ad6:	4293      	cmp	r3, r2
10005ad8:	d001      	beq.n	10005ade <usbd_control_xfer_cb+0x82>
10005ada:	2c3f      	cmp	r4, #63	@ 0x3f
10005adc:	d826      	bhi.n	10005b2c <usbd_control_xfer_cb+0xd0>
10005ade:	4b1e      	ldr	r3, [pc, #120]	@ (10005b58 <usbd_control_xfer_cb+0xfc>)
10005ae0:	691b      	ldr	r3, [r3, #16]
10005ae2:	b123      	cbz	r3, 10005aee <usbd_control_xfer_cb+0x92>
10005ae4:	4a1c      	ldr	r2, [pc, #112]	@ (10005b58 <usbd_control_xfer_cb+0xfc>)
10005ae6:	2102      	movs	r1, #2
10005ae8:	4628      	mov	r0, r5
10005aea:	4798      	blx	r3
10005aec:	b1a0      	cbz	r0, 10005b18 <usbd_control_xfer_cb+0xbc>
10005aee:	491a      	ldr	r1, [pc, #104]	@ (10005b58 <usbd_control_xfer_cb+0xfc>)
10005af0:	4628      	mov	r0, r5
10005af2:	f7ff feef 	bl	100058d4 <status_stage_xact>
10005af6:	4604      	mov	r4, r0
10005af8:	2800      	cmp	r0, #0
10005afa:	d1c7      	bne.n	10005a8c <usbd_control_xfer_cb+0x30>
10005afc:	22c5      	movs	r2, #197	@ 0xc5
10005afe:	4917      	ldr	r1, [pc, #92]	@ (10005b5c <usbd_control_xfer_cb+0x100>)
10005b00:	4817      	ldr	r0, [pc, #92]	@ (10005b60 <usbd_control_xfer_cb+0x104>)
10005b02:	f7fe fad7 	bl	100040b4 <__wrap_printf>
10005b06:	f04f 23e0 	mov.w	r3, #3758153728	@ 0xe000e000
10005b0a:	f8d3 3df0 	ldr.w	r3, [r3, #3568]	@ 0xdf0
10005b0e:	f013 0f01 	tst.w	r3, #1
10005b12:	d0bb      	beq.n	10005a8c <usbd_control_xfer_cb+0x30>
10005b14:	be00      	bkpt	0x0000
10005b16:	e7b9      	b.n	10005a8c <usbd_control_xfer_cb+0x30>
10005b18:	2100      	movs	r1, #0
10005b1a:	4628      	mov	r0, r5
10005b1c:	f7fe ff6a 	bl	100049f4 <dcd_edpt_stall>
10005b20:	2180      	movs	r1, #128	@ 0x80
10005b22:	4628      	mov	r0, r5
10005b24:	f7fe ff66 	bl	100049f4 <dcd_edpt_stall>
10005b28:	2401      	movs	r4, #1
10005b2a:	e7af      	b.n	10005a8c <usbd_control_xfer_cb+0x30>
10005b2c:	4628      	mov	r0, r5
10005b2e:	f7ff fedf 	bl	100058f0 <data_stage_xact>
10005b32:	4604      	mov	r4, r0
10005b34:	2800      	cmp	r0, #0
10005b36:	d1a9      	bne.n	10005a8c <usbd_control_xfer_cb+0x30>
10005b38:	22cd      	movs	r2, #205	@ 0xcd
10005b3a:	4908      	ldr	r1, [pc, #32]	@ (10005b5c <usbd_control_xfer_cb+0x100>)
10005b3c:	4808      	ldr	r0, [pc, #32]	@ (10005b60 <usbd_control_xfer_cb+0x104>)
10005b3e:	f7fe fab9 	bl	100040b4 <__wrap_printf>
10005b42:	f04f 23e0 	mov.w	r3, #3758153728	@ 0xe000e000
10005b46:	f8d3 3df0 	ldr.w	r3, [r3, #3568]	@ 0xdf0
10005b4a:	f013 0f01 	tst.w	r3, #1
10005b4e:	d09d      	beq.n	10005a8c <usbd_control_xfer_cb+0x30>
10005b50:	be00      	bkpt	0x0000
10005b52:	e79b      	b.n	10005a8c <usbd_control_xfer_cb+0x30>
10005b54:	2400      	movs	r4, #0
10005b56:	e799      	b.n	10005a8c <usbd_control_xfer_cb+0x30>
10005b58:	20001e38 	.word	0x20001e38
10005b5c:	1000c138 	.word	0x1000c138
10005b60:	1000b9e4 	.word	0x1000b9e4
10005b64:	20001df8 	.word	0x20001df8

10005b68 <_prep_out_transaction>:
10005b68:	b570      	push	{r4, r5, r6, lr}
10005b6a:	4605      	mov	r5, r0
10005b6c:	f7ff f990 	bl	10004e90 <tud_mounted>
10005b70:	b910      	cbnz	r0, 10005b78 <_prep_out_transaction+0x10>
10005b72:	2400      	movs	r4, #0
10005b74:	4620      	mov	r0, r4
10005b76:	bd70      	pop	{r4, r5, r6, pc}
10005b78:	f7ff f994 	bl	10004ea4 <tud_suspended>
10005b7c:	4604      	mov	r4, r0
10005b7e:	2800      	cmp	r0, #0
10005b80:	d1f7      	bne.n	10005b72 <_prep_out_transaction+0xa>
10005b82:	4b1c      	ldr	r3, [pc, #112]	@ (10005bf4 <_prep_out_transaction+0x8c>)
10005b84:	22c8      	movs	r2, #200	@ 0xc8
10005b86:	fb02 3305 	mla	r3, r2, r5, r3
10005b8a:	78db      	ldrb	r3, [r3, #3]
10005b8c:	2b00      	cmp	r3, #0
10005b8e:	d0f0      	beq.n	10005b72 <_prep_out_transaction+0xa>
10005b90:	26c8      	movs	r6, #200	@ 0xc8
10005b92:	fb05 f606 	mul.w	r6, r5, r6
10005b96:	3610      	adds	r6, #16
10005b98:	4b16      	ldr	r3, [pc, #88]	@ (10005bf4 <_prep_out_transaction+0x8c>)
10005b9a:	441e      	add	r6, r3
10005b9c:	4630      	mov	r0, r6
10005b9e:	f001 f967 	bl	10006e70 <tu_fifo_remaining>
10005ba2:	283f      	cmp	r0, #63	@ 0x3f
10005ba4:	d9e6      	bls.n	10005b74 <_prep_out_transaction+0xc>
10005ba6:	4b13      	ldr	r3, [pc, #76]	@ (10005bf4 <_prep_out_transaction+0x8c>)
10005ba8:	22c8      	movs	r2, #200	@ 0xc8
10005baa:	fb02 3305 	mla	r3, r2, r5, r3
10005bae:	78d9      	ldrb	r1, [r3, #3]
10005bb0:	2000      	movs	r0, #0
10005bb2:	f7ff faab 	bl	1000510c <usbd_edpt_claim>
10005bb6:	b908      	cbnz	r0, 10005bbc <_prep_out_transaction+0x54>
10005bb8:	4604      	mov	r4, r0
10005bba:	e7db      	b.n	10005b74 <_prep_out_transaction+0xc>
10005bbc:	4630      	mov	r0, r6
10005bbe:	f001 f957 	bl	10006e70 <tu_fifo_remaining>
10005bc2:	283f      	cmp	r0, #63	@ 0x3f
10005bc4:	d90d      	bls.n	10005be2 <_prep_out_transaction+0x7a>
10005bc6:	490b      	ldr	r1, [pc, #44]	@ (10005bf4 <_prep_out_transaction+0x8c>)
10005bc8:	23c8      	movs	r3, #200	@ 0xc8
10005bca:	fb03 1105 	mla	r1, r3, r5, r1
10005bce:	2340      	movs	r3, #64	@ 0x40
10005bd0:	4a09      	ldr	r2, [pc, #36]	@ (10005bf8 <_prep_out_transaction+0x90>)
10005bd2:	eb02 12c5 	add.w	r2, r2, r5, lsl #7
10005bd6:	78c9      	ldrb	r1, [r1, #3]
10005bd8:	2000      	movs	r0, #0
10005bda:	f7ff fabf 	bl	1000515c <usbd_edpt_xfer>
10005bde:	4604      	mov	r4, r0
10005be0:	e7c8      	b.n	10005b74 <_prep_out_transaction+0xc>
10005be2:	4b04      	ldr	r3, [pc, #16]	@ (10005bf4 <_prep_out_transaction+0x8c>)
10005be4:	22c8      	movs	r2, #200	@ 0xc8
10005be6:	fb02 3305 	mla	r3, r2, r5, r3
10005bea:	78d9      	ldrb	r1, [r3, #3]
10005bec:	2000      	movs	r0, #0
10005bee:	f7ff faa1 	bl	10005134 <usbd_edpt_release>
10005bf2:	e7bf      	b.n	10005b74 <_prep_out_transaction+0xc>
10005bf4:	20001d30 	.word	0x20001d30
10005bf8:	20001cac 	.word	0x20001cac

10005bfc <tud_cdc_n_connected>:
10005bfc:	b510      	push	{r4, lr}
10005bfe:	4604      	mov	r4, r0
10005c00:	f7ff f946 	bl	10004e90 <tud_mounted>
10005c04:	b908      	cbnz	r0, 10005c0a <tud_cdc_n_connected+0xe>
10005c06:	2000      	movs	r0, #0
10005c08:	bd10      	pop	{r4, pc}
10005c0a:	f7ff f94b 	bl	10004ea4 <tud_suspended>
10005c0e:	b948      	cbnz	r0, 10005c24 <tud_cdc_n_connected+0x28>
10005c10:	4b06      	ldr	r3, [pc, #24]	@ (10005c2c <tud_cdc_n_connected+0x30>)
10005c12:	22c8      	movs	r2, #200	@ 0xc8
10005c14:	fb02 3304 	mla	r3, r2, r4, r3
10005c18:	791b      	ldrb	r3, [r3, #4]
10005c1a:	f013 0f01 	tst.w	r3, #1
10005c1e:	d003      	beq.n	10005c28 <tud_cdc_n_connected+0x2c>
10005c20:	2001      	movs	r0, #1
10005c22:	e7f1      	b.n	10005c08 <tud_cdc_n_connected+0xc>
10005c24:	2000      	movs	r0, #0
10005c26:	e7ef      	b.n	10005c08 <tud_cdc_n_connected+0xc>
10005c28:	2000      	movs	r0, #0
10005c2a:	e7ed      	b.n	10005c08 <tud_cdc_n_connected+0xc>
10005c2c:	20001d30 	.word	0x20001d30

10005c30 <tud_cdc_n_available>:
10005c30:	b508      	push	{r3, lr}
10005c32:	23c8      	movs	r3, #200	@ 0xc8
10005c34:	fb03 f000 	mul.w	r0, r3, r0
10005c38:	3010      	adds	r0, #16
10005c3a:	4b02      	ldr	r3, [pc, #8]	@ (10005c44 <tud_cdc_n_available+0x14>)
10005c3c:	4418      	add	r0, r3
10005c3e:	f001 f8e6 	bl	10006e0e <tu_fifo_count>
10005c42:	bd08      	pop	{r3, pc}
10005c44:	20001d30 	.word	0x20001d30

10005c48 <tud_cdc_n_read>:
10005c48:	b538      	push	{r3, r4, r5, lr}
10005c4a:	4604      	mov	r4, r0
10005c4c:	23c8      	movs	r3, #200	@ 0xc8
10005c4e:	fb00 f303 	mul.w	r3, r0, r3
10005c52:	3310      	adds	r3, #16
10005c54:	4808      	ldr	r0, [pc, #32]	@ (10005c78 <tud_cdc_n_read+0x30>)
10005c56:	4418      	add	r0, r3
10005c58:	f64f 73fe 	movw	r3, #65534	@ 0xfffe
10005c5c:	429a      	cmp	r2, r3
10005c5e:	d808      	bhi.n	10005c72 <tud_cdc_n_read+0x2a>
10005c60:	b292      	uxth	r2, r2
10005c62:	f001 f93a 	bl	10006eda <tu_fifo_read_n>
10005c66:	4605      	mov	r5, r0
10005c68:	4620      	mov	r0, r4
10005c6a:	f7ff ff7d 	bl	10005b68 <_prep_out_transaction>
10005c6e:	4628      	mov	r0, r5
10005c70:	bd38      	pop	{r3, r4, r5, pc}
10005c72:	f64f 72ff 	movw	r2, #65535	@ 0xffff
10005c76:	e7f4      	b.n	10005c62 <tud_cdc_n_read+0x1a>
10005c78:	20001d30 	.word	0x20001d30

10005c7c <tud_cdc_n_write_flush>:
10005c7c:	b570      	push	{r4, r5, r6, lr}
10005c7e:	4605      	mov	r5, r0
10005c80:	f7ff f906 	bl	10004e90 <tud_mounted>
10005c84:	b908      	cbnz	r0, 10005c8a <tud_cdc_n_write_flush+0xe>
10005c86:	2000      	movs	r0, #0
10005c88:	bd70      	pop	{r4, r5, r6, pc}
10005c8a:	f7ff f90b 	bl	10004ea4 <tud_suspended>
10005c8e:	2800      	cmp	r0, #0
10005c90:	d1f9      	bne.n	10005c86 <tud_cdc_n_write_flush+0xa>
10005c92:	24c8      	movs	r4, #200	@ 0xc8
10005c94:	fb05 f404 	mul.w	r4, r5, r4
10005c98:	3420      	adds	r4, #32
10005c9a:	4b22      	ldr	r3, [pc, #136]	@ (10005d24 <tud_cdc_n_write_flush+0xa8>)
10005c9c:	441c      	add	r4, r3
10005c9e:	3404      	adds	r4, #4
10005ca0:	4620      	mov	r0, r4
10005ca2:	f001 f8b4 	bl	10006e0e <tu_fifo_count>
10005ca6:	b908      	cbnz	r0, 10005cac <tud_cdc_n_write_flush+0x30>
10005ca8:	2000      	movs	r0, #0
10005caa:	e7ed      	b.n	10005c88 <tud_cdc_n_write_flush+0xc>
10005cac:	4b1d      	ldr	r3, [pc, #116]	@ (10005d24 <tud_cdc_n_write_flush+0xa8>)
10005cae:	22c8      	movs	r2, #200	@ 0xc8
10005cb0:	fb02 3305 	mla	r3, r2, r5, r3
10005cb4:	7899      	ldrb	r1, [r3, #2]
10005cb6:	2000      	movs	r0, #0
10005cb8:	f7ff fa28 	bl	1000510c <usbd_edpt_claim>
10005cbc:	b908      	cbnz	r0, 10005cc2 <tud_cdc_n_write_flush+0x46>
10005cbe:	2000      	movs	r0, #0
10005cc0:	e7e2      	b.n	10005c88 <tud_cdc_n_write_flush+0xc>
10005cc2:	01ee      	lsls	r6, r5, #7
10005cc4:	3640      	adds	r6, #64	@ 0x40
10005cc6:	4b18      	ldr	r3, [pc, #96]	@ (10005d28 <tud_cdc_n_write_flush+0xac>)
10005cc8:	441e      	add	r6, r3
10005cca:	2240      	movs	r2, #64	@ 0x40
10005ccc:	4631      	mov	r1, r6
10005cce:	4620      	mov	r0, r4
10005cd0:	f001 f903 	bl	10006eda <tu_fifo_read_n>
10005cd4:	4604      	mov	r4, r0
10005cd6:	b1d8      	cbz	r0, 10005d10 <tud_cdc_n_write_flush+0x94>
10005cd8:	4912      	ldr	r1, [pc, #72]	@ (10005d24 <tud_cdc_n_write_flush+0xa8>)
10005cda:	23c8      	movs	r3, #200	@ 0xc8
10005cdc:	fb03 1105 	mla	r1, r3, r5, r1
10005ce0:	4603      	mov	r3, r0
10005ce2:	4632      	mov	r2, r6
10005ce4:	7889      	ldrb	r1, [r1, #2]
10005ce6:	2000      	movs	r0, #0
10005ce8:	f7ff fa38 	bl	1000515c <usbd_edpt_xfer>
10005cec:	b108      	cbz	r0, 10005cf2 <tud_cdc_n_write_flush+0x76>
10005cee:	4620      	mov	r0, r4
10005cf0:	e7ca      	b.n	10005c88 <tud_cdc_n_write_flush+0xc>
10005cf2:	22d5      	movs	r2, #213	@ 0xd5
10005cf4:	490d      	ldr	r1, [pc, #52]	@ (10005d2c <tud_cdc_n_write_flush+0xb0>)
10005cf6:	480e      	ldr	r0, [pc, #56]	@ (10005d30 <tud_cdc_n_write_flush+0xb4>)
10005cf8:	f7fe f9dc 	bl	100040b4 <__wrap_printf>
10005cfc:	f04f 23e0 	mov.w	r3, #3758153728	@ 0xe000e000
10005d00:	f8d3 3df0 	ldr.w	r3, [r3, #3568]	@ 0xdf0
10005d04:	f013 0f01 	tst.w	r3, #1
10005d08:	d000      	beq.n	10005d0c <tud_cdc_n_write_flush+0x90>
10005d0a:	be00      	bkpt	0x0000
10005d0c:	2000      	movs	r0, #0
10005d0e:	e7bb      	b.n	10005c88 <tud_cdc_n_write_flush+0xc>
10005d10:	4b04      	ldr	r3, [pc, #16]	@ (10005d24 <tud_cdc_n_write_flush+0xa8>)
10005d12:	22c8      	movs	r2, #200	@ 0xc8
10005d14:	fb02 3305 	mla	r3, r2, r5, r3
10005d18:	7899      	ldrb	r1, [r3, #2]
10005d1a:	2000      	movs	r0, #0
10005d1c:	f7ff fa0a 	bl	10005134 <usbd_edpt_release>
10005d20:	2000      	movs	r0, #0
10005d22:	e7b1      	b.n	10005c88 <tud_cdc_n_write_flush+0xc>
10005d24:	20001d30 	.word	0x20001d30
10005d28:	20001cac 	.word	0x20001cac
10005d2c:	1000c180 	.word	0x1000c180
10005d30:	1000b9e4 	.word	0x1000b9e4

10005d34 <tud_cdc_n_write>:
10005d34:	b570      	push	{r4, r5, r6, lr}
10005d36:	4605      	mov	r5, r0
10005d38:	24c8      	movs	r4, #200	@ 0xc8
10005d3a:	fb00 f404 	mul.w	r4, r0, r4
10005d3e:	3420      	adds	r4, #32
10005d40:	4b0c      	ldr	r3, [pc, #48]	@ (10005d74 <tud_cdc_n_write+0x40>)
10005d42:	441c      	add	r4, r3
10005d44:	3404      	adds	r4, #4
10005d46:	f64f 73fe 	movw	r3, #65534	@ 0xfffe
10005d4a:	429a      	cmp	r2, r3
10005d4c:	d80b      	bhi.n	10005d66 <tud_cdc_n_write+0x32>
10005d4e:	b292      	uxth	r2, r2
10005d50:	4620      	mov	r0, r4
10005d52:	f001 f8f6 	bl	10006f42 <tu_fifo_write_n>
10005d56:	4606      	mov	r6, r0
10005d58:	4620      	mov	r0, r4
10005d5a:	f001 f858 	bl	10006e0e <tu_fifo_count>
10005d5e:	283f      	cmp	r0, #63	@ 0x3f
10005d60:	d804      	bhi.n	10005d6c <tud_cdc_n_write+0x38>
10005d62:	4630      	mov	r0, r6
10005d64:	bd70      	pop	{r4, r5, r6, pc}
10005d66:	f64f 72ff 	movw	r2, #65535	@ 0xffff
10005d6a:	e7f1      	b.n	10005d50 <tud_cdc_n_write+0x1c>
10005d6c:	4628      	mov	r0, r5
10005d6e:	f7ff ff85 	bl	10005c7c <tud_cdc_n_write_flush>
10005d72:	e7f6      	b.n	10005d62 <tud_cdc_n_write+0x2e>
10005d74:	20001d30 	.word	0x20001d30

10005d78 <tud_cdc_n_write_available>:
10005d78:	b508      	push	{r3, lr}
10005d7a:	23c8      	movs	r3, #200	@ 0xc8
10005d7c:	fb03 f000 	mul.w	r0, r3, r0
10005d80:	3020      	adds	r0, #32
10005d82:	4b03      	ldr	r3, [pc, #12]	@ (10005d90 <tud_cdc_n_write_available+0x18>)
10005d84:	4418      	add	r0, r3
10005d86:	3004      	adds	r0, #4
10005d88:	f001 f872 	bl	10006e70 <tu_fifo_remaining>
10005d8c:	bd08      	pop	{r3, pc}
10005d8e:	bf00      	nop
10005d90:	20001d30 	.word	0x20001d30

10005d94 <cdcd_init>:
10005d94:	e92d 43f0 	stmdb	sp!, {r4, r5, r6, r7, r8, r9, lr}
10005d98:	b083      	sub	sp, #12
10005d9a:	22c8      	movs	r2, #200	@ 0xc8
10005d9c:	2100      	movs	r1, #0
10005d9e:	4824      	ldr	r0, [pc, #144]	@ (10005e30 <cdcd_init+0x9c>)
10005da0:	f003 fc2e 	bl	10009600 <memset>
10005da4:	2500      	movs	r5, #0
10005da6:	4b23      	ldr	r3, [pc, #140]	@ (10005e34 <cdcd_init+0xa0>)
10005da8:	701d      	strb	r5, [r3, #0]
10005daa:	b115      	cbz	r5, 10005db2 <cdcd_init+0x1e>
10005dac:	b003      	add	sp, #12
10005dae:	e8bd 83f0 	ldmia.w	sp!, {r4, r5, r6, r7, r8, r9, pc}
10005db2:	4f1f      	ldr	r7, [pc, #124]	@ (10005e30 <cdcd_init+0x9c>)
10005db4:	24c8      	movs	r4, #200	@ 0xc8
10005db6:	fb05 f404 	mul.w	r4, r5, r4
10005dba:	193e      	adds	r6, r7, r4
10005dbc:	23ff      	movs	r3, #255	@ 0xff
10005dbe:	7173      	strb	r3, [r6, #5]
10005dc0:	f44f 33e1 	mov.w	r3, #115200	@ 0x1c200
10005dc4:	60b3      	str	r3, [r6, #8]
10005dc6:	f04f 0800 	mov.w	r8, #0
10005dca:	f886 800c 	strb.w	r8, [r6, #12]
10005dce:	f886 800d 	strb.w	r8, [r6, #13]
10005dd2:	2308      	movs	r3, #8
10005dd4:	73b3      	strb	r3, [r6, #14]
10005dd6:	f104 0138 	add.w	r1, r4, #56	@ 0x38
10005dda:	f104 0010 	add.w	r0, r4, #16
10005dde:	f8cd 8000 	str.w	r8, [sp]
10005de2:	2301      	movs	r3, #1
10005de4:	2240      	movs	r2, #64	@ 0x40
10005de6:	4439      	add	r1, r7
10005de8:	4438      	add	r0, r7
10005dea:	f000 ffdf 	bl	10006dac <tu_fifo_config>
10005dee:	f104 0178 	add.w	r1, r4, #120	@ 0x78
10005df2:	f104 0020 	add.w	r0, r4, #32
10005df6:	4438      	add	r0, r7
10005df8:	2301      	movs	r3, #1
10005dfa:	9300      	str	r3, [sp, #0]
10005dfc:	2240      	movs	r2, #64	@ 0x40
10005dfe:	4439      	add	r1, r7
10005e00:	3004      	adds	r0, #4
10005e02:	f000 ffd3 	bl	10006dac <tu_fifo_config>
10005e06:	f104 09b8 	add.w	r9, r4, #184	@ 0xb8
10005e0a:	44b9      	add	r9, r7
10005e0c:	4648      	mov	r0, r9
10005e0e:	f7fb fb39 	bl	10001484 <mutex_init>
10005e12:	34c0      	adds	r4, #192	@ 0xc0
10005e14:	443c      	add	r4, r7
10005e16:	4620      	mov	r0, r4
10005e18:	f7fb fb34 	bl	10001484 <mutex_init>
10005e1c:	f8c6 801c 	str.w	r8, [r6, #28]
10005e20:	f8c6 9020 	str.w	r9, [r6, #32]
10005e24:	6334      	str	r4, [r6, #48]	@ 0x30
10005e26:	f8c6 8034 	str.w	r8, [r6, #52]	@ 0x34
10005e2a:	3501      	adds	r5, #1
10005e2c:	b2ed      	uxtb	r5, r5
10005e2e:	e7bc      	b.n	10005daa <cdcd_init+0x16>
10005e30:	20001d30 	.word	0x20001d30
10005e34:	20001d2c 	.word	0x20001d2c

10005e38 <cdcd_deinit>:
10005e38:	2300      	movs	r3, #0
10005e3a:	b10b      	cbz	r3, 10005e40 <cdcd_deinit+0x8>
10005e3c:	2001      	movs	r0, #1
10005e3e:	4770      	bx	lr
10005e40:	469c      	mov	ip, r3
10005e42:	4a0c      	ldr	r2, [pc, #48]	@ (10005e74 <cdcd_deinit+0x3c>)
10005e44:	21c8      	movs	r1, #200	@ 0xc8
10005e46:	fb01 2203 	mla	r2, r1, r3, r2
10005e4a:	6a11      	ldr	r1, [r2, #32]
10005e4c:	6b10      	ldr	r0, [r2, #48]	@ 0x30
10005e4e:	b131      	cbz	r1, 10005e5e <cdcd_deinit+0x26>
10005e50:	4a08      	ldr	r2, [pc, #32]	@ (10005e74 <cdcd_deinit+0x3c>)
10005e52:	21c8      	movs	r1, #200	@ 0xc8
10005e54:	fb01 2203 	mla	r2, r1, r3, r2
10005e58:	2100      	movs	r1, #0
10005e5a:	61d1      	str	r1, [r2, #28]
10005e5c:	6211      	str	r1, [r2, #32]
10005e5e:	b130      	cbz	r0, 10005e6e <cdcd_deinit+0x36>
10005e60:	4a04      	ldr	r2, [pc, #16]	@ (10005e74 <cdcd_deinit+0x3c>)
10005e62:	21c8      	movs	r1, #200	@ 0xc8
10005e64:	fb01 220c 	mla	r2, r1, ip, r2
10005e68:	2100      	movs	r1, #0
10005e6a:	6311      	str	r1, [r2, #48]	@ 0x30
10005e6c:	6351      	str	r1, [r2, #52]	@ 0x34
10005e6e:	3301      	adds	r3, #1
10005e70:	b2db      	uxtb	r3, r3
10005e72:	e7e2      	b.n	10005e3a <cdcd_deinit+0x2>
10005e74:	20001d30 	.word	0x20001d30

10005e78 <cdcd_reset>:
10005e78:	b538      	push	{r3, r4, r5, lr}
10005e7a:	2400      	movs	r4, #0
10005e7c:	b104      	cbz	r4, 10005e80 <cdcd_reset+0x8>
10005e7e:	bd38      	pop	{r3, r4, r5, pc}
10005e80:	4625      	mov	r5, r4
10005e82:	23c8      	movs	r3, #200	@ 0xc8
10005e84:	fb04 f303 	mul.w	r3, r4, r3
10005e88:	4917      	ldr	r1, [pc, #92]	@ (10005ee8 <cdcd_reset+0x70>)
10005e8a:	1858      	adds	r0, r3, r1
10005e8c:	2200      	movs	r2, #0
10005e8e:	50ca      	str	r2, [r1, r3]
10005e90:	7102      	strb	r2, [r0, #4]
10005e92:	4b16      	ldr	r3, [pc, #88]	@ (10005eec <cdcd_reset+0x74>)
10005e94:	781b      	ldrb	r3, [r3, #0]
10005e96:	f013 0f01 	tst.w	r3, #1
10005e9a:	d011      	beq.n	10005ec0 <cdcd_reset+0x48>
10005e9c:	4b13      	ldr	r3, [pc, #76]	@ (10005eec <cdcd_reset+0x74>)
10005e9e:	781b      	ldrb	r3, [r3, #0]
10005ea0:	f013 0f02 	tst.w	r3, #2
10005ea4:	d015      	beq.n	10005ed2 <cdcd_reset+0x5a>
10005ea6:	23c8      	movs	r3, #200	@ 0xc8
10005ea8:	fb03 f005 	mul.w	r0, r3, r5
10005eac:	3020      	adds	r0, #32
10005eae:	4b0e      	ldr	r3, [pc, #56]	@ (10005ee8 <cdcd_reset+0x70>)
10005eb0:	4418      	add	r0, r3
10005eb2:	2101      	movs	r1, #1
10005eb4:	3004      	adds	r0, #4
10005eb6:	f001 f864 	bl	10006f82 <tu_fifo_set_overwritable>
10005eba:	3401      	adds	r4, #1
10005ebc:	b2e4      	uxtb	r4, r4
10005ebe:	e7dd      	b.n	10005e7c <cdcd_reset+0x4>
10005ec0:	23c8      	movs	r3, #200	@ 0xc8
10005ec2:	fb04 f303 	mul.w	r3, r4, r3
10005ec6:	3310      	adds	r3, #16
10005ec8:	4608      	mov	r0, r1
10005eca:	4418      	add	r0, r3
10005ecc:	f001 f83e 	bl	10006f4c <tu_fifo_clear>
10005ed0:	e7e4      	b.n	10005e9c <cdcd_reset+0x24>
10005ed2:	20c8      	movs	r0, #200	@ 0xc8
10005ed4:	fb05 f000 	mul.w	r0, r5, r0
10005ed8:	3020      	adds	r0, #32
10005eda:	4b03      	ldr	r3, [pc, #12]	@ (10005ee8 <cdcd_reset+0x70>)
10005edc:	4418      	add	r0, r3
10005ede:	3004      	adds	r0, #4
10005ee0:	f001 f834 	bl	10006f4c <tu_fifo_clear>
10005ee4:	e7df      	b.n	10005ea6 <cdcd_reset+0x2e>
10005ee6:	bf00      	nop
10005ee8:	20001d30 	.word	0x20001d30
10005eec:	20001d2c 	.word	0x20001d2c

10005ef0 <cdcd_open>:
10005ef0:	e92d 41f0 	stmdb	sp!, {r4, r5, r6, r7, r8, lr}
10005ef4:	b082      	sub	sp, #8
10005ef6:	794b      	ldrb	r3, [r1, #5]
10005ef8:	2b02      	cmp	r3, #2
10005efa:	d17d      	bne.n	10005ff8 <cdcd_open+0x108>
10005efc:	4606      	mov	r6, r0
10005efe:	798b      	ldrb	r3, [r1, #6]
10005f00:	2b02      	cmp	r3, #2
10005f02:	d17e      	bne.n	10006002 <cdcd_open+0x112>
10005f04:	2700      	movs	r7, #0
10005f06:	b13f      	cbz	r7, 10005f18 <cdcd_open+0x28>
10005f08:	b98f      	cbnz	r7, 10005f2e <cdcd_open+0x3e>
10005f0a:	788b      	ldrb	r3, [r1, #2]
10005f0c:	f888 3000 	strb.w	r3, [r8]
10005f10:	780b      	ldrb	r3, [r1, #0]
10005f12:	18cc      	adds	r4, r1, r3
10005f14:	2509      	movs	r5, #9
10005f16:	e01e      	b.n	10005f56 <cdcd_open+0x66>
10005f18:	20c8      	movs	r0, #200	@ 0xc8
10005f1a:	4b3b      	ldr	r3, [pc, #236]	@ (10006008 <cdcd_open+0x118>)
10005f1c:	fb00 3807 	mla	r8, r0, r7, r3
10005f20:	f898 3002 	ldrb.w	r3, [r8, #2]
10005f24:	2b00      	cmp	r3, #0
10005f26:	d0ef      	beq.n	10005f08 <cdcd_open+0x18>
10005f28:	3701      	adds	r7, #1
10005f2a:	b2ff      	uxtb	r7, r7
10005f2c:	e7eb      	b.n	10005f06 <cdcd_open+0x16>
10005f2e:	f240 1241 	movw	r2, #321	@ 0x141
10005f32:	4936      	ldr	r1, [pc, #216]	@ (1000600c <cdcd_open+0x11c>)
10005f34:	4836      	ldr	r0, [pc, #216]	@ (10006010 <cdcd_open+0x120>)
10005f36:	f7fe f8bd 	bl	100040b4 <__wrap_printf>
10005f3a:	f04f 23e0 	mov.w	r3, #3758153728	@ 0xe000e000
10005f3e:	f8d3 3df0 	ldr.w	r3, [r3, #3568]	@ 0xdf0
10005f42:	f013 0f01 	tst.w	r3, #1
10005f46:	d000      	beq.n	10005f4a <cdcd_open+0x5a>
10005f48:	be00      	bkpt	0x0000
10005f4a:	2500      	movs	r5, #0
10005f4c:	e055      	b.n	10005ffa <cdcd_open+0x10a>
10005f4e:	7823      	ldrb	r3, [r4, #0]
10005f50:	441d      	add	r5, r3
10005f52:	b2ad      	uxth	r5, r5
10005f54:	441c      	add	r4, r3
10005f56:	7863      	ldrb	r3, [r4, #1]
10005f58:	2b24      	cmp	r3, #36	@ 0x24
10005f5a:	d101      	bne.n	10005f60 <cdcd_open+0x70>
10005f5c:	4295      	cmp	r5, r2
10005f5e:	d9f6      	bls.n	10005f4e <cdcd_open+0x5e>
10005f60:	2b05      	cmp	r3, #5
10005f62:	d009      	beq.n	10005f78 <cdcd_open+0x88>
10005f64:	7863      	ldrb	r3, [r4, #1]
10005f66:	2b04      	cmp	r3, #4
10005f68:	d102      	bne.n	10005f70 <cdcd_open+0x80>
10005f6a:	7963      	ldrb	r3, [r4, #5]
10005f6c:	2b0a      	cmp	r3, #10
10005f6e:	d020      	beq.n	10005fb2 <cdcd_open+0xc2>
10005f70:	4638      	mov	r0, r7
10005f72:	f7ff fdf9 	bl	10005b68 <_prep_out_transaction>
10005f76:	e040      	b.n	10005ffa <cdcd_open+0x10a>
10005f78:	4621      	mov	r1, r4
10005f7a:	4630      	mov	r0, r6
10005f7c:	f7ff f836 	bl	10004fec <usbd_edpt_open>
10005f80:	b138      	cbz	r0, 10005f92 <cdcd_open+0xa2>
10005f82:	78a3      	ldrb	r3, [r4, #2]
10005f84:	f888 3001 	strb.w	r3, [r8, #1]
10005f88:	7823      	ldrb	r3, [r4, #0]
10005f8a:	441d      	add	r5, r3
10005f8c:	b2ad      	uxth	r5, r5
10005f8e:	441c      	add	r4, r3
10005f90:	e7e8      	b.n	10005f64 <cdcd_open+0x74>
10005f92:	f240 1253 	movw	r2, #339	@ 0x153
10005f96:	491d      	ldr	r1, [pc, #116]	@ (1000600c <cdcd_open+0x11c>)
10005f98:	481d      	ldr	r0, [pc, #116]	@ (10006010 <cdcd_open+0x120>)
10005f9a:	f7fe f88b 	bl	100040b4 <__wrap_printf>
10005f9e:	f04f 23e0 	mov.w	r3, #3758153728	@ 0xe000e000
10005fa2:	f8d3 3df0 	ldr.w	r3, [r3, #3568]	@ 0xdf0
10005fa6:	f013 0f01 	tst.w	r3, #1
10005faa:	d000      	beq.n	10005fae <cdcd_open+0xbe>
10005fac:	be00      	bkpt	0x0000
10005fae:	2500      	movs	r5, #0
10005fb0:	e023      	b.n	10005ffa <cdcd_open+0x10a>
10005fb2:	7821      	ldrb	r1, [r4, #0]
10005fb4:	440d      	add	r5, r1
10005fb6:	b2ad      	uxth	r5, r5
10005fb8:	f108 0302 	add.w	r3, r8, #2
10005fbc:	9301      	str	r3, [sp, #4]
10005fbe:	f108 0303 	add.w	r3, r8, #3
10005fc2:	9300      	str	r3, [sp, #0]
10005fc4:	2302      	movs	r3, #2
10005fc6:	461a      	mov	r2, r3
10005fc8:	4421      	add	r1, r4
10005fca:	4630      	mov	r0, r6
10005fcc:	f7ff f84c 	bl	10005068 <usbd_open_edpt_pair>
10005fd0:	b110      	cbz	r0, 10005fd8 <cdcd_open+0xe8>
10005fd2:	350e      	adds	r5, #14
10005fd4:	b2ad      	uxth	r5, r5
10005fd6:	e7cb      	b.n	10005f70 <cdcd_open+0x80>
10005fd8:	f44f 72b1 	mov.w	r2, #354	@ 0x162
10005fdc:	490b      	ldr	r1, [pc, #44]	@ (1000600c <cdcd_open+0x11c>)
10005fde:	480c      	ldr	r0, [pc, #48]	@ (10006010 <cdcd_open+0x120>)
10005fe0:	f7fe f868 	bl	100040b4 <__wrap_printf>
10005fe4:	f04f 23e0 	mov.w	r3, #3758153728	@ 0xe000e000
10005fe8:	f8d3 3df0 	ldr.w	r3, [r3, #3568]	@ 0xdf0
10005fec:	f013 0f01 	tst.w	r3, #1
10005ff0:	d000      	beq.n	10005ff4 <cdcd_open+0x104>
10005ff2:	be00      	bkpt	0x0000
10005ff4:	2500      	movs	r5, #0
10005ff6:	e000      	b.n	10005ffa <cdcd_open+0x10a>
10005ff8:	2500      	movs	r5, #0
10005ffa:	4628      	mov	r0, r5
10005ffc:	b002      	add	sp, #8
10005ffe:	e8bd 81f0 	ldmia.w	sp!, {r4, r5, r6, r7, r8, pc}
10006002:	2500      	movs	r5, #0
10006004:	e7f9      	b.n	10005ffa <cdcd_open+0x10a>
10006006:	bf00      	nop
10006008:	20001d30 	.word	0x20001d30
1000600c:	1000c174 	.word	0x1000c174
10006010:	1000b9e4 	.word	0x1000b9e4

10006014 <cdcd_control_xfer_cb>:
10006014:	7813      	ldrb	r3, [r2, #0]
10006016:	f003 0360 	and.w	r3, r3, #96	@ 0x60
1000601a:	2b20      	cmp	r3, #32
1000601c:	d176      	bne.n	1000610c <cdcd_control_xfer_cb+0xf8>
1000601e:	b570      	push	{r4, r5, r6, lr}
10006020:	4694      	mov	ip, r2
10006022:	2400      	movs	r4, #0
10006024:	b154      	cbz	r4, 1000603c <cdcd_control_xfer_cb+0x28>
10006026:	2c00      	cmp	r4, #0
10006028:	d172      	bne.n	10006110 <cdcd_control_xfer_cb+0xfc>
1000602a:	f89c 3001 	ldrb.w	r3, [ip, #1]
1000602e:	3b20      	subs	r3, #32
10006030:	2b03      	cmp	r3, #3
10006032:	d86f      	bhi.n	10006114 <cdcd_control_xfer_cb+0x100>
10006034:	e8df f003 	tbb	[pc, r3]
10006038:	56342810 	.word	0x56342810
1000603c:	23c8      	movs	r3, #200	@ 0xc8
1000603e:	fb04 f303 	mul.w	r3, r4, r3
10006042:	4a38      	ldr	r2, [pc, #224]	@ (10006124 <cdcd_control_xfer_cb+0x110>)
10006044:	eb03 0e02 	add.w	lr, r3, r2
10006048:	5cd2      	ldrb	r2, [r2, r3]
1000604a:	f8bc 3004 	ldrh.w	r3, [ip, #4]
1000604e:	429a      	cmp	r2, r3
10006050:	d0e9      	beq.n	10006026 <cdcd_control_xfer_cb+0x12>
10006052:	3401      	adds	r4, #1
10006054:	b2e4      	uxtb	r4, r4
10006056:	e7e5      	b.n	10006024 <cdcd_control_xfer_cb+0x10>
10006058:	2901      	cmp	r1, #1
1000605a:	d003      	beq.n	10006064 <cdcd_control_xfer_cb+0x50>
1000605c:	2903      	cmp	r1, #3
1000605e:	d009      	beq.n	10006074 <cdcd_control_xfer_cb+0x60>
10006060:	2001      	movs	r0, #1
10006062:	e056      	b.n	10006112 <cdcd_control_xfer_cb+0xfe>
10006064:	2307      	movs	r3, #7
10006066:	f10e 0208 	add.w	r2, lr, #8
1000606a:	4661      	mov	r1, ip
1000606c:	f7ff fc82 	bl	10005974 <tud_control_xfer>
10006070:	2001      	movs	r0, #1
10006072:	e04e      	b.n	10006112 <cdcd_control_xfer_cb+0xfe>
10006074:	4b2c      	ldr	r3, [pc, #176]	@ (10006128 <cdcd_control_xfer_cb+0x114>)
10006076:	2b00      	cmp	r3, #0
10006078:	d04e      	beq.n	10006118 <cdcd_control_xfer_cb+0x104>
1000607a:	f10e 0108 	add.w	r1, lr, #8
1000607e:	4620      	mov	r0, r4
10006080:	f7fe f896 	bl	100041b0 <tud_cdc_line_coding_cb>
10006084:	2001      	movs	r0, #1
10006086:	e044      	b.n	10006112 <cdcd_control_xfer_cb+0xfe>
10006088:	2901      	cmp	r1, #1
1000608a:	d001      	beq.n	10006090 <cdcd_control_xfer_cb+0x7c>
1000608c:	2001      	movs	r0, #1
1000608e:	e040      	b.n	10006112 <cdcd_control_xfer_cb+0xfe>
10006090:	2307      	movs	r3, #7
10006092:	f10e 0208 	add.w	r2, lr, #8
10006096:	4661      	mov	r1, ip
10006098:	f7ff fc6c 	bl	10005974 <tud_control_xfer>
1000609c:	2001      	movs	r0, #1
1000609e:	e038      	b.n	10006112 <cdcd_control_xfer_cb+0xfe>
100060a0:	2901      	cmp	r1, #1
100060a2:	d003      	beq.n	100060ac <cdcd_control_xfer_cb+0x98>
100060a4:	2903      	cmp	r1, #3
100060a6:	d006      	beq.n	100060b6 <cdcd_control_xfer_cb+0xa2>
100060a8:	2001      	movs	r0, #1
100060aa:	e032      	b.n	10006112 <cdcd_control_xfer_cb+0xfe>
100060ac:	4661      	mov	r1, ip
100060ae:	f7ff fc4d 	bl	1000594c <tud_control_status>
100060b2:	2001      	movs	r0, #1
100060b4:	e02d      	b.n	10006112 <cdcd_control_xfer_cb+0xfe>
100060b6:	f8bc 3002 	ldrh.w	r3, [ip, #2]
100060ba:	f003 0501 	and.w	r5, r3, #1
100060be:	f3c3 0640 	ubfx	r6, r3, #1, #1
100060c2:	f88e 3004 	strb.w	r3, [lr, #4]
100060c6:	f085 0101 	eor.w	r1, r5, #1
100060ca:	f10e 0024 	add.w	r0, lr, #36	@ 0x24
100060ce:	f000 ff58 	bl	10006f82 <tu_fifo_set_overwritable>
100060d2:	4b16      	ldr	r3, [pc, #88]	@ (1000612c <cdcd_control_xfer_cb+0x118>)
100060d4:	b313      	cbz	r3, 1000611c <cdcd_control_xfer_cb+0x108>
100060d6:	4632      	mov	r2, r6
100060d8:	4629      	mov	r1, r5
100060da:	4620      	mov	r0, r4
100060dc:	f3af 8000 	nop.w
100060e0:	2001      	movs	r0, #1
100060e2:	e016      	b.n	10006112 <cdcd_control_xfer_cb+0xfe>
100060e4:	2901      	cmp	r1, #1
100060e6:	d003      	beq.n	100060f0 <cdcd_control_xfer_cb+0xdc>
100060e8:	2903      	cmp	r1, #3
100060ea:	d006      	beq.n	100060fa <cdcd_control_xfer_cb+0xe6>
100060ec:	2001      	movs	r0, #1
100060ee:	e010      	b.n	10006112 <cdcd_control_xfer_cb+0xfe>
100060f0:	4661      	mov	r1, ip
100060f2:	f7ff fc2b 	bl	1000594c <tud_control_status>
100060f6:	2001      	movs	r0, #1
100060f8:	e00b      	b.n	10006112 <cdcd_control_xfer_cb+0xfe>
100060fa:	4b0d      	ldr	r3, [pc, #52]	@ (10006130 <cdcd_control_xfer_cb+0x11c>)
100060fc:	b183      	cbz	r3, 10006120 <cdcd_control_xfer_cb+0x10c>
100060fe:	f8bc 1002 	ldrh.w	r1, [ip, #2]
10006102:	4620      	mov	r0, r4
10006104:	f3af 8000 	nop.w
10006108:	2001      	movs	r0, #1
1000610a:	e002      	b.n	10006112 <cdcd_control_xfer_cb+0xfe>
1000610c:	2000      	movs	r0, #0
1000610e:	4770      	bx	lr
10006110:	2000      	movs	r0, #0
10006112:	bd70      	pop	{r4, r5, r6, pc}
10006114:	2000      	movs	r0, #0
10006116:	e7fc      	b.n	10006112 <cdcd_control_xfer_cb+0xfe>
10006118:	2001      	movs	r0, #1
1000611a:	e7fa      	b.n	10006112 <cdcd_control_xfer_cb+0xfe>
1000611c:	2001      	movs	r0, #1
1000611e:	e7f8      	b.n	10006112 <cdcd_control_xfer_cb+0xfe>
10006120:	2001      	movs	r0, #1
10006122:	e7f6      	b.n	10006112 <cdcd_control_xfer_cb+0xfe>
10006124:	20001d30 	.word	0x20001d30
10006128:	100041b1 	.word	0x100041b1
	...

10006134 <cdcd_xfer_cb>:
10006134:	e92d 4ff8 	stmdb	sp!, {r3, r4, r5, r6, r7, r8, r9, sl, fp, lr}
10006138:	4680      	mov	r8, r0
1000613a:	460d      	mov	r5, r1
1000613c:	461f      	mov	r7, r3
1000613e:	2400      	movs	r4, #0
10006140:	b15c      	cbz	r4, 1000615a <cdcd_xfer_cb+0x26>
10006142:	b9bc      	cbnz	r4, 10006174 <cdcd_xfer_cb+0x40>
10006144:	46a2      	mov	sl, r4
10006146:	78f3      	ldrb	r3, [r6, #3]
10006148:	42ab      	cmp	r3, r5
1000614a:	d023      	beq.n	10006194 <cdcd_xfer_cb+0x60>
1000614c:	78b3      	ldrb	r3, [r6, #2]
1000614e:	42ab      	cmp	r3, r5
10006150:	d055      	beq.n	100061fe <cdcd_xfer_cb+0xca>
10006152:	2401      	movs	r4, #1
10006154:	4620      	mov	r0, r4
10006156:	e8bd 8ff8 	ldmia.w	sp!, {r3, r4, r5, r6, r7, r8, r9, sl, fp, pc}
1000615a:	23c8      	movs	r3, #200	@ 0xc8
1000615c:	4e3c      	ldr	r6, [pc, #240]	@ (10006250 <cdcd_xfer_cb+0x11c>)
1000615e:	fb03 6604 	mla	r6, r3, r4, r6
10006162:	78f3      	ldrb	r3, [r6, #3]
10006164:	42ab      	cmp	r3, r5
10006166:	d0ec      	beq.n	10006142 <cdcd_xfer_cb+0xe>
10006168:	78b3      	ldrb	r3, [r6, #2]
1000616a:	42ab      	cmp	r3, r5
1000616c:	d0e9      	beq.n	10006142 <cdcd_xfer_cb+0xe>
1000616e:	3401      	adds	r4, #1
10006170:	b2e4      	uxtb	r4, r4
10006172:	e7e5      	b.n	10006140 <cdcd_xfer_cb+0xc>
10006174:	f44f 72e6 	mov.w	r2, #460	@ 0x1cc
10006178:	4936      	ldr	r1, [pc, #216]	@ (10006254 <cdcd_xfer_cb+0x120>)
1000617a:	4837      	ldr	r0, [pc, #220]	@ (10006258 <cdcd_xfer_cb+0x124>)
1000617c:	f7fd ff9a 	bl	100040b4 <__wrap_printf>
10006180:	f04f 23e0 	mov.w	r3, #3758153728	@ 0xe000e000
10006184:	f8d3 3df0 	ldr.w	r3, [r3, #3568]	@ 0xdf0
10006188:	f013 0f01 	tst.w	r3, #1
1000618c:	d000      	beq.n	10006190 <cdcd_xfer_cb+0x5c>
1000618e:	be00      	bkpt	0x0000
10006190:	2400      	movs	r4, #0
10006192:	e7df      	b.n	10006154 <cdcd_xfer_cb+0x20>
10006194:	f106 0b10 	add.w	fp, r6, #16
10006198:	b2ba      	uxth	r2, r7
1000619a:	4930      	ldr	r1, [pc, #192]	@ (1000625c <cdcd_xfer_cb+0x128>)
1000619c:	eb01 11c4 	add.w	r1, r1, r4, lsl #7
100061a0:	4658      	mov	r0, fp
100061a2:	f000 fece 	bl	10006f42 <tu_fifo_write_n>
100061a6:	4b2e      	ldr	r3, [pc, #184]	@ (10006260 <cdcd_xfer_cb+0x12c>)
100061a8:	b1db      	cbz	r3, 100061e2 <cdcd_xfer_cb+0xae>
100061aa:	7973      	ldrb	r3, [r6, #5]
100061ac:	2bff      	cmp	r3, #255	@ 0xff
100061ae:	d018      	beq.n	100061e2 <cdcd_xfer_cb+0xae>
100061b0:	f04f 0900 	mov.w	r9, #0
100061b4:	e001      	b.n	100061ba <cdcd_xfer_cb+0x86>
100061b6:	f109 0901 	add.w	r9, r9, #1
100061ba:	45b9      	cmp	r9, r7
100061bc:	d211      	bcs.n	100061e2 <cdcd_xfer_cb+0xae>
100061be:	7972      	ldrb	r2, [r6, #5]
100061c0:	4b26      	ldr	r3, [pc, #152]	@ (1000625c <cdcd_xfer_cb+0x128>)
100061c2:	eb03 13ca 	add.w	r3, r3, sl, lsl #7
100061c6:	f813 3009 	ldrb.w	r3, [r3, r9]
100061ca:	429a      	cmp	r2, r3
100061cc:	d1f3      	bne.n	100061b6 <cdcd_xfer_cb+0x82>
100061ce:	4658      	mov	r0, fp
100061d0:	f000 fe31 	bl	10006e36 <tu_fifo_empty>
100061d4:	2800      	cmp	r0, #0
100061d6:	d1ee      	bne.n	100061b6 <cdcd_xfer_cb+0x82>
100061d8:	7971      	ldrb	r1, [r6, #5]
100061da:	4620      	mov	r0, r4
100061dc:	f3af 8000 	nop.w
100061e0:	e7e9      	b.n	100061b6 <cdcd_xfer_cb+0x82>
100061e2:	4b20      	ldr	r3, [pc, #128]	@ (10006264 <cdcd_xfer_cb+0x130>)
100061e4:	b11b      	cbz	r3, 100061ee <cdcd_xfer_cb+0xba>
100061e6:	4658      	mov	r0, fp
100061e8:	f000 fe25 	bl	10006e36 <tu_fifo_empty>
100061ec:	b118      	cbz	r0, 100061f6 <cdcd_xfer_cb+0xc2>
100061ee:	4620      	mov	r0, r4
100061f0:	f7ff fcba 	bl	10005b68 <_prep_out_transaction>
100061f4:	e7aa      	b.n	1000614c <cdcd_xfer_cb+0x18>
100061f6:	4620      	mov	r0, r4
100061f8:	f3af 8000 	nop.w
100061fc:	e7f7      	b.n	100061ee <cdcd_xfer_cb+0xba>
100061fe:	4b1a      	ldr	r3, [pc, #104]	@ (10006268 <cdcd_xfer_cb+0x134>)
10006200:	b113      	cbz	r3, 10006208 <cdcd_xfer_cb+0xd4>
10006202:	4620      	mov	r0, r4
10006204:	f3af 8000 	nop.w
10006208:	4620      	mov	r0, r4
1000620a:	f7ff fd37 	bl	10005c7c <tud_cdc_n_write_flush>
1000620e:	b108      	cbz	r0, 10006214 <cdcd_xfer_cb+0xe0>
10006210:	2401      	movs	r4, #1
10006212:	e79f      	b.n	10006154 <cdcd_xfer_cb+0x20>
10006214:	f106 0024 	add.w	r0, r6, #36	@ 0x24
10006218:	f000 fdf9 	bl	10006e0e <tu_fifo_count>
1000621c:	b9a0      	cbnz	r0, 10006248 <cdcd_xfer_cb+0x114>
1000621e:	b1af      	cbz	r7, 1000624c <cdcd_xfer_cb+0x118>
10006220:	f017 0f3f 	tst.w	r7, #63	@ 0x3f
10006224:	d001      	beq.n	1000622a <cdcd_xfer_cb+0xf6>
10006226:	2401      	movs	r4, #1
10006228:	e794      	b.n	10006154 <cdcd_xfer_cb+0x20>
1000622a:	78b1      	ldrb	r1, [r6, #2]
1000622c:	4640      	mov	r0, r8
1000622e:	f7fe ff6d 	bl	1000510c <usbd_edpt_claim>
10006232:	4604      	mov	r4, r0
10006234:	b908      	cbnz	r0, 1000623a <cdcd_xfer_cb+0x106>
10006236:	2401      	movs	r4, #1
10006238:	e78c      	b.n	10006154 <cdcd_xfer_cb+0x20>
1000623a:	2300      	movs	r3, #0
1000623c:	461a      	mov	r2, r3
1000623e:	78b1      	ldrb	r1, [r6, #2]
10006240:	4640      	mov	r0, r8
10006242:	f7fe ff8b 	bl	1000515c <usbd_edpt_xfer>
10006246:	e785      	b.n	10006154 <cdcd_xfer_cb+0x20>
10006248:	2401      	movs	r4, #1
1000624a:	e783      	b.n	10006154 <cdcd_xfer_cb+0x20>
1000624c:	2401      	movs	r4, #1
1000624e:	e781      	b.n	10006154 <cdcd_xfer_cb+0x20>
10006250:	20001d30 	.word	0x20001d30
10006254:	1000c164 	.word	0x1000c164
10006258:	1000b9e4 	.word	0x1000b9e4
1000625c:	20001cac 	.word	0x20001cac
	...

1000626c <tud_vendor_n_mounted>:
1000626c:	b990      	cbnz	r0, 10006294 <tud_vendor_n_mounted+0x28>
1000626e:	4b0a      	ldr	r3, [pc, #40]	@ (10006298 <tud_vendor_n_mounted+0x2c>)
10006270:	f44f 7113 	mov.w	r1, #588	@ 0x24c
10006274:	fb01 3300 	mla	r3, r1, r0, r3
10006278:	f893 3129 	ldrb.w	r3, [r3, #297]	@ 0x129
1000627c:	b933      	cbnz	r3, 1000628c <tud_vendor_n_mounted+0x20>
1000627e:	4b06      	ldr	r3, [pc, #24]	@ (10006298 <tud_vendor_n_mounted+0x2c>)
10006280:	fb01 3300 	mla	r3, r1, r0, r3
10006284:	795b      	ldrb	r3, [r3, #5]
10006286:	b11b      	cbz	r3, 10006290 <tud_vendor_n_mounted+0x24>
10006288:	2001      	movs	r0, #1
1000628a:	4770      	bx	lr
1000628c:	2001      	movs	r0, #1
1000628e:	4770      	bx	lr
10006290:	2000      	movs	r0, #0
10006292:	4770      	bx	lr
10006294:	2000      	movs	r0, #0
10006296:	4770      	bx	lr
10006298:	20002020 	.word	0x20002020

1000629c <tud_vendor_n_write_flush>:
1000629c:	b108      	cbz	r0, 100062a2 <tud_vendor_n_write_flush+0x6>
1000629e:	2000      	movs	r0, #0
100062a0:	4770      	bx	lr
100062a2:	b508      	push	{r3, lr}
100062a4:	f44f 7213 	mov.w	r2, #588	@ 0x24c
100062a8:	4903      	ldr	r1, [pc, #12]	@ (100062b8 <tud_vendor_n_write_flush+0x1c>)
100062aa:	fb02 1100 	mla	r1, r2, r0, r1
100062ae:	3104      	adds	r1, #4
100062b0:	f000 fb2c 	bl	1000690c <tu_edpt_stream_write_xfer>
100062b4:	bd08      	pop	{r3, pc}
100062b6:	bf00      	nop
100062b8:	20002020 	.word	0x20002020

100062bc <vendord_init>:
100062bc:	e92d 47f0 	stmdb	sp!, {r4, r5, r6, r7, r8, r9, sl, lr}
100062c0:	b084      	sub	sp, #16
100062c2:	f44f 7213 	mov.w	r2, #588	@ 0x24c
100062c6:	2100      	movs	r1, #0
100062c8:	481e      	ldr	r0, [pc, #120]	@ (10006344 <vendord_init+0x88>)
100062ca:	f003 f999 	bl	10009600 <memset>
100062ce:	2400      	movs	r4, #0
100062d0:	b114      	cbz	r4, 100062d8 <vendord_init+0x1c>
100062d2:	b004      	add	sp, #16
100062d4:	e8bd 87f0 	ldmia.w	sp!, {r4, r5, r6, r7, r8, r9, sl, pc}
100062d8:	f44f 7513 	mov.w	r5, #588	@ 0x24c
100062dc:	fb04 f505 	mul.w	r5, r4, r5
100062e0:	f505 73a4 	add.w	r3, r5, #328	@ 0x148
100062e4:	4f17      	ldr	r7, [pc, #92]	@ (10006344 <vendord_init+0x88>)
100062e6:	443b      	add	r3, r7
100062e8:	3304      	adds	r3, #4
100062ea:	01e6      	lsls	r6, r4, #7
100062ec:	f8df a058 	ldr.w	sl, [pc, #88]	@ 10006348 <vendord_init+0x8c>
100062f0:	eb0a 12c4 	add.w	r2, sl, r4, lsl #7
100062f4:	f505 7094 	add.w	r0, r5, #296	@ 0x128
100062f8:	f04f 0940 	mov.w	r9, #64	@ 0x40
100062fc:	f8cd 900c 	str.w	r9, [sp, #12]
10006300:	9202      	str	r2, [sp, #8]
10006302:	f44f 7880 	mov.w	r8, #256	@ 0x100
10006306:	f8cd 8004 	str.w	r8, [sp, #4]
1000630a:	9300      	str	r3, [sp, #0]
1000630c:	2300      	movs	r3, #0
1000630e:	461a      	mov	r2, r3
10006310:	4619      	mov	r1, r3
10006312:	4438      	add	r0, r7
10006314:	f000 fa85 	bl	10006822 <tu_edpt_stream_init>
10006318:	f105 0320 	add.w	r3, r5, #32
1000631c:	443b      	add	r3, r7
1000631e:	3308      	adds	r3, #8
10006320:	444e      	add	r6, r9
10006322:	4456      	add	r6, sl
10006324:	19e8      	adds	r0, r5, r7
10006326:	f8cd 900c 	str.w	r9, [sp, #12]
1000632a:	9602      	str	r6, [sp, #8]
1000632c:	f8cd 8004 	str.w	r8, [sp, #4]
10006330:	9300      	str	r3, [sp, #0]
10006332:	2300      	movs	r3, #0
10006334:	2201      	movs	r2, #1
10006336:	4619      	mov	r1, r3
10006338:	3004      	adds	r0, #4
1000633a:	f000 fa72 	bl	10006822 <tu_edpt_stream_init>
1000633e:	3401      	adds	r4, #1
10006340:	b2e4      	uxtb	r4, r4
10006342:	e7c5      	b.n	100062d0 <vendord_init+0x14>
10006344:	20002020 	.word	0x20002020
10006348:	20001fa0 	.word	0x20001fa0

1000634c <vendord_deinit>:
1000634c:	b570      	push	{r4, r5, r6, lr}
1000634e:	2400      	movs	r4, #0
10006350:	b10c      	cbz	r4, 10006356 <vendord_deinit+0xa>
10006352:	2001      	movs	r0, #1
10006354:	bd70      	pop	{r4, r5, r6, pc}
10006356:	f44f 7513 	mov.w	r5, #588	@ 0x24c
1000635a:	fb04 f505 	mul.w	r5, r4, r5
1000635e:	f505 7094 	add.w	r0, r5, #296	@ 0x128
10006362:	4e05      	ldr	r6, [pc, #20]	@ (10006378 <vendord_deinit+0x2c>)
10006364:	4430      	add	r0, r6
10006366:	f000 fa86 	bl	10006876 <tu_edpt_stream_deinit>
1000636a:	19a8      	adds	r0, r5, r6
1000636c:	3004      	adds	r0, #4
1000636e:	f000 fa82 	bl	10006876 <tu_edpt_stream_deinit>
10006372:	3401      	adds	r4, #1
10006374:	b2e4      	uxtb	r4, r4
10006376:	e7eb      	b.n	10006350 <vendord_deinit+0x4>
10006378:	20002020 	.word	0x20002020

1000637c <vendord_reset>:
1000637c:	e92d 41f0 	stmdb	sp!, {r4, r5, r6, r7, r8, lr}
10006380:	2500      	movs	r5, #0
10006382:	b10d      	cbz	r5, 10006388 <vendord_reset+0xc>
10006384:	e8bd 81f0 	ldmia.w	sp!, {r4, r5, r6, r7, r8, pc}
10006388:	f44f 7413 	mov.w	r4, #588	@ 0x24c
1000638c:	fb05 f404 	mul.w	r4, r5, r4
10006390:	4e0b      	ldr	r6, [pc, #44]	@ (100063c0 <vendord_reset+0x44>)
10006392:	eb04 0806 	add.w	r8, r4, r6
10006396:	2700      	movs	r7, #0
10006398:	5537      	strb	r7, [r6, r4]
1000639a:	f504 7098 	add.w	r0, r4, #304	@ 0x130
1000639e:	4430      	add	r0, r6
100063a0:	f000 fdd4 	bl	10006f4c <tu_fifo_clear>
100063a4:	f104 0008 	add.w	r0, r4, #8
100063a8:	4430      	add	r0, r6
100063aa:	3004      	adds	r0, #4
100063ac:	f000 fdce 	bl	10006f4c <tu_fifo_clear>
100063b0:	f888 7129 	strb.w	r7, [r8, #297]	@ 0x129
100063b4:	f888 7005 	strb.w	r7, [r8, #5]
100063b8:	3501      	adds	r5, #1
100063ba:	b2ed      	uxtb	r5, r5
100063bc:	e7e1      	b.n	10006382 <vendord_reset+0x6>
100063be:	bf00      	nop
100063c0:	20002020 	.word	0x20002020

100063c4 <vendord_open>:
100063c4:	794b      	ldrb	r3, [r1, #5]
100063c6:	2bff      	cmp	r3, #255	@ 0xff
100063c8:	f040 8094 	bne.w	100064f4 <vendord_open+0x130>
100063cc:	e92d 47f0 	stmdb	sp!, {r4, r5, r6, r7, r8, r9, sl, lr}
100063d0:	4680      	mov	r8, r0
100063d2:	460f      	mov	r7, r1
100063d4:	780c      	ldrb	r4, [r1, #0]
100063d6:	440c      	add	r4, r1
100063d8:	18a5      	adds	r5, r4, r2
100063da:	2600      	movs	r6, #0
100063dc:	b116      	cbz	r6, 100063e4 <vendord_open+0x20>
100063de:	2000      	movs	r0, #0
100063e0:	e8bd 87f0 	ldmia.w	sp!, {r4, r5, r6, r7, r8, r9, sl, pc}
100063e4:	4630      	mov	r0, r6
100063e6:	f7ff ff41 	bl	1000626c <tud_vendor_n_mounted>
100063ea:	b110      	cbz	r0, 100063f2 <vendord_open+0x2e>
100063ec:	3601      	adds	r6, #1
100063ee:	b2f6      	uxtb	r6, r6
100063f0:	e7f4      	b.n	100063dc <vendord_open+0x18>
100063f2:	f44f 7313 	mov.w	r3, #588	@ 0x24c
100063f6:	fb06 f303 	mul.w	r3, r6, r3
100063fa:	4a3f      	ldr	r2, [pc, #252]	@ (100064f8 <vendord_open+0x134>)
100063fc:	eb03 0902 	add.w	r9, r3, r2
10006400:	78b9      	ldrb	r1, [r7, #2]
10006402:	54d1      	strb	r1, [r2, r3]
10006404:	e02a      	b.n	1000645c <vendord_open+0x98>
10006406:	42ac      	cmp	r4, r5
10006408:	d271      	bcs.n	100064ee <vendord_open+0x12a>
1000640a:	4621      	mov	r1, r4
1000640c:	4640      	mov	r0, r8
1000640e:	f7fe fded 	bl	10004fec <usbd_edpt_open>
10006412:	b370      	cbz	r0, 10006472 <vendord_open+0xae>
10006414:	3601      	adds	r6, #1
10006416:	b2f6      	uxtb	r6, r6
10006418:	78a3      	ldrb	r3, [r4, #2]
1000641a:	09db      	lsrs	r3, r3, #7
1000641c:	d138      	bne.n	10006490 <vendord_open+0xcc>
1000641e:	f509 7a94 	add.w	sl, r9, #296	@ 0x128
10006422:	f509 7098 	add.w	r0, r9, #304	@ 0x130
10006426:	f000 fd91 	bl	10006f4c <tu_fifo_clear>
1000642a:	78a3      	ldrb	r3, [r4, #2]
1000642c:	f889 3129 	strb.w	r3, [r9, #297]	@ 0x129
10006430:	88a3      	ldrh	r3, [r4, #4]
10006432:	f3c3 030a 	ubfx	r3, r3, #0, #11
10006436:	f5b3 7f00 	cmp.w	r3, #512	@ 0x200
1000643a:	bf14      	ite	ne
1000643c:	2300      	movne	r3, #0
1000643e:	2301      	moveq	r3, #1
10006440:	f899 2128 	ldrb.w	r2, [r9, #296]	@ 0x128
10006444:	f363 0241 	bfi	r2, r3, #1, #1
10006448:	f889 2128 	strb.w	r2, [r9, #296]	@ 0x128
1000644c:	4651      	mov	r1, sl
1000644e:	4640      	mov	r0, r8
10006450:	f000 faa8 	bl	100069a4 <tu_edpt_stream_read_xfer>
10006454:	2800      	cmp	r0, #0
10006456:	d03b      	beq.n	100064d0 <vendord_open+0x10c>
10006458:	7823      	ldrb	r3, [r4, #0]
1000645a:	441c      	add	r4, r3
1000645c:	793b      	ldrb	r3, [r7, #4]
1000645e:	42b3      	cmp	r3, r6
10006460:	d945      	bls.n	100064ee <vendord_open+0x12a>
10006462:	7863      	ldrb	r3, [r4, #1]
10006464:	2b05      	cmp	r3, #5
10006466:	d0ce      	beq.n	10006406 <vendord_open+0x42>
10006468:	42ac      	cmp	r4, r5
1000646a:	d2cc      	bcs.n	10006406 <vendord_open+0x42>
1000646c:	7823      	ldrb	r3, [r4, #0]
1000646e:	441c      	add	r4, r3
10006470:	e7f7      	b.n	10006462 <vendord_open+0x9e>
10006472:	22e0      	movs	r2, #224	@ 0xe0
10006474:	4921      	ldr	r1, [pc, #132]	@ (100064fc <vendord_open+0x138>)
10006476:	4822      	ldr	r0, [pc, #136]	@ (10006500 <vendord_open+0x13c>)
10006478:	f7fd fe1c 	bl	100040b4 <__wrap_printf>
1000647c:	f04f 23e0 	mov.w	r3, #3758153728	@ 0xe000e000
10006480:	f8d3 3df0 	ldr.w	r3, [r3, #3568]	@ 0xdf0
10006484:	f013 0f01 	tst.w	r3, #1
10006488:	d000      	beq.n	1000648c <vendord_open+0xc8>
1000648a:	be00      	bkpt	0x0000
1000648c:	2000      	movs	r0, #0
1000648e:	e7a7      	b.n	100063e0 <vendord_open+0x1c>
10006490:	f109 000c 	add.w	r0, r9, #12
10006494:	f000 fd5a 	bl	10006f4c <tu_fifo_clear>
10006498:	78a3      	ldrb	r3, [r4, #2]
1000649a:	f889 3005 	strb.w	r3, [r9, #5]
1000649e:	88a3      	ldrh	r3, [r4, #4]
100064a0:	f3c3 030a 	ubfx	r3, r3, #0, #11
100064a4:	f5b3 7f00 	cmp.w	r3, #512	@ 0x200
100064a8:	bf14      	ite	ne
100064aa:	2300      	movne	r3, #0
100064ac:	2301      	moveq	r3, #1
100064ae:	f899 2004 	ldrb.w	r2, [r9, #4]
100064b2:	f363 0241 	bfi	r2, r3, #1, #1
100064b6:	f889 2004 	strb.w	r2, [r9, #4]
100064ba:	480f      	ldr	r0, [pc, #60]	@ (100064f8 <vendord_open+0x134>)
100064bc:	eba9 0000 	sub.w	r0, r9, r0
100064c0:	1080      	asrs	r0, r0, #2
100064c2:	4b10      	ldr	r3, [pc, #64]	@ (10006504 <vendord_open+0x140>)
100064c4:	fb03 f000 	mul.w	r0, r3, r0
100064c8:	b2c0      	uxtb	r0, r0
100064ca:	f7ff fee7 	bl	1000629c <tud_vendor_n_write_flush>
100064ce:	e7c3      	b.n	10006458 <vendord_open+0x94>
100064d0:	22e8      	movs	r2, #232	@ 0xe8
100064d2:	490a      	ldr	r1, [pc, #40]	@ (100064fc <vendord_open+0x138>)
100064d4:	480a      	ldr	r0, [pc, #40]	@ (10006500 <vendord_open+0x13c>)
100064d6:	f7fd fded 	bl	100040b4 <__wrap_printf>
100064da:	f04f 23e0 	mov.w	r3, #3758153728	@ 0xe000e000
100064de:	f8d3 3df0 	ldr.w	r3, [r3, #3568]	@ 0xdf0
100064e2:	f013 0f01 	tst.w	r3, #1
100064e6:	d000      	beq.n	100064ea <vendord_open+0x126>
100064e8:	be00      	bkpt	0x0000
100064ea:	2000      	movs	r0, #0
100064ec:	e778      	b.n	100063e0 <vendord_open+0x1c>
100064ee:	1be1      	subs	r1, r4, r7
100064f0:	b288      	uxth	r0, r1
100064f2:	e775      	b.n	100063e0 <vendord_open+0x1c>
100064f4:	2000      	movs	r0, #0
100064f6:	4770      	bx	lr
100064f8:	20002020 	.word	0x20002020
100064fc:	1000c198 	.word	0x1000c198
10006500:	1000b9e4 	.word	0x1000b9e4
10006504:	08b51d9b 	.word	0x08b51d9b

10006508 <vendord_xfer_cb>:
10006508:	e92d 41f0 	stmdb	sp!, {r4, r5, r6, r7, r8, lr}
1000650c:	4605      	mov	r5, r0
1000650e:	461f      	mov	r7, r3
10006510:	2400      	movs	r4, #0
10006512:	b15c      	cbz	r4, 1000652c <vendord_xfer_cb+0x24>
10006514:	2c00      	cmp	r4, #0
10006516:	d148      	bne.n	100065aa <vendord_xfer_cb+0xa2>
10006518:	46a0      	mov	r8, r4
1000651a:	f896 3129 	ldrb.w	r3, [r6, #297]	@ 0x129
1000651e:	428b      	cmp	r3, r1
10006520:	d013      	beq.n	1000654a <vendord_xfer_cb+0x42>
10006522:	7973      	ldrb	r3, [r6, #5]
10006524:	428b      	cmp	r3, r1
10006526:	d02b      	beq.n	10006580 <vendord_xfer_cb+0x78>
10006528:	2001      	movs	r0, #1
1000652a:	e03f      	b.n	100065ac <vendord_xfer_cb+0xa4>
1000652c:	f44f 7313 	mov.w	r3, #588	@ 0x24c
10006530:	4e1f      	ldr	r6, [pc, #124]	@ (100065b0 <vendord_xfer_cb+0xa8>)
10006532:	fb03 6604 	mla	r6, r3, r4, r6
10006536:	f896 3129 	ldrb.w	r3, [r6, #297]	@ 0x129
1000653a:	428b      	cmp	r3, r1
1000653c:	d0ea      	beq.n	10006514 <vendord_xfer_cb+0xc>
1000653e:	7973      	ldrb	r3, [r6, #5]
10006540:	428b      	cmp	r3, r1
10006542:	d0e7      	beq.n	10006514 <vendord_xfer_cb+0xc>
10006544:	3401      	adds	r4, #1
10006546:	b2e4      	uxtb	r4, r4
10006548:	e7e3      	b.n	10006512 <vendord_xfer_cb+0xa>
1000654a:	f8b6 3134 	ldrh.w	r3, [r6, #308]	@ 0x134
1000654e:	b97b      	cbnz	r3, 10006570 <vendord_xfer_cb+0x68>
10006550:	4b18      	ldr	r3, [pc, #96]	@ (100065b4 <vendord_xfer_cb+0xac>)
10006552:	b133      	cbz	r3, 10006562 <vendord_xfer_cb+0x5a>
10006554:	b2ba      	uxth	r2, r7
10006556:	4918      	ldr	r1, [pc, #96]	@ (100065b8 <vendord_xfer_cb+0xb0>)
10006558:	eb01 11c8 	add.w	r1, r1, r8, lsl #7
1000655c:	4620      	mov	r0, r4
1000655e:	f3af 8000 	nop.w
10006562:	f506 7194 	add.w	r1, r6, #296	@ 0x128
10006566:	4628      	mov	r0, r5
10006568:	f000 fa1c 	bl	100069a4 <tu_edpt_stream_read_xfer>
1000656c:	2001      	movs	r0, #1
1000656e:	e01d      	b.n	100065ac <vendord_xfer_cb+0xa4>
10006570:	b2ba      	uxth	r2, r7
10006572:	f8d6 112c 	ldr.w	r1, [r6, #300]	@ 0x12c
10006576:	f506 7098 	add.w	r0, r6, #304	@ 0x130
1000657a:	f000 fce2 	bl	10006f42 <tu_fifo_write_n>
1000657e:	e7e7      	b.n	10006550 <vendord_xfer_cb+0x48>
10006580:	4b0e      	ldr	r3, [pc, #56]	@ (100065bc <vendord_xfer_cb+0xb4>)
10006582:	b11b      	cbz	r3, 1000658c <vendord_xfer_cb+0x84>
10006584:	b2b9      	uxth	r1, r7
10006586:	4620      	mov	r0, r4
10006588:	f3af 8000 	nop.w
1000658c:	3604      	adds	r6, #4
1000658e:	4631      	mov	r1, r6
10006590:	4628      	mov	r0, r5
10006592:	f000 f9bb 	bl	1000690c <tu_edpt_stream_write_xfer>
10006596:	b108      	cbz	r0, 1000659c <vendord_xfer_cb+0x94>
10006598:	2001      	movs	r0, #1
1000659a:	e007      	b.n	100065ac <vendord_xfer_cb+0xa4>
1000659c:	463a      	mov	r2, r7
1000659e:	4631      	mov	r1, r6
100065a0:	4628      	mov	r0, r5
100065a2:	f000 f96b 	bl	1000687c <tu_edpt_stream_write_zlp_if_needed>
100065a6:	2001      	movs	r0, #1
100065a8:	e000      	b.n	100065ac <vendord_xfer_cb+0xa4>
100065aa:	2000      	movs	r0, #0
100065ac:	e8bd 81f0 	ldmia.w	sp!, {r4, r5, r6, r7, r8, pc}
100065b0:	20002020 	.word	0x20002020
100065b4:	00000000 	.word	0x00000000
100065b8:	20001fa0 	.word	0x20001fa0
100065bc:	00000000 	.word	0x00000000

100065c0 <tusb_rhport_init>:
100065c0:	b510      	push	{r4, lr}
100065c2:	b082      	sub	sp, #8
100065c4:	b151      	cbz	r1, 100065dc <tusb_rhport_init+0x1c>
100065c6:	460a      	mov	r2, r1
100065c8:	2801      	cmp	r0, #1
100065ca:	d824      	bhi.n	10006616 <tusb_rhport_init+0x56>
100065cc:	780b      	ldrb	r3, [r1, #0]
100065ce:	b313      	cbz	r3, 10006616 <tusb_rhport_init+0x56>
100065d0:	4923      	ldr	r1, [pc, #140]	@ (10006660 <tusb_rhport_init+0xa0>)
100065d2:	540b      	strb	r3, [r1, r0]
100065d4:	2b01      	cmp	r3, #1
100065d6:	d02f      	beq.n	10006638 <tusb_rhport_init+0x78>
100065d8:	2401      	movs	r4, #1
100065da:	e02a      	b.n	10006632 <tusb_rhport_init+0x72>
100065dc:	2301      	movs	r3, #1
100065de:	f88d 3004 	strb.w	r3, [sp, #4]
100065e2:	2000      	movs	r0, #0
100065e4:	f88d 0005 	strb.w	r0, [sp, #5]
100065e8:	a901      	add	r1, sp, #4
100065ea:	f7fe fc6b 	bl	10004ec4 <tud_rhport_init>
100065ee:	4604      	mov	r4, r0
100065f0:	b118      	cbz	r0, 100065fa <tusb_rhport_init+0x3a>
100065f2:	4b1b      	ldr	r3, [pc, #108]	@ (10006660 <tusb_rhport_init+0xa0>)
100065f4:	2201      	movs	r2, #1
100065f6:	701a      	strb	r2, [r3, #0]
100065f8:	e01b      	b.n	10006632 <tusb_rhport_init+0x72>
100065fa:	2247      	movs	r2, #71	@ 0x47
100065fc:	4919      	ldr	r1, [pc, #100]	@ (10006664 <tusb_rhport_init+0xa4>)
100065fe:	481a      	ldr	r0, [pc, #104]	@ (10006668 <tusb_rhport_init+0xa8>)
10006600:	f7fd fd58 	bl	100040b4 <__wrap_printf>
10006604:	f04f 23e0 	mov.w	r3, #3758153728	@ 0xe000e000
10006608:	f8d3 3df0 	ldr.w	r3, [r3, #3568]	@ 0xdf0
1000660c:	f013 0f01 	tst.w	r3, #1
10006610:	d00f      	beq.n	10006632 <tusb_rhport_init+0x72>
10006612:	be00      	bkpt	0x0000
10006614:	e00d      	b.n	10006632 <tusb_rhport_init+0x72>
10006616:	225a      	movs	r2, #90	@ 0x5a
10006618:	4912      	ldr	r1, [pc, #72]	@ (10006664 <tusb_rhport_init+0xa4>)
1000661a:	4813      	ldr	r0, [pc, #76]	@ (10006668 <tusb_rhport_init+0xa8>)
1000661c:	f7fd fd4a 	bl	100040b4 <__wrap_printf>
10006620:	f04f 23e0 	mov.w	r3, #3758153728	@ 0xe000e000
10006624:	f8d3 3df0 	ldr.w	r3, [r3, #3568]	@ 0xdf0
10006628:	f013 0f01 	tst.w	r3, #1
1000662c:	d000      	beq.n	10006630 <tusb_rhport_init+0x70>
1000662e:	be00      	bkpt	0x0000
10006630:	2400      	movs	r4, #0
10006632:	4620      	mov	r0, r4
10006634:	b002      	add	sp, #8
10006636:	bd10      	pop	{r4, pc}
10006638:	4611      	mov	r1, r2
1000663a:	f7fe fc43 	bl	10004ec4 <tud_rhport_init>
1000663e:	4604      	mov	r4, r0
10006640:	2800      	cmp	r0, #0
10006642:	d1f6      	bne.n	10006632 <tusb_rhport_init+0x72>
10006644:	225f      	movs	r2, #95	@ 0x5f
10006646:	4907      	ldr	r1, [pc, #28]	@ (10006664 <tusb_rhport_init+0xa4>)
10006648:	4807      	ldr	r0, [pc, #28]	@ (10006668 <tusb_rhport_init+0xa8>)
1000664a:	f7fd fd33 	bl	100040b4 <__wrap_printf>
1000664e:	f04f 23e0 	mov.w	r3, #3758153728	@ 0xe000e000
10006652:	f8d3 3df0 	ldr.w	r3, [r3, #3568]	@ 0xdf0
10006656:	f013 0f01 	tst.w	r3, #1
1000665a:	d0ea      	beq.n	10006632 <tusb_rhport_init+0x72>
1000665c:	be00      	bkpt	0x0000
1000665e:	e7e8      	b.n	10006632 <tusb_rhport_init+0x72>
10006660:	20001e6c 	.word	0x20001e6c
10006664:	1000c218 	.word	0x1000c218
10006668:	1000b9e4 	.word	0x1000b9e4

1000666c <tu_edpt_claim>:
1000666c:	b570      	push	{r4, r5, r6, lr}
1000666e:	4604      	mov	r4, r0
10006670:	7803      	ldrb	r3, [r0, #0]
10006672:	f013 0001 	ands.w	r0, r3, #1
10006676:	d11f      	bne.n	100066b8 <tu_edpt_claim+0x4c>
10006678:	460d      	mov	r5, r1
1000667a:	7823      	ldrb	r3, [r4, #0]
1000667c:	f3c3 0680 	ubfx	r6, r3, #2, #1
10006680:	f013 0f04 	tst.w	r3, #4
10006684:	d119      	bne.n	100066ba <tu_edpt_claim+0x4e>
10006686:	f04f 31ff 	mov.w	r1, #4294967295
1000668a:	4628      	mov	r0, r5
1000668c:	f004 fc90 	bl	1000afb0 <__mutex_enter_timeout_ms_veneer>
10006690:	7823      	ldrb	r3, [r4, #0]
10006692:	f013 0301 	ands.w	r3, r3, #1
10006696:	d108      	bne.n	100066aa <tu_edpt_claim+0x3e>
10006698:	7822      	ldrb	r2, [r4, #0]
1000669a:	f012 0f04 	tst.w	r2, #4
1000669e:	d109      	bne.n	100066b4 <tu_edpt_claim+0x48>
100066a0:	7823      	ldrb	r3, [r4, #0]
100066a2:	f043 0304 	orr.w	r3, r3, #4
100066a6:	7023      	strb	r3, [r4, #0]
100066a8:	2601      	movs	r6, #1
100066aa:	4628      	mov	r0, r5
100066ac:	f004 fc94 	bl	1000afd8 <__mutex_exit_veneer>
100066b0:	4630      	mov	r0, r6
100066b2:	e002      	b.n	100066ba <tu_edpt_claim+0x4e>
100066b4:	461e      	mov	r6, r3
100066b6:	e7f8      	b.n	100066aa <tu_edpt_claim+0x3e>
100066b8:	2000      	movs	r0, #0
100066ba:	bd70      	pop	{r4, r5, r6, pc}

100066bc <tu_edpt_release>:
100066bc:	b570      	push	{r4, r5, r6, lr}
100066be:	4605      	mov	r5, r0
100066c0:	460c      	mov	r4, r1
100066c2:	f04f 31ff 	mov.w	r1, #4294967295
100066c6:	4620      	mov	r0, r4
100066c8:	f004 fc72 	bl	1000afb0 <__mutex_enter_timeout_ms_veneer>
100066cc:	782b      	ldrb	r3, [r5, #0]
100066ce:	f3c3 0680 	ubfx	r6, r3, #2, #1
100066d2:	f013 0f04 	tst.w	r3, #4
100066d6:	d104      	bne.n	100066e2 <tu_edpt_release+0x26>
100066d8:	4620      	mov	r0, r4
100066da:	f004 fc7d 	bl	1000afd8 <__mutex_exit_veneer>
100066de:	4630      	mov	r0, r6
100066e0:	bd70      	pop	{r4, r5, r6, pc}
100066e2:	782b      	ldrb	r3, [r5, #0]
100066e4:	f013 0f01 	tst.w	r3, #1
100066e8:	d104      	bne.n	100066f4 <tu_edpt_release+0x38>
100066ea:	782b      	ldrb	r3, [r5, #0]
100066ec:	f023 0304 	bic.w	r3, r3, #4
100066f0:	702b      	strb	r3, [r5, #0]
100066f2:	e7f1      	b.n	100066d8 <tu_edpt_release+0x1c>
100066f4:	2600      	movs	r6, #0
100066f6:	e7ef      	b.n	100066d8 <tu_edpt_release+0x1c>

100066f8 <tu_edpt_validate>:
100066f8:	b508      	push	{r3, lr}
100066fa:	8883      	ldrh	r3, [r0, #4]
100066fc:	f3c3 020a 	ubfx	r2, r3, #0, #11
10006700:	78c3      	ldrb	r3, [r0, #3]
10006702:	f003 0303 	and.w	r3, r3, #3
10006706:	2b02      	cmp	r3, #2
10006708:	d01d      	beq.n	10006746 <tu_edpt_validate+0x4e>
1000670a:	2b03      	cmp	r3, #3
1000670c:	d044      	beq.n	10006798 <tu_edpt_validate+0xa0>
1000670e:	2b01      	cmp	r3, #1
10006710:	d15b      	bne.n	100067ca <tu_edpt_validate+0xd2>
10006712:	2902      	cmp	r1, #2
10006714:	d005      	beq.n	10006722 <tu_edpt_validate+0x2a>
10006716:	f240 33ff 	movw	r3, #1023	@ 0x3ff
1000671a:	4293      	cmp	r3, r2
1000671c:	d304      	bcc.n	10006728 <tu_edpt_validate+0x30>
1000671e:	2001      	movs	r0, #1
10006720:	e054      	b.n	100067cc <tu_edpt_validate+0xd4>
10006722:	f44f 6380 	mov.w	r3, #1024	@ 0x400
10006726:	e7f8      	b.n	1000671a <tu_edpt_validate+0x22>
10006728:	22d1      	movs	r2, #209	@ 0xd1
1000672a:	4929      	ldr	r1, [pc, #164]	@ (100067d0 <tu_edpt_validate+0xd8>)
1000672c:	4829      	ldr	r0, [pc, #164]	@ (100067d4 <tu_edpt_validate+0xdc>)
1000672e:	f7fd fcc1 	bl	100040b4 <__wrap_printf>
10006732:	f04f 23e0 	mov.w	r3, #3758153728	@ 0xe000e000
10006736:	f8d3 3df0 	ldr.w	r3, [r3, #3568]	@ 0xdf0
1000673a:	f013 0f01 	tst.w	r3, #1
1000673e:	d000      	beq.n	10006742 <tu_edpt_validate+0x4a>
10006740:	be00      	bkpt	0x0000
10006742:	2000      	movs	r0, #0
10006744:	e042      	b.n	100067cc <tu_edpt_validate+0xd4>
10006746:	2902      	cmp	r1, #2
10006748:	d003      	beq.n	10006752 <tu_edpt_validate+0x5a>
1000674a:	2a40      	cmp	r2, #64	@ 0x40
1000674c:	d815      	bhi.n	1000677a <tu_edpt_validate+0x82>
1000674e:	2001      	movs	r0, #1
10006750:	e03c      	b.n	100067cc <tu_edpt_validate+0xd4>
10006752:	f5b2 7f00 	cmp.w	r2, #512	@ 0x200
10006756:	d101      	bne.n	1000675c <tu_edpt_validate+0x64>
10006758:	2001      	movs	r0, #1
1000675a:	e037      	b.n	100067cc <tu_edpt_validate+0xd4>
1000675c:	22d8      	movs	r2, #216	@ 0xd8
1000675e:	491c      	ldr	r1, [pc, #112]	@ (100067d0 <tu_edpt_validate+0xd8>)
10006760:	481c      	ldr	r0, [pc, #112]	@ (100067d4 <tu_edpt_validate+0xdc>)
10006762:	f7fd fca7 	bl	100040b4 <__wrap_printf>
10006766:	f04f 23e0 	mov.w	r3, #3758153728	@ 0xe000e000
1000676a:	f8d3 3df0 	ldr.w	r3, [r3, #3568]	@ 0xdf0
1000676e:	f013 0f01 	tst.w	r3, #1
10006772:	d000      	beq.n	10006776 <tu_edpt_validate+0x7e>
10006774:	be00      	bkpt	0x0000
10006776:	2000      	movs	r0, #0
10006778:	e028      	b.n	100067cc <tu_edpt_validate+0xd4>
1000677a:	22db      	movs	r2, #219	@ 0xdb
1000677c:	4914      	ldr	r1, [pc, #80]	@ (100067d0 <tu_edpt_validate+0xd8>)
1000677e:	4815      	ldr	r0, [pc, #84]	@ (100067d4 <tu_edpt_validate+0xdc>)
10006780:	f7fd fc98 	bl	100040b4 <__wrap_printf>
10006784:	f04f 23e0 	mov.w	r3, #3758153728	@ 0xe000e000
10006788:	f8d3 3df0 	ldr.w	r3, [r3, #3568]	@ 0xdf0
1000678c:	f013 0f01 	tst.w	r3, #1
10006790:	d000      	beq.n	10006794 <tu_edpt_validate+0x9c>
10006792:	be00      	bkpt	0x0000
10006794:	2000      	movs	r0, #0
10006796:	e019      	b.n	100067cc <tu_edpt_validate+0xd4>
10006798:	2902      	cmp	r1, #2
1000679a:	d004      	beq.n	100067a6 <tu_edpt_validate+0xae>
1000679c:	2340      	movs	r3, #64	@ 0x40
1000679e:	4293      	cmp	r3, r2
100067a0:	d304      	bcc.n	100067ac <tu_edpt_validate+0xb4>
100067a2:	2001      	movs	r0, #1
100067a4:	e012      	b.n	100067cc <tu_edpt_validate+0xd4>
100067a6:	f44f 6380 	mov.w	r3, #1024	@ 0x400
100067aa:	e7f8      	b.n	1000679e <tu_edpt_validate+0xa6>
100067ac:	22e1      	movs	r2, #225	@ 0xe1
100067ae:	4908      	ldr	r1, [pc, #32]	@ (100067d0 <tu_edpt_validate+0xd8>)
100067b0:	4808      	ldr	r0, [pc, #32]	@ (100067d4 <tu_edpt_validate+0xdc>)
100067b2:	f7fd fc7f 	bl	100040b4 <__wrap_printf>
100067b6:	f04f 23e0 	mov.w	r3, #3758153728	@ 0xe000e000
100067ba:	f8d3 3df0 	ldr.w	r3, [r3, #3568]	@ 0xdf0
100067be:	f013 0f01 	tst.w	r3, #1
100067c2:	d000      	beq.n	100067c6 <tu_edpt_validate+0xce>
100067c4:	be00      	bkpt	0x0000
100067c6:	2000      	movs	r0, #0
100067c8:	e000      	b.n	100067cc <tu_edpt_validate+0xd4>
100067ca:	2000      	movs	r0, #0
100067cc:	bd08      	pop	{r3, pc}
100067ce:	bf00      	nop
100067d0:	1000c204 	.word	0x1000c204
100067d4:	1000b9e4 	.word	0x1000b9e4

100067d8 <tu_edpt_bind_driver>:
100067d8:	440a      	add	r2, r1
100067da:	e004      	b.n	100067e6 <tu_edpt_bind_driver+0xe>
100067dc:	f85d fb04 	ldr.w	pc, [sp], #4
100067e0:	f891 c000 	ldrb.w	ip, [r1]
100067e4:	4461      	add	r1, ip
100067e6:	4291      	cmp	r1, r2
100067e8:	d21a      	bcs.n	10006820 <tu_edpt_bind_driver+0x48>
100067ea:	f891 c001 	ldrb.w	ip, [r1, #1]
100067ee:	f1bc 0f05 	cmp.w	ip, #5
100067f2:	d1f5      	bne.n	100067e0 <tu_edpt_bind_driver+0x8>
100067f4:	b500      	push	{lr}
100067f6:	f891 c002 	ldrb.w	ip, [r1, #2]
100067fa:	f00c 0e7f 	and.w	lr, ip, #127	@ 0x7f
100067fe:	eb00 0e4e 	add.w	lr, r0, lr, lsl #1
10006802:	ea4f 1cdc 	mov.w	ip, ip, lsr #7
10006806:	f80e 300c 	strb.w	r3, [lr, ip]
1000680a:	f891 c000 	ldrb.w	ip, [r1]
1000680e:	4461      	add	r1, ip
10006810:	4291      	cmp	r1, r2
10006812:	d2e3      	bcs.n	100067dc <tu_edpt_bind_driver+0x4>
10006814:	f891 c001 	ldrb.w	ip, [r1, #1]
10006818:	f1bc 0f05 	cmp.w	ip, #5
1000681c:	d1f5      	bne.n	1000680a <tu_edpt_bind_driver+0x32>
1000681e:	e7ea      	b.n	100067f6 <tu_edpt_bind_driver+0x1e>
10006820:	4770      	bx	lr

10006822 <tu_edpt_stream_init>:
10006822:	b5f0      	push	{r4, r5, r6, r7, lr}
10006824:	b083      	sub	sp, #12
10006826:	4604      	mov	r4, r0
10006828:	4617      	mov	r7, r2
1000682a:	9d08      	ldr	r5, [sp, #32]
1000682c:	f8bd 6024 	ldrh.w	r6, [sp, #36]	@ 0x24
10006830:	f890 c000 	ldrb.w	ip, [r0]
10006834:	f361 0c00 	bfi	ip, r1, #0, #1
10006838:	f800 cb08 	strb.w	ip, [r0], #8
1000683c:	9300      	str	r3, [sp, #0]
1000683e:	2301      	movs	r3, #1
10006840:	4632      	mov	r2, r6
10006842:	4629      	mov	r1, r5
10006844:	f000 fab2 	bl	10006dac <tu_fifo_config>
10006848:	b105      	cbz	r5, 1000684c <tu_edpt_stream_init+0x2a>
1000684a:	b93e      	cbnz	r6, 1000685c <tu_edpt_stream_init+0x3a>
1000684c:	9b0a      	ldr	r3, [sp, #40]	@ 0x28
1000684e:	6063      	str	r3, [r4, #4]
10006850:	f8bd 302c 	ldrh.w	r3, [sp, #44]	@ 0x2c
10006854:	8063      	strh	r3, [r4, #2]
10006856:	2001      	movs	r0, #1
10006858:	b003      	add	sp, #12
1000685a:	bdf0      	pop	{r4, r5, r6, r7, pc}
1000685c:	f104 051c 	add.w	r5, r4, #28
10006860:	4628      	mov	r0, r5
10006862:	f7fa fe0f 	bl	10001484 <mutex_init>
10006866:	b127      	cbz	r7, 10006872 <tu_edpt_stream_init+0x50>
10006868:	462b      	mov	r3, r5
1000686a:	2500      	movs	r5, #0
1000686c:	6163      	str	r3, [r4, #20]
1000686e:	61a5      	str	r5, [r4, #24]
10006870:	e7ec      	b.n	1000684c <tu_edpt_stream_init+0x2a>
10006872:	2300      	movs	r3, #0
10006874:	e7fa      	b.n	1000686c <tu_edpt_stream_init+0x4a>

10006876 <tu_edpt_stream_deinit>:
10006876:	2001      	movs	r0, #1
10006878:	4770      	bx	lr
	...

1000687c <tu_edpt_stream_write_zlp_if_needed>:
1000687c:	b5f8      	push	{r3, r4, r5, r6, r7, lr}
1000687e:	4606      	mov	r6, r0
10006880:	460c      	mov	r4, r1
10006882:	4615      	mov	r5, r2
10006884:	780b      	ldrb	r3, [r1, #0]
10006886:	f013 0f02 	tst.w	r3, #2
1000688a:	d010      	beq.n	100068ae <tu_edpt_stream_write_zlp_if_needed+0x32>
1000688c:	f44f 7700 	mov.w	r7, #512	@ 0x200
10006890:	f104 0008 	add.w	r0, r4, #8
10006894:	f000 fabb 	bl	10006e0e <tu_fifo_count>
10006898:	bb68      	cbnz	r0, 100068f6 <tu_edpt_stream_write_zlp_if_needed+0x7a>
1000689a:	b375      	cbz	r5, 100068fa <tu_edpt_stream_write_zlp_if_needed+0x7e>
1000689c:	3f01      	subs	r7, #1
1000689e:	422f      	tst	r7, r5
100068a0:	d12d      	bne.n	100068fe <tu_edpt_stream_write_zlp_if_needed+0x82>
100068a2:	7823      	ldrb	r3, [r4, #0]
100068a4:	f013 0f01 	tst.w	r3, #1
100068a8:	d003      	beq.n	100068b2 <tu_edpt_stream_write_zlp_if_needed+0x36>
100068aa:	2000      	movs	r0, #0
100068ac:	e024      	b.n	100068f8 <tu_edpt_stream_write_zlp_if_needed+0x7c>
100068ae:	2740      	movs	r7, #64	@ 0x40
100068b0:	e7ee      	b.n	10006890 <tu_edpt_stream_write_zlp_if_needed+0x14>
100068b2:	7861      	ldrb	r1, [r4, #1]
100068b4:	4630      	mov	r0, r6
100068b6:	f7fe fc29 	bl	1000510c <usbd_edpt_claim>
100068ba:	2800      	cmp	r0, #0
100068bc:	d0f5      	beq.n	100068aa <tu_edpt_stream_write_zlp_if_needed+0x2e>
100068be:	7823      	ldrb	r3, [r4, #0]
100068c0:	f013 0f01 	tst.w	r3, #1
100068c4:	d00f      	beq.n	100068e6 <tu_edpt_stream_write_zlp_if_needed+0x6a>
100068c6:	f44f 72b5 	mov.w	r2, #362	@ 0x16a
100068ca:	490e      	ldr	r1, [pc, #56]	@ (10006904 <tu_edpt_stream_write_zlp_if_needed+0x88>)
100068cc:	480e      	ldr	r0, [pc, #56]	@ (10006908 <tu_edpt_stream_write_zlp_if_needed+0x8c>)
100068ce:	f7fd fbf1 	bl	100040b4 <__wrap_printf>
100068d2:	f04f 23e0 	mov.w	r3, #3758153728	@ 0xe000e000
100068d6:	f8d3 3df0 	ldr.w	r3, [r3, #3568]	@ 0xdf0
100068da:	f013 0f01 	tst.w	r3, #1
100068de:	d000      	beq.n	100068e2 <tu_edpt_stream_write_zlp_if_needed+0x66>
100068e0:	be00      	bkpt	0x0000
100068e2:	2000      	movs	r0, #0
100068e4:	e008      	b.n	100068f8 <tu_edpt_stream_write_zlp_if_needed+0x7c>
100068e6:	2300      	movs	r3, #0
100068e8:	461a      	mov	r2, r3
100068ea:	7861      	ldrb	r1, [r4, #1]
100068ec:	4630      	mov	r0, r6
100068ee:	f7fe fc35 	bl	1000515c <usbd_edpt_xfer>
100068f2:	b908      	cbnz	r0, 100068f8 <tu_edpt_stream_write_zlp_if_needed+0x7c>
100068f4:	e7e7      	b.n	100068c6 <tu_edpt_stream_write_zlp_if_needed+0x4a>
100068f6:	2000      	movs	r0, #0
100068f8:	bdf8      	pop	{r3, r4, r5, r6, r7, pc}
100068fa:	2000      	movs	r0, #0
100068fc:	e7fc      	b.n	100068f8 <tu_edpt_stream_write_zlp_if_needed+0x7c>
100068fe:	2000      	movs	r0, #0
10006900:	e7fa      	b.n	100068f8 <tu_edpt_stream_write_zlp_if_needed+0x7c>
10006902:	bf00      	nop
10006904:	1000c1e0 	.word	0x1000c1e0
10006908:	1000b9e4 	.word	0x1000b9e4

1000690c <tu_edpt_stream_write_xfer>:
1000690c:	b570      	push	{r4, r5, r6, lr}
1000690e:	4606      	mov	r6, r0
10006910:	460c      	mov	r4, r1
10006912:	f101 0508 	add.w	r5, r1, #8
10006916:	4628      	mov	r0, r5
10006918:	f000 fa79 	bl	10006e0e <tu_fifo_count>
1000691c:	2800      	cmp	r0, #0
1000691e:	d03b      	beq.n	10006998 <tu_edpt_stream_write_xfer+0x8c>
10006920:	7823      	ldrb	r3, [r4, #0]
10006922:	f013 0f01 	tst.w	r3, #1
10006926:	d001      	beq.n	1000692c <tu_edpt_stream_write_xfer+0x20>
10006928:	2000      	movs	r0, #0
1000692a:	bd70      	pop	{r4, r5, r6, pc}
1000692c:	7861      	ldrb	r1, [r4, #1]
1000692e:	4630      	mov	r0, r6
10006930:	f7fe fbec 	bl	1000510c <usbd_edpt_claim>
10006934:	2800      	cmp	r0, #0
10006936:	d0f7      	beq.n	10006928 <tu_edpt_stream_write_xfer+0x1c>
10006938:	8862      	ldrh	r2, [r4, #2]
1000693a:	6861      	ldr	r1, [r4, #4]
1000693c:	4628      	mov	r0, r5
1000693e:	f000 facc 	bl	10006eda <tu_fifo_read_n>
10006942:	4605      	mov	r5, r0
10006944:	b1e8      	cbz	r0, 10006982 <tu_edpt_stream_write_xfer+0x76>
10006946:	7823      	ldrb	r3, [r4, #0]
10006948:	f013 0f01 	tst.w	r3, #1
1000694c:	d00f      	beq.n	1000696e <tu_edpt_stream_write_xfer+0x62>
1000694e:	f44f 72bc 	mov.w	r2, #376	@ 0x178
10006952:	4912      	ldr	r1, [pc, #72]	@ (1000699c <tu_edpt_stream_write_xfer+0x90>)
10006954:	4812      	ldr	r0, [pc, #72]	@ (100069a0 <tu_edpt_stream_write_xfer+0x94>)
10006956:	f7fd fbad 	bl	100040b4 <__wrap_printf>
1000695a:	f04f 23e0 	mov.w	r3, #3758153728	@ 0xe000e000
1000695e:	f8d3 3df0 	ldr.w	r3, [r3, #3568]	@ 0xdf0
10006962:	f013 0f01 	tst.w	r3, #1
10006966:	d000      	beq.n	1000696a <tu_edpt_stream_write_xfer+0x5e>
10006968:	be00      	bkpt	0x0000
1000696a:	2000      	movs	r0, #0
1000696c:	e7dd      	b.n	1000692a <tu_edpt_stream_write_xfer+0x1e>
1000696e:	4603      	mov	r3, r0
10006970:	6862      	ldr	r2, [r4, #4]
10006972:	7861      	ldrb	r1, [r4, #1]
10006974:	4630      	mov	r0, r6
10006976:	f7fe fbf1 	bl	1000515c <usbd_edpt_xfer>
1000697a:	2800      	cmp	r0, #0
1000697c:	d0e7      	beq.n	1000694e <tu_edpt_stream_write_xfer+0x42>
1000697e:	4628      	mov	r0, r5
10006980:	e7d3      	b.n	1000692a <tu_edpt_stream_write_xfer+0x1e>
10006982:	7823      	ldrb	r3, [r4, #0]
10006984:	f013 0f01 	tst.w	r3, #1
10006988:	d001      	beq.n	1000698e <tu_edpt_stream_write_xfer+0x82>
1000698a:	2000      	movs	r0, #0
1000698c:	e7cd      	b.n	1000692a <tu_edpt_stream_write_xfer+0x1e>
1000698e:	7861      	ldrb	r1, [r4, #1]
10006990:	4630      	mov	r0, r6
10006992:	f7fe fbcf 	bl	10005134 <usbd_edpt_release>
10006996:	e7f8      	b.n	1000698a <tu_edpt_stream_write_xfer+0x7e>
10006998:	2000      	movs	r0, #0
1000699a:	e7c6      	b.n	1000692a <tu_edpt_stream_write_xfer+0x1e>
1000699c:	1000c1c4 	.word	0x1000c1c4
100069a0:	1000b9e4 	.word	0x1000b9e4

100069a4 <tu_edpt_stream_read_xfer>:
100069a4:	b5f8      	push	{r3, r4, r5, r6, r7, lr}
100069a6:	4606      	mov	r6, r0
100069a8:	460c      	mov	r4, r1
100069aa:	898b      	ldrh	r3, [r1, #12]
100069ac:	bb5b      	cbnz	r3, 10006a06 <tu_edpt_stream_read_xfer+0x62>
100069ae:	780b      	ldrb	r3, [r1, #0]
100069b0:	f013 0f01 	tst.w	r3, #1
100069b4:	d001      	beq.n	100069ba <tu_edpt_stream_read_xfer+0x16>
100069b6:	2000      	movs	r0, #0
100069b8:	bdf8      	pop	{r3, r4, r5, r6, r7, pc}
100069ba:	7849      	ldrb	r1, [r1, #1]
100069bc:	f7fe fba6 	bl	1000510c <usbd_edpt_claim>
100069c0:	2800      	cmp	r0, #0
100069c2:	d0f8      	beq.n	100069b6 <tu_edpt_stream_read_xfer+0x12>
100069c4:	8863      	ldrh	r3, [r4, #2]
100069c6:	7822      	ldrb	r2, [r4, #0]
100069c8:	f012 0f01 	tst.w	r2, #1
100069cc:	d00f      	beq.n	100069ee <tu_edpt_stream_read_xfer+0x4a>
100069ce:	f44f 72d9 	mov.w	r2, #434	@ 0x1b2
100069d2:	4938      	ldr	r1, [pc, #224]	@ (10006ab4 <tu_edpt_stream_read_xfer+0x110>)
100069d4:	4838      	ldr	r0, [pc, #224]	@ (10006ab8 <tu_edpt_stream_read_xfer+0x114>)
100069d6:	f7fd fb6d 	bl	100040b4 <__wrap_printf>
100069da:	f04f 23e0 	mov.w	r3, #3758153728	@ 0xe000e000
100069de:	f8d3 3df0 	ldr.w	r3, [r3, #3568]	@ 0xdf0
100069e2:	f013 0f01 	tst.w	r3, #1
100069e6:	d000      	beq.n	100069ea <tu_edpt_stream_read_xfer+0x46>
100069e8:	be00      	bkpt	0x0000
100069ea:	2000      	movs	r0, #0
100069ec:	e7e4      	b.n	100069b8 <tu_edpt_stream_read_xfer+0x14>
100069ee:	7861      	ldrb	r1, [r4, #1]
100069f0:	b13b      	cbz	r3, 10006a02 <tu_edpt_stream_read_xfer+0x5e>
100069f2:	6862      	ldr	r2, [r4, #4]
100069f4:	4630      	mov	r0, r6
100069f6:	f7fe fbb1 	bl	1000515c <usbd_edpt_xfer>
100069fa:	2800      	cmp	r0, #0
100069fc:	d0e7      	beq.n	100069ce <tu_edpt_stream_read_xfer+0x2a>
100069fe:	8860      	ldrh	r0, [r4, #2]
10006a00:	e7da      	b.n	100069b8 <tu_edpt_stream_read_xfer+0x14>
10006a02:	2200      	movs	r2, #0
10006a04:	e7f6      	b.n	100069f4 <tu_edpt_stream_read_xfer+0x50>
10006a06:	780b      	ldrb	r3, [r1, #0]
10006a08:	f013 0f02 	tst.w	r3, #2
10006a0c:	d00e      	beq.n	10006a2c <tu_edpt_stream_read_xfer+0x88>
10006a0e:	f44f 7500 	mov.w	r5, #512	@ 0x200
10006a12:	f104 0708 	add.w	r7, r4, #8
10006a16:	4638      	mov	r0, r7
10006a18:	f000 fa2a 	bl	10006e70 <tu_fifo_remaining>
10006a1c:	4285      	cmp	r5, r0
10006a1e:	d847      	bhi.n	10006ab0 <tu_edpt_stream_read_xfer+0x10c>
10006a20:	7823      	ldrb	r3, [r4, #0]
10006a22:	f013 0f01 	tst.w	r3, #1
10006a26:	d003      	beq.n	10006a30 <tu_edpt_stream_read_xfer+0x8c>
10006a28:	2000      	movs	r0, #0
10006a2a:	e7c5      	b.n	100069b8 <tu_edpt_stream_read_xfer+0x14>
10006a2c:	2540      	movs	r5, #64	@ 0x40
10006a2e:	e7f0      	b.n	10006a12 <tu_edpt_stream_read_xfer+0x6e>
10006a30:	7861      	ldrb	r1, [r4, #1]
10006a32:	4630      	mov	r0, r6
10006a34:	f7fe fb6a 	bl	1000510c <usbd_edpt_claim>
10006a38:	2800      	cmp	r0, #0
10006a3a:	d0f5      	beq.n	10006a28 <tu_edpt_stream_read_xfer+0x84>
10006a3c:	4638      	mov	r0, r7
10006a3e:	f000 fa17 	bl	10006e70 <tu_fifo_remaining>
10006a42:	4285      	cmp	r5, r0
10006a44:	d829      	bhi.n	10006a9a <tu_edpt_stream_read_xfer+0xf6>
10006a46:	426d      	negs	r5, r5
10006a48:	b2ad      	uxth	r5, r5
10006a4a:	8862      	ldrh	r2, [r4, #2]
10006a4c:	ea05 0300 	and.w	r3, r5, r0
10006a50:	4293      	cmp	r3, r2
10006a52:	bf28      	it	cs
10006a54:	4613      	movcs	r3, r2
10006a56:	461d      	mov	r5, r3
10006a58:	7823      	ldrb	r3, [r4, #0]
10006a5a:	f013 0f01 	tst.w	r3, #1
10006a5e:	d00f      	beq.n	10006a80 <tu_edpt_stream_read_xfer+0xdc>
10006a60:	f240 12c7 	movw	r2, #455	@ 0x1c7
10006a64:	4913      	ldr	r1, [pc, #76]	@ (10006ab4 <tu_edpt_stream_read_xfer+0x110>)
10006a66:	4814      	ldr	r0, [pc, #80]	@ (10006ab8 <tu_edpt_stream_read_xfer+0x114>)
10006a68:	f7fd fb24 	bl	100040b4 <__wrap_printf>
10006a6c:	f04f 23e0 	mov.w	r3, #3758153728	@ 0xe000e000
10006a70:	f8d3 3df0 	ldr.w	r3, [r3, #3568]	@ 0xdf0
10006a74:	f013 0f01 	tst.w	r3, #1
10006a78:	d000      	beq.n	10006a7c <tu_edpt_stream_read_xfer+0xd8>
10006a7a:	be00      	bkpt	0x0000
10006a7c:	2000      	movs	r0, #0
10006a7e:	e79b      	b.n	100069b8 <tu_edpt_stream_read_xfer+0x14>
10006a80:	7861      	ldrb	r1, [r4, #1]
10006a82:	b145      	cbz	r5, 10006a96 <tu_edpt_stream_read_xfer+0xf2>
10006a84:	6862      	ldr	r2, [r4, #4]
10006a86:	462b      	mov	r3, r5
10006a88:	4630      	mov	r0, r6
10006a8a:	f7fe fb67 	bl	1000515c <usbd_edpt_xfer>
10006a8e:	2800      	cmp	r0, #0
10006a90:	d0e6      	beq.n	10006a60 <tu_edpt_stream_read_xfer+0xbc>
10006a92:	4628      	mov	r0, r5
10006a94:	e790      	b.n	100069b8 <tu_edpt_stream_read_xfer+0x14>
10006a96:	2200      	movs	r2, #0
10006a98:	e7f5      	b.n	10006a86 <tu_edpt_stream_read_xfer+0xe2>
10006a9a:	7823      	ldrb	r3, [r4, #0]
10006a9c:	f013 0f01 	tst.w	r3, #1
10006aa0:	d001      	beq.n	10006aa6 <tu_edpt_stream_read_xfer+0x102>
10006aa2:	2000      	movs	r0, #0
10006aa4:	e788      	b.n	100069b8 <tu_edpt_stream_read_xfer+0x14>
10006aa6:	7861      	ldrb	r1, [r4, #1]
10006aa8:	4630      	mov	r0, r6
10006aaa:	f7fe fb43 	bl	10005134 <usbd_edpt_release>
10006aae:	e7f8      	b.n	10006aa2 <tu_edpt_stream_read_xfer+0xfe>
10006ab0:	2000      	movs	r0, #0
10006ab2:	e781      	b.n	100069b8 <tu_edpt_stream_read_xfer+0x14>
10006ab4:	1000c1a8 	.word	0x1000c1a8
10006ab8:	1000b9e4 	.word	0x1000b9e4

10006abc <advance_index>:
10006abc:	4603      	mov	r3, r0
10006abe:	440a      	add	r2, r1
10006ac0:	b290      	uxth	r0, r2
10006ac2:	4281      	cmp	r1, r0
10006ac4:	d802      	bhi.n	10006acc <advance_index+0x10>
10006ac6:	ebb0 0f43 	cmp.w	r0, r3, lsl #1
10006aca:	db03      	blt.n	10006ad4 <advance_index+0x18>
10006acc:	005b      	lsls	r3, r3, #1
10006ace:	b29b      	uxth	r3, r3
10006ad0:	1ac0      	subs	r0, r0, r3
10006ad2:	b280      	uxth	r0, r0
10006ad4:	4770      	bx	lr

10006ad6 <_tu_fifo_peek>:
10006ad6:	b510      	push	{r4, lr}
10006ad8:	4686      	mov	lr, r0
10006ada:	4608      	mov	r0, r1
10006adc:	f8be c004 	ldrh.w	ip, [lr, #4]
10006ae0:	429a      	cmp	r2, r3
10006ae2:	d30c      	bcc.n	10006afe <_tu_fifo_peek+0x28>
10006ae4:	1ad4      	subs	r4, r2, r3
10006ae6:	b2a4      	uxth	r4, r4
10006ae8:	b324      	cbz	r4, 10006b34 <_tu_fifo_peek+0x5e>
10006aea:	45a4      	cmp	ip, r4
10006aec:	d214      	bcs.n	10006b18 <_tu_fifo_peek+0x42>
10006aee:	4594      	cmp	ip, r2
10006af0:	d80c      	bhi.n	10006b0c <_tu_fifo_peek+0x36>
10006af2:	eba2 020c 	sub.w	r2, r2, ip
10006af6:	b293      	uxth	r3, r2
10006af8:	f8ae 300a 	strh.w	r3, [lr, #10]
10006afc:	e00c      	b.n	10006b18 <_tu_fifo_peek+0x42>
10006afe:	1ad4      	subs	r4, r2, r3
10006b00:	ea4f 014c 	mov.w	r1, ip, lsl #1
10006b04:	fa11 f484 	uxtah	r4, r1, r4
10006b08:	b2a4      	uxth	r4, r4
10006b0a:	e7ed      	b.n	10006ae8 <_tu_fifo_peek+0x12>
10006b0c:	4462      	add	r2, ip
10006b0e:	b293      	uxth	r3, r2
10006b10:	e7f2      	b.n	10006af8 <_tu_fifo_peek+0x22>
10006b12:	eba3 030c 	sub.w	r3, r3, ip
10006b16:	b29b      	uxth	r3, r3
10006b18:	459c      	cmp	ip, r3
10006b1a:	d9fa      	bls.n	10006b12 <_tu_fifo_peek+0x3c>
10006b1c:	f8de 1000 	ldr.w	r1, [lr]
10006b20:	f8be 2006 	ldrh.w	r2, [lr, #6]
10006b24:	f3c2 020e 	ubfx	r2, r2, #0, #15
10006b28:	fb02 1103 	mla	r1, r2, r3, r1
10006b2c:	f002 fe82 	bl	10009834 <memcpy>
10006b30:	2001      	movs	r0, #1
10006b32:	bd10      	pop	{r4, pc}
10006b34:	2000      	movs	r0, #0
10006b36:	e7fc      	b.n	10006b32 <_tu_fifo_peek+0x5c>

10006b38 <_ff_pull_n>:
10006b38:	e92d 43f8 	stmdb	sp!, {r3, r4, r5, r6, r7, r8, r9, lr}
10006b3c:	4604      	mov	r4, r0
10006b3e:	460d      	mov	r5, r1
10006b40:	f89d 8020 	ldrb.w	r8, [sp, #32]
10006b44:	f8b0 c004 	ldrh.w	ip, [r0, #4]
10006b48:	ebac 0003 	sub.w	r0, ip, r3
10006b4c:	b280      	uxth	r0, r0
10006b4e:	eba3 0c0c 	sub.w	ip, r3, ip
10006b52:	4494      	add	ip, r2
10006b54:	fa1f fc8c 	uxth.w	ip, ip
10006b58:	88e1      	ldrh	r1, [r4, #6]
10006b5a:	f3c1 0e0e 	ubfx	lr, r1, #0, #15
10006b5e:	46f1      	mov	r9, lr
10006b60:	fb1e f700 	smulbb	r7, lr, r0
10006b64:	fb1e fe0c 	smulbb	lr, lr, ip
10006b68:	6821      	ldr	r1, [r4, #0]
10006b6a:	fb09 1103 	mla	r1, r9, r3, r1
10006b6e:	f1b8 0f00 	cmp.w	r8, #0
10006b72:	d109      	bne.n	10006b88 <_ff_pull_n+0x50>
10006b74:	b2bf      	uxth	r7, r7
10006b76:	fa1f f68e 	uxth.w	r6, lr
10006b7a:	4290      	cmp	r0, r2
10006b7c:	d306      	bcc.n	10006b8c <_ff_pull_n+0x54>
10006b7e:	fb09 f202 	mul.w	r2, r9, r2
10006b82:	4628      	mov	r0, r5
10006b84:	f002 fe56 	bl	10009834 <memcpy>
10006b88:	e8bd 83f8 	ldmia.w	sp!, {r3, r4, r5, r6, r7, r8, r9, pc}
10006b8c:	463a      	mov	r2, r7
10006b8e:	4628      	mov	r0, r5
10006b90:	f002 fe50 	bl	10009834 <memcpy>
10006b94:	4632      	mov	r2, r6
10006b96:	6821      	ldr	r1, [r4, #0]
10006b98:	19e8      	adds	r0, r5, r7
10006b9a:	f002 fe4b 	bl	10009834 <memcpy>
10006b9e:	e7f3      	b.n	10006b88 <_ff_pull_n+0x50>

10006ba0 <_tu_fifo_peek_n>:
10006ba0:	b530      	push	{r4, r5, lr}
10006ba2:	b083      	sub	sp, #12
10006ba4:	469e      	mov	lr, r3
10006ba6:	f8bd 3018 	ldrh.w	r3, [sp, #24]
10006baa:	f8b0 c004 	ldrh.w	ip, [r0, #4]
10006bae:	459e      	cmp	lr, r3
10006bb0:	d311      	bcc.n	10006bd6 <_tu_fifo_peek_n+0x36>
10006bb2:	ebae 0403 	sub.w	r4, lr, r3
10006bb6:	b2a4      	uxth	r4, r4
10006bb8:	b324      	cbz	r4, 10006c04 <_tu_fifo_peek_n+0x64>
10006bba:	45a4      	cmp	ip, r4
10006bbc:	d207      	bcs.n	10006bce <_tu_fifo_peek_n+0x2e>
10006bbe:	45f4      	cmp	ip, lr
10006bc0:	d811      	bhi.n	10006be6 <_tu_fifo_peek_n+0x46>
10006bc2:	ebae 0e0c 	sub.w	lr, lr, ip
10006bc6:	fa1f f38e 	uxth.w	r3, lr
10006bca:	8143      	strh	r3, [r0, #10]
10006bcc:	4664      	mov	r4, ip
10006bce:	4294      	cmp	r4, r2
10006bd0:	d310      	bcc.n	10006bf4 <_tu_fifo_peek_n+0x54>
10006bd2:	4614      	mov	r4, r2
10006bd4:	e00e      	b.n	10006bf4 <_tu_fifo_peek_n+0x54>
10006bd6:	ebae 0403 	sub.w	r4, lr, r3
10006bda:	ea4f 054c 	mov.w	r5, ip, lsl #1
10006bde:	fa15 f484 	uxtah	r4, r5, r4
10006be2:	b2a4      	uxth	r4, r4
10006be4:	e7e8      	b.n	10006bb8 <_tu_fifo_peek_n+0x18>
10006be6:	44e6      	add	lr, ip
10006be8:	fa1f f38e 	uxth.w	r3, lr
10006bec:	e7ed      	b.n	10006bca <_tu_fifo_peek_n+0x2a>
10006bee:	eba3 030c 	sub.w	r3, r3, ip
10006bf2:	b29b      	uxth	r3, r3
10006bf4:	459c      	cmp	ip, r3
10006bf6:	d9fa      	bls.n	10006bee <_tu_fifo_peek_n+0x4e>
10006bf8:	f89d 201c 	ldrb.w	r2, [sp, #28]
10006bfc:	9200      	str	r2, [sp, #0]
10006bfe:	4622      	mov	r2, r4
10006c00:	f7ff ff9a 	bl	10006b38 <_ff_pull_n>
10006c04:	4620      	mov	r0, r4
10006c06:	b003      	add	sp, #12
10006c08:	bd30      	pop	{r4, r5, pc}

10006c0a <_tu_fifo_read_n>:
10006c0a:	b5f0      	push	{r4, r5, r6, r7, lr}
10006c0c:	b083      	sub	sp, #12
10006c0e:	4604      	mov	r4, r0
10006c10:	460d      	mov	r5, r1
10006c12:	4616      	mov	r6, r2
10006c14:	461f      	mov	r7, r3
10006c16:	6900      	ldr	r0, [r0, #16]
10006c18:	b118      	cbz	r0, 10006c22 <_tu_fifo_read_n+0x18>
10006c1a:	f04f 31ff 	mov.w	r1, #4294967295
10006c1e:	f004 f9c7 	bl	1000afb0 <__mutex_enter_timeout_ms_veneer>
10006c22:	8923      	ldrh	r3, [r4, #8]
10006c24:	8962      	ldrh	r2, [r4, #10]
10006c26:	b292      	uxth	r2, r2
10006c28:	9701      	str	r7, [sp, #4]
10006c2a:	9200      	str	r2, [sp, #0]
10006c2c:	b29b      	uxth	r3, r3
10006c2e:	4632      	mov	r2, r6
10006c30:	4629      	mov	r1, r5
10006c32:	4620      	mov	r0, r4
10006c34:	f7ff ffb4 	bl	10006ba0 <_tu_fifo_peek_n>
10006c38:	4605      	mov	r5, r0
10006c3a:	8961      	ldrh	r1, [r4, #10]
10006c3c:	4602      	mov	r2, r0
10006c3e:	b289      	uxth	r1, r1
10006c40:	88a0      	ldrh	r0, [r4, #4]
10006c42:	f7ff ff3b 	bl	10006abc <advance_index>
10006c46:	8160      	strh	r0, [r4, #10]
10006c48:	6920      	ldr	r0, [r4, #16]
10006c4a:	b108      	cbz	r0, 10006c50 <_tu_fifo_read_n+0x46>
10006c4c:	f004 f9c4 	bl	1000afd8 <__mutex_exit_veneer>
10006c50:	4628      	mov	r0, r5
10006c52:	b003      	add	sp, #12
10006c54:	bdf0      	pop	{r4, r5, r6, r7, pc}

10006c56 <_ff_push_n>:
10006c56:	e92d 41f0 	stmdb	sp!, {r4, r5, r6, r7, r8, lr}
10006c5a:	4604      	mov	r4, r0
10006c5c:	460d      	mov	r5, r1
10006c5e:	f89d e018 	ldrb.w	lr, [sp, #24]
10006c62:	f8b0 c004 	ldrh.w	ip, [r0, #4]
10006c66:	ebac 0103 	sub.w	r1, ip, r3
10006c6a:	b289      	uxth	r1, r1
10006c6c:	eba3 0c0c 	sub.w	ip, r3, ip
10006c70:	4494      	add	ip, r2
10006c72:	fa1f fc8c 	uxth.w	ip, ip
10006c76:	88c6      	ldrh	r6, [r0, #6]
10006c78:	f3c6 000e 	ubfx	r0, r6, #0, #15
10006c7c:	4680      	mov	r8, r0
10006c7e:	fb10 f701 	smulbb	r7, r0, r1
10006c82:	fb10 f00c 	smulbb	r0, r0, ip
10006c86:	b286      	uxth	r6, r0
10006c88:	6820      	ldr	r0, [r4, #0]
10006c8a:	fb08 0003 	mla	r0, r8, r3, r0
10006c8e:	f1be 0f00 	cmp.w	lr, #0
10006c92:	d107      	bne.n	10006ca4 <_ff_push_n+0x4e>
10006c94:	b2bf      	uxth	r7, r7
10006c96:	4291      	cmp	r1, r2
10006c98:	d306      	bcc.n	10006ca8 <_ff_push_n+0x52>
10006c9a:	fb08 f202 	mul.w	r2, r8, r2
10006c9e:	4629      	mov	r1, r5
10006ca0:	f002 fdc8 	bl	10009834 <memcpy>
10006ca4:	e8bd 81f0 	ldmia.w	sp!, {r4, r5, r6, r7, r8, pc}
10006ca8:	463a      	mov	r2, r7
10006caa:	4629      	mov	r1, r5
10006cac:	f002 fdc2 	bl	10009834 <memcpy>
10006cb0:	4632      	mov	r2, r6
10006cb2:	19e9      	adds	r1, r5, r7
10006cb4:	6820      	ldr	r0, [r4, #0]
10006cb6:	f002 fdbd 	bl	10009834 <memcpy>
10006cba:	e7f3      	b.n	10006ca4 <_ff_push_n+0x4e>

10006cbc <_tu_fifo_write_n>:
10006cbc:	e92d 43f0 	stmdb	sp!, {r4, r5, r6, r7, r8, r9, lr}
10006cc0:	b083      	sub	sp, #12
10006cc2:	4691      	mov	r9, r2
10006cc4:	2a00      	cmp	r2, #0
10006cc6:	d06f      	beq.n	10006da8 <_tu_fifo_write_n+0xec>
10006cc8:	4604      	mov	r4, r0
10006cca:	4688      	mov	r8, r1
10006ccc:	461f      	mov	r7, r3
10006cce:	68c0      	ldr	r0, [r0, #12]
10006cd0:	b118      	cbz	r0, 10006cda <_tu_fifo_write_n+0x1e>
10006cd2:	f04f 31ff 	mov.w	r1, #4294967295
10006cd6:	f004 f96b 	bl	1000afb0 <__mutex_enter_timeout_ms_veneer>
10006cda:	8926      	ldrh	r6, [r4, #8]
10006cdc:	b2b6      	uxth	r6, r6
10006cde:	f8b4 c00a 	ldrh.w	ip, [r4, #10]
10006ce2:	fa1f f18c 	uxth.w	r1, ip
10006ce6:	79e3      	ldrb	r3, [r4, #7]
10006ce8:	09db      	lsrs	r3, r3, #7
10006cea:	d11b      	bne.n	10006d24 <_tu_fifo_write_n+0x68>
10006cec:	88a5      	ldrh	r5, [r4, #4]
10006cee:	428e      	cmp	r6, r1
10006cf0:	d310      	bcc.n	10006d14 <_tu_fifo_write_n+0x58>
10006cf2:	eba6 0c01 	sub.w	ip, r6, r1
10006cf6:	fa1f fc8c 	uxth.w	ip, ip
10006cfa:	4565      	cmp	r5, ip
10006cfc:	d952      	bls.n	10006da4 <_tu_fifo_write_n+0xe8>
10006cfe:	eba5 050c 	sub.w	r5, r5, ip
10006d02:	b2ad      	uxth	r5, r5
10006d04:	454d      	cmp	r5, r9
10006d06:	bf28      	it	cs
10006d08:	464d      	movcs	r5, r9
10006d0a:	2d00      	cmp	r5, #0
10006d0c:	d042      	beq.n	10006d94 <_tu_fifo_write_n+0xd8>
10006d0e:	88a2      	ldrh	r2, [r4, #4]
10006d10:	4633      	mov	r3, r6
10006d12:	e031      	b.n	10006d78 <_tu_fifo_write_n+0xbc>
10006d14:	eba6 0c01 	sub.w	ip, r6, r1
10006d18:	006b      	lsls	r3, r5, #1
10006d1a:	fa13 fc8c 	uxtah	ip, r3, ip
10006d1e:	fa1f fc8c 	uxth.w	ip, ip
10006d22:	e7ea      	b.n	10006cfa <_tu_fifo_write_n+0x3e>
10006d24:	88a5      	ldrh	r5, [r4, #4]
10006d26:	454d      	cmp	r5, r9
10006d28:	d809      	bhi.n	10006d3e <_tu_fifo_write_n+0x82>
10006d2a:	b9ff      	cbnz	r7, 10006d6c <_tu_fifo_write_n+0xb0>
10006d2c:	eba9 0905 	sub.w	r9, r9, r5
10006d30:	88e3      	ldrh	r3, [r4, #6]
10006d32:	f3c3 030e 	ubfx	r3, r3, #0, #15
10006d36:	fb03 8809 	mla	r8, r3, r9, r8
10006d3a:	460e      	mov	r6, r1
10006d3c:	e7e5      	b.n	10006d0a <_tu_fifo_write_n+0x4e>
10006d3e:	428e      	cmp	r6, r1
10006d40:	d30e      	bcc.n	10006d60 <_tu_fifo_write_n+0xa4>
10006d42:	1a73      	subs	r3, r6, r1
10006d44:	b29b      	uxth	r3, r3
10006d46:	444b      	add	r3, r9
10006d48:	ebb3 0f45 	cmp.w	r3, r5, lsl #1
10006d4c:	db10      	blt.n	10006d70 <_tu_fifo_write_n+0xb4>
10006d4e:	eba5 0209 	sub.w	r2, r5, r9
10006d52:	b292      	uxth	r2, r2
10006d54:	4628      	mov	r0, r5
10006d56:	f7ff feb1 	bl	10006abc <advance_index>
10006d5a:	4606      	mov	r6, r0
10006d5c:	464d      	mov	r5, r9
10006d5e:	e7d4      	b.n	10006d0a <_tu_fifo_write_n+0x4e>
10006d60:	1a73      	subs	r3, r6, r1
10006d62:	006a      	lsls	r2, r5, #1
10006d64:	fa12 f383 	uxtah	r3, r2, r3
10006d68:	b29b      	uxth	r3, r3
10006d6a:	e7ec      	b.n	10006d46 <_tu_fifo_write_n+0x8a>
10006d6c:	460e      	mov	r6, r1
10006d6e:	e7cc      	b.n	10006d0a <_tu_fifo_write_n+0x4e>
10006d70:	464d      	mov	r5, r9
10006d72:	e7ca      	b.n	10006d0a <_tu_fifo_write_n+0x4e>
10006d74:	1a9b      	subs	r3, r3, r2
10006d76:	b29b      	uxth	r3, r3
10006d78:	429a      	cmp	r2, r3
10006d7a:	d9fb      	bls.n	10006d74 <_tu_fifo_write_n+0xb8>
10006d7c:	9700      	str	r7, [sp, #0]
10006d7e:	462a      	mov	r2, r5
10006d80:	4641      	mov	r1, r8
10006d82:	4620      	mov	r0, r4
10006d84:	f7ff ff67 	bl	10006c56 <_ff_push_n>
10006d88:	462a      	mov	r2, r5
10006d8a:	4631      	mov	r1, r6
10006d8c:	88a0      	ldrh	r0, [r4, #4]
10006d8e:	f7ff fe95 	bl	10006abc <advance_index>
10006d92:	8120      	strh	r0, [r4, #8]
10006d94:	68e0      	ldr	r0, [r4, #12]
10006d96:	b108      	cbz	r0, 10006d9c <_tu_fifo_write_n+0xe0>
10006d98:	f004 f91e 	bl	1000afd8 <__mutex_exit_veneer>
10006d9c:	4628      	mov	r0, r5
10006d9e:	b003      	add	sp, #12
10006da0:	e8bd 83f0 	ldmia.w	sp!, {r4, r5, r6, r7, r8, r9, pc}
10006da4:	2500      	movs	r5, #0
10006da6:	e7f5      	b.n	10006d94 <_tu_fifo_write_n+0xd8>
10006da8:	4615      	mov	r5, r2
10006daa:	e7f7      	b.n	10006d9c <_tu_fifo_write_n+0xe0>

10006dac <tu_fifo_config>:
10006dac:	f5b2 4f00 	cmp.w	r2, #32768	@ 0x8000
10006db0:	d829      	bhi.n	10006e06 <tu_fifo_config+0x5a>
10006db2:	b5f8      	push	{r3, r4, r5, r6, r7, lr}
10006db4:	4604      	mov	r4, r0
10006db6:	460f      	mov	r7, r1
10006db8:	4615      	mov	r5, r2
10006dba:	461e      	mov	r6, r3
10006dbc:	68c0      	ldr	r0, [r0, #12]
10006dbe:	b118      	cbz	r0, 10006dc8 <tu_fifo_config+0x1c>
10006dc0:	f04f 31ff 	mov.w	r1, #4294967295
10006dc4:	f004 f8f4 	bl	1000afb0 <__mutex_enter_timeout_ms_veneer>
10006dc8:	6920      	ldr	r0, [r4, #16]
10006dca:	b118      	cbz	r0, 10006dd4 <tu_fifo_config+0x28>
10006dcc:	f04f 31ff 	mov.w	r1, #4294967295
10006dd0:	f004 f8ee 	bl	1000afb0 <__mutex_enter_timeout_ms_veneer>
10006dd4:	6027      	str	r7, [r4, #0]
10006dd6:	80a5      	strh	r5, [r4, #4]
10006dd8:	88e3      	ldrh	r3, [r4, #6]
10006dda:	f366 030e 	bfi	r3, r6, #0, #15
10006dde:	80e3      	strh	r3, [r4, #6]
10006de0:	79e3      	ldrb	r3, [r4, #7]
10006de2:	f89d 2018 	ldrb.w	r2, [sp, #24]
10006de6:	f362 13c7 	bfi	r3, r2, #7, #1
10006dea:	71e3      	strb	r3, [r4, #7]
10006dec:	2300      	movs	r3, #0
10006dee:	8163      	strh	r3, [r4, #10]
10006df0:	8123      	strh	r3, [r4, #8]
10006df2:	68e0      	ldr	r0, [r4, #12]
10006df4:	b108      	cbz	r0, 10006dfa <tu_fifo_config+0x4e>
10006df6:	f004 f8ef 	bl	1000afd8 <__mutex_exit_veneer>
10006dfa:	6920      	ldr	r0, [r4, #16]
10006dfc:	b128      	cbz	r0, 10006e0a <tu_fifo_config+0x5e>
10006dfe:	f004 f8eb 	bl	1000afd8 <__mutex_exit_veneer>
10006e02:	2001      	movs	r0, #1
10006e04:	bdf8      	pop	{r3, r4, r5, r6, r7, pc}
10006e06:	2000      	movs	r0, #0
10006e08:	4770      	bx	lr
10006e0a:	2001      	movs	r0, #1
10006e0c:	e7fa      	b.n	10006e04 <tu_fifo_config+0x58>

10006e0e <tu_fifo_count>:
10006e0e:	4602      	mov	r2, r0
10006e10:	8880      	ldrh	r0, [r0, #4]
10006e12:	8913      	ldrh	r3, [r2, #8]
10006e14:	b29b      	uxth	r3, r3
10006e16:	8952      	ldrh	r2, [r2, #10]
10006e18:	b292      	uxth	r2, r2
10006e1a:	4293      	cmp	r3, r2
10006e1c:	d305      	bcc.n	10006e2a <tu_fifo_count+0x1c>
10006e1e:	1a9b      	subs	r3, r3, r2
10006e20:	b29b      	uxth	r3, r3
10006e22:	4298      	cmp	r0, r3
10006e24:	bf28      	it	cs
10006e26:	4618      	movcs	r0, r3
10006e28:	4770      	bx	lr
10006e2a:	1a9b      	subs	r3, r3, r2
10006e2c:	0042      	lsls	r2, r0, #1
10006e2e:	fa12 f383 	uxtah	r3, r2, r3
10006e32:	b29b      	uxth	r3, r3
10006e34:	e7f5      	b.n	10006e22 <tu_fifo_count+0x14>

10006e36 <tu_fifo_empty>:
10006e36:	8902      	ldrh	r2, [r0, #8]
10006e38:	b292      	uxth	r2, r2
10006e3a:	8943      	ldrh	r3, [r0, #10]
10006e3c:	b29b      	uxth	r3, r3
10006e3e:	429a      	cmp	r2, r3
10006e40:	bf14      	ite	ne
10006e42:	2000      	movne	r0, #0
10006e44:	2001      	moveq	r0, #1
10006e46:	4770      	bx	lr

10006e48 <tu_fifo_full>:
10006e48:	8881      	ldrh	r1, [r0, #4]
10006e4a:	8903      	ldrh	r3, [r0, #8]
10006e4c:	b29b      	uxth	r3, r3
10006e4e:	8942      	ldrh	r2, [r0, #10]
10006e50:	b292      	uxth	r2, r2
10006e52:	4293      	cmp	r3, r2
10006e54:	d306      	bcc.n	10006e64 <tu_fifo_full+0x1c>
10006e56:	1a9b      	subs	r3, r3, r2
10006e58:	b298      	uxth	r0, r3
10006e5a:	4281      	cmp	r1, r0
10006e5c:	bf8c      	ite	hi
10006e5e:	2000      	movhi	r0, #0
10006e60:	2001      	movls	r0, #1
10006e62:	4770      	bx	lr
10006e64:	1a9b      	subs	r3, r3, r2
10006e66:	004a      	lsls	r2, r1, #1
10006e68:	fa12 f383 	uxtah	r3, r2, r3
10006e6c:	b298      	uxth	r0, r3
10006e6e:	e7f4      	b.n	10006e5a <tu_fifo_full+0x12>

10006e70 <tu_fifo_remaining>:
10006e70:	8882      	ldrh	r2, [r0, #4]
10006e72:	8903      	ldrh	r3, [r0, #8]
10006e74:	b29b      	uxth	r3, r3
10006e76:	8941      	ldrh	r1, [r0, #10]
10006e78:	b289      	uxth	r1, r1
10006e7a:	428b      	cmp	r3, r1
10006e7c:	d306      	bcc.n	10006e8c <tu_fifo_remaining+0x1c>
10006e7e:	1a5b      	subs	r3, r3, r1
10006e80:	b29b      	uxth	r3, r3
10006e82:	429a      	cmp	r2, r3
10006e84:	d908      	bls.n	10006e98 <tu_fifo_remaining+0x28>
10006e86:	1ad0      	subs	r0, r2, r3
10006e88:	b280      	uxth	r0, r0
10006e8a:	4770      	bx	lr
10006e8c:	1a5b      	subs	r3, r3, r1
10006e8e:	0051      	lsls	r1, r2, #1
10006e90:	fa11 f383 	uxtah	r3, r1, r3
10006e94:	b29b      	uxth	r3, r3
10006e96:	e7f4      	b.n	10006e82 <tu_fifo_remaining+0x12>
10006e98:	2000      	movs	r0, #0
10006e9a:	4770      	bx	lr

10006e9c <tu_fifo_read>:
10006e9c:	b538      	push	{r3, r4, r5, lr}
10006e9e:	4604      	mov	r4, r0
10006ea0:	460d      	mov	r5, r1
10006ea2:	6900      	ldr	r0, [r0, #16]
10006ea4:	b118      	cbz	r0, 10006eae <tu_fifo_read+0x12>
10006ea6:	f04f 31ff 	mov.w	r1, #4294967295
10006eaa:	f004 f881 	bl	1000afb0 <__mutex_enter_timeout_ms_veneer>
10006eae:	8922      	ldrh	r2, [r4, #8]
10006eb0:	8963      	ldrh	r3, [r4, #10]
10006eb2:	b29b      	uxth	r3, r3
10006eb4:	b292      	uxth	r2, r2
10006eb6:	4629      	mov	r1, r5
10006eb8:	4620      	mov	r0, r4
10006eba:	f7ff fe0c 	bl	10006ad6 <_tu_fifo_peek>
10006ebe:	4605      	mov	r5, r0
10006ec0:	8961      	ldrh	r1, [r4, #10]
10006ec2:	4602      	mov	r2, r0
10006ec4:	b289      	uxth	r1, r1
10006ec6:	88a0      	ldrh	r0, [r4, #4]
10006ec8:	f7ff fdf8 	bl	10006abc <advance_index>
10006ecc:	8160      	strh	r0, [r4, #10]
10006ece:	6920      	ldr	r0, [r4, #16]
10006ed0:	b108      	cbz	r0, 10006ed6 <tu_fifo_read+0x3a>
10006ed2:	f004 f881 	bl	1000afd8 <__mutex_exit_veneer>
10006ed6:	4628      	mov	r0, r5
10006ed8:	bd38      	pop	{r3, r4, r5, pc}

10006eda <tu_fifo_read_n>:
10006eda:	b508      	push	{r3, lr}
10006edc:	2300      	movs	r3, #0
10006ede:	f7ff fe94 	bl	10006c0a <_tu_fifo_read_n>
10006ee2:	bd08      	pop	{r3, pc}

10006ee4 <tu_fifo_write>:
10006ee4:	b5f8      	push	{r3, r4, r5, r6, r7, lr}
10006ee6:	4604      	mov	r4, r0
10006ee8:	460e      	mov	r6, r1
10006eea:	68c0      	ldr	r0, [r0, #12]
10006eec:	b118      	cbz	r0, 10006ef6 <tu_fifo_write+0x12>
10006eee:	f04f 31ff 	mov.w	r1, #4294967295
10006ef2:	f004 f85d 	bl	1000afb0 <__mutex_enter_timeout_ms_veneer>
10006ef6:	8925      	ldrh	r5, [r4, #8]
10006ef8:	b2ad      	uxth	r5, r5
10006efa:	4620      	mov	r0, r4
10006efc:	f7ff ffa4 	bl	10006e48 <tu_fifo_full>
10006f00:	b110      	cbz	r0, 10006f08 <tu_fifo_write+0x24>
10006f02:	79e7      	ldrb	r7, [r4, #7]
10006f04:	09ff      	lsrs	r7, r7, #7
10006f06:	d016      	beq.n	10006f36 <tu_fifo_write+0x52>
10006f08:	88a2      	ldrh	r2, [r4, #4]
10006f0a:	462b      	mov	r3, r5
10006f0c:	e001      	b.n	10006f12 <tu_fifo_write+0x2e>
10006f0e:	1a9b      	subs	r3, r3, r2
10006f10:	b29b      	uxth	r3, r3
10006f12:	429a      	cmp	r2, r3
10006f14:	d9fb      	bls.n	10006f0e <tu_fifo_write+0x2a>
10006f16:	6820      	ldr	r0, [r4, #0]
10006f18:	88e2      	ldrh	r2, [r4, #6]
10006f1a:	f3c2 020e 	ubfx	r2, r2, #0, #15
10006f1e:	4631      	mov	r1, r6
10006f20:	fb02 0003 	mla	r0, r2, r3, r0
10006f24:	f002 fc86 	bl	10009834 <memcpy>
10006f28:	2201      	movs	r2, #1
10006f2a:	4629      	mov	r1, r5
10006f2c:	88a0      	ldrh	r0, [r4, #4]
10006f2e:	f7ff fdc5 	bl	10006abc <advance_index>
10006f32:	8120      	strh	r0, [r4, #8]
10006f34:	2701      	movs	r7, #1
10006f36:	68e0      	ldr	r0, [r4, #12]
10006f38:	b108      	cbz	r0, 10006f3e <tu_fifo_write+0x5a>
10006f3a:	f004 f84d 	bl	1000afd8 <__mutex_exit_veneer>
10006f3e:	4638      	mov	r0, r7
10006f40:	bdf8      	pop	{r3, r4, r5, r6, r7, pc}

10006f42 <tu_fifo_write_n>:
10006f42:	b508      	push	{r3, lr}
10006f44:	2300      	movs	r3, #0
10006f46:	f7ff feb9 	bl	10006cbc <_tu_fifo_write_n>
10006f4a:	bd08      	pop	{r3, pc}

10006f4c <tu_fifo_clear>:
10006f4c:	b510      	push	{r4, lr}
10006f4e:	4604      	mov	r4, r0
10006f50:	68c0      	ldr	r0, [r0, #12]
10006f52:	b118      	cbz	r0, 10006f5c <tu_fifo_clear+0x10>
10006f54:	f04f 31ff 	mov.w	r1, #4294967295
10006f58:	f004 f82a 	bl	1000afb0 <__mutex_enter_timeout_ms_veneer>
10006f5c:	6920      	ldr	r0, [r4, #16]
10006f5e:	b118      	cbz	r0, 10006f68 <tu_fifo_clear+0x1c>
10006f60:	f04f 31ff 	mov.w	r1, #4294967295
10006f64:	f004 f824 	bl	1000afb0 <__mutex_enter_timeout_ms_veneer>
10006f68:	2300      	movs	r3, #0
10006f6a:	8163      	strh	r3, [r4, #10]
10006f6c:	8123      	strh	r3, [r4, #8]
10006f6e:	68e0      	ldr	r0, [r4, #12]
10006f70:	b108      	cbz	r0, 10006f76 <tu_fifo_clear+0x2a>
10006f72:	f004 f831 	bl	1000afd8 <__mutex_exit_veneer>
10006f76:	6920      	ldr	r0, [r4, #16]
10006f78:	b108      	cbz	r0, 10006f7e <tu_fifo_clear+0x32>
10006f7a:	f004 f82d 	bl	1000afd8 <__mutex_exit_veneer>
10006f7e:	2001      	movs	r0, #1
10006f80:	bd10      	pop	{r4, pc}

10006f82 <tu_fifo_set_overwritable>:
10006f82:	b538      	push	{r3, r4, r5, lr}
10006f84:	4604      	mov	r4, r0
10006f86:	460d      	mov	r5, r1
10006f88:	68c0      	ldr	r0, [r0, #12]
10006f8a:	b118      	cbz	r0, 10006f94 <tu_fifo_set_overwritable+0x12>
10006f8c:	f04f 31ff 	mov.w	r1, #4294967295
10006f90:	f004 f80e 	bl	1000afb0 <__mutex_enter_timeout_ms_veneer>
10006f94:	6920      	ldr	r0, [r4, #16]
10006f96:	b118      	cbz	r0, 10006fa0 <tu_fifo_set_overwritable+0x1e>
10006f98:	f04f 31ff 	mov.w	r1, #4294967295
10006f9c:	f004 f808 	bl	1000afb0 <__mutex_enter_timeout_ms_veneer>
10006fa0:	79e3      	ldrb	r3, [r4, #7]
10006fa2:	f365 13c7 	bfi	r3, r5, #7, #1
10006fa6:	71e3      	strb	r3, [r4, #7]
10006fa8:	68e0      	ldr	r0, [r4, #12]
10006faa:	b108      	cbz	r0, 10006fb0 <tu_fifo_set_overwritable+0x2e>
10006fac:	f004 f814 	bl	1000afd8 <__mutex_exit_veneer>
10006fb0:	6920      	ldr	r0, [r4, #16]
10006fb2:	b108      	cbz	r0, 10006fb8 <tu_fifo_set_overwritable+0x36>
10006fb4:	f004 f810 	bl	1000afd8 <__mutex_exit_veneer>
10006fb8:	2001      	movs	r0, #1
10006fba:	bd38      	pop	{r3, r4, r5, pc}

10006fbc <spi_unreset>:
10006fbc:	4b07      	ldr	r3, [pc, #28]	@ (10006fdc <spi_unreset+0x20>)
10006fbe:	4298      	cmp	r0, r3
10006fc0:	d00a      	beq.n	10006fd8 <spi_unreset+0x1c>
10006fc2:	2313      	movs	r3, #19
10006fc4:	2201      	movs	r2, #1
10006fc6:	409a      	lsls	r2, r3
10006fc8:	4b05      	ldr	r3, [pc, #20]	@ (10006fe0 <spi_unreset+0x24>)
10006fca:	601a      	str	r2, [r3, #0]
10006fcc:	4b05      	ldr	r3, [pc, #20]	@ (10006fe4 <spi_unreset+0x28>)
10006fce:	689b      	ldr	r3, [r3, #8]
10006fd0:	ea32 0303 	bics.w	r3, r2, r3
10006fd4:	d1fa      	bne.n	10006fcc <spi_unreset+0x10>
10006fd6:	4770      	bx	lr
10006fd8:	2312      	movs	r3, #18
10006fda:	e7f3      	b.n	10006fc4 <spi_unreset+0x8>
10006fdc:	40080000 	.word	0x40080000
10006fe0:	40023000 	.word	0x40023000
10006fe4:	40020000 	.word	0x40020000

10006fe8 <spi_set_baudrate>:
10006fe8:	b570      	push	{r4, r5, r6, lr}
10006fea:	4605      	mov	r5, r0
10006fec:	460c      	mov	r4, r1
10006fee:	2006      	movs	r0, #6
10006ff0:	f7fb f83e 	bl	10002070 <clock_get_hz>
10006ff4:	46ae      	mov	lr, r5
10006ff6:	f85e 6f04 	ldr.w	r6, [lr, #4]!
10006ffa:	f006 0602 	and.w	r6, r6, #2
10006ffe:	f50e 5240 	add.w	r2, lr, #12288	@ 0x3000
10007002:	2302      	movs	r3, #2
10007004:	6013      	str	r3, [r2, #0]
10007006:	2bfe      	cmp	r3, #254	@ 0xfe
10007008:	d809      	bhi.n	1000701e <spi_set_baudrate+0x36>
1000700a:	021a      	lsls	r2, r3, #8
1000700c:	fba2 2104 	umull	r2, r1, r2, r4
10007010:	4290      	cmp	r0, r2
10007012:	f04f 0200 	mov.w	r2, #0
10007016:	418a      	sbcs	r2, r1
10007018:	d304      	bcc.n	10007024 <spi_set_baudrate+0x3c>
1000701a:	3302      	adds	r3, #2
1000701c:	e7f3      	b.n	10007006 <spi_set_baudrate+0x1e>
1000701e:	f44f 7180 	mov.w	r1, #256	@ 0x100
10007022:	e001      	b.n	10007028 <spi_set_baudrate+0x40>
10007024:	f44f 7180 	mov.w	r1, #256	@ 0x100
10007028:	2901      	cmp	r1, #1
1000702a:	d909      	bls.n	10007040 <spi_set_baudrate+0x58>
1000702c:	f101 3cff 	add.w	ip, r1, #4294967295
10007030:	fb03 f20c 	mul.w	r2, r3, ip
10007034:	fbb0 f2f2 	udiv	r2, r0, r2
10007038:	42a2      	cmp	r2, r4
1000703a:	d801      	bhi.n	10007040 <spi_set_baudrate+0x58>
1000703c:	4661      	mov	r1, ip
1000703e:	e7f3      	b.n	10007028 <spi_set_baudrate+0x40>
10007040:	612b      	str	r3, [r5, #16]
10007042:	1e4c      	subs	r4, r1, #1
10007044:	682a      	ldr	r2, [r5, #0]
10007046:	ea82 2204 	eor.w	r2, r2, r4, lsl #8
1000704a:	f402 427f 	and.w	r2, r2, #65280	@ 0xff00
1000704e:	f505 5580 	add.w	r5, r5, #4096	@ 0x1000
10007052:	602a      	str	r2, [r5, #0]
10007054:	f50e 5e00 	add.w	lr, lr, #8192	@ 0x2000
10007058:	f8ce 6000 	str.w	r6, [lr]
1000705c:	fb01 f303 	mul.w	r3, r1, r3
10007060:	fbb0 f0f3 	udiv	r0, r0, r3
10007064:	bd70      	pop	{r4, r5, r6, pc}
	...

10007068 <spi_init>:
10007068:	b538      	push	{r3, r4, r5, lr}
1000706a:	4604      	mov	r4, r0
1000706c:	460d      	mov	r5, r1
1000706e:	4b16      	ldr	r3, [pc, #88]	@ (100070c8 <spi_init+0x60>)
10007070:	4298      	cmp	r0, r3
10007072:	d026      	beq.n	100070c2 <spi_init+0x5a>
10007074:	2213      	movs	r2, #19
10007076:	2301      	movs	r3, #1
10007078:	4093      	lsls	r3, r2
1000707a:	4a14      	ldr	r2, [pc, #80]	@ (100070cc <spi_init+0x64>)
1000707c:	6013      	str	r3, [r2, #0]
1000707e:	4620      	mov	r0, r4
10007080:	f7ff ff9c 	bl	10006fbc <spi_unreset>
10007084:	4629      	mov	r1, r5
10007086:	4620      	mov	r0, r4
10007088:	f7ff ffae 	bl	10006fe8 <spi_set_baudrate>
1000708c:	4623      	mov	r3, r4
1000708e:	f853 1f04 	ldr.w	r1, [r3, #4]!
10007092:	f001 0102 	and.w	r1, r1, #2
10007096:	f503 5240 	add.w	r2, r3, #12288	@ 0x3000
1000709a:	2502      	movs	r5, #2
1000709c:	6015      	str	r5, [r2, #0]
1000709e:	6822      	ldr	r2, [r4, #0]
100070a0:	f082 0207 	eor.w	r2, r2, #7
100070a4:	f002 02cf 	and.w	r2, r2, #207	@ 0xcf
100070a8:	f504 5c80 	add.w	ip, r4, #4096	@ 0x1000
100070ac:	f8cc 2000 	str.w	r2, [ip]
100070b0:	f503 5300 	add.w	r3, r3, #8192	@ 0x2000
100070b4:	6019      	str	r1, [r3, #0]
100070b6:	f504 5400 	add.w	r4, r4, #8192	@ 0x2000
100070ba:	2203      	movs	r2, #3
100070bc:	6262      	str	r2, [r4, #36]	@ 0x24
100070be:	601d      	str	r5, [r3, #0]
100070c0:	bd38      	pop	{r3, r4, r5, pc}
100070c2:	2212      	movs	r2, #18
100070c4:	e7d7      	b.n	10007076 <spi_init+0xe>
100070c6:	bf00      	nop
100070c8:	40080000 	.word	0x40080000
100070cc:	40022000 	.word	0x40022000

100070d0 <pio_get_default_sm_config>:
100070d0:	2200      	movs	r2, #0
100070d2:	6002      	str	r2, [r0, #0]
100070d4:	6042      	str	r2, [r0, #4]
100070d6:	6082      	str	r2, [r0, #8]
100070d8:	60c2      	str	r2, [r0, #12]
100070da:	f44f 3280 	mov.w	r2, #65536	@ 0x10000
100070de:	6002      	str	r2, [r0, #0]
100070e0:	f44f 32f8 	mov.w	r2, #126976	@ 0x1f000
100070e4:	6042      	str	r2, [r0, #4]
100070e6:	f44f 2280 	mov.w	r2, #262144	@ 0x40000
100070ea:	6082      	str	r2, [r0, #8]
100070ec:	f44f 2240 	mov.w	r2, #786432	@ 0xc0000
100070f0:	6082      	str	r2, [r0, #8]
100070f2:	4770      	bx	lr

100070f4 <is_gpio_compatible>:
100070f4:	f8d0 3168 	ldr.w	r3, [r0, #360]	@ 0x168
100070f8:	b123      	cbz	r3, 10007104 <is_gpio_compatible+0x10>
100070fa:	f011 0f01 	tst.w	r1, #1
100070fe:	d006      	beq.n	1000710e <is_gpio_compatible+0x1a>
10007100:	2000      	movs	r0, #0
10007102:	4770      	bx	lr
10007104:	f011 0f04 	tst.w	r1, #4
10007108:	d003      	beq.n	10007112 <is_gpio_compatible+0x1e>
1000710a:	2000      	movs	r0, #0
1000710c:	4770      	bx	lr
1000710e:	2001      	movs	r0, #1
10007110:	4770      	bx	lr
10007112:	2001      	movs	r0, #1
10007114:	4770      	bx	lr

10007116 <is_program_gpio_compatible>:
10007116:	b508      	push	{r3, lr}
10007118:	79c9      	ldrb	r1, [r1, #7]
1000711a:	f7ff ffeb 	bl	100070f4 <is_gpio_compatible>
1000711e:	bd08      	pop	{r3, pc}

10007120 <add_program_at_offset_check>:
10007120:	b570      	push	{r4, r5, r6, lr}
10007122:	4604      	mov	r4, r0
10007124:	460d      	mov	r5, r1
10007126:	4616      	mov	r6, r2
10007128:	f7ff fff5 	bl	10007116 <is_program_gpio_compatible>
1000712c:	b1d0      	cbz	r0, 10007164 <add_program_at_offset_check+0x44>
1000712e:	f995 3005 	ldrsb.w	r3, [r5, #5]
10007132:	2b00      	cmp	r3, #0
10007134:	db01      	blt.n	1000713a <add_program_at_offset_check+0x1a>
10007136:	42b3      	cmp	r3, r6
10007138:	d117      	bne.n	1000716a <add_program_at_offset_check+0x4a>
1000713a:	f104 402f 	add.w	r0, r4, #2936012800	@ 0xaf000000
1000713e:	f500 0060 	add.w	r0, r0, #14680064	@ 0xe00000
10007142:	0d00      	lsrs	r0, r0, #20
10007144:	4b0a      	ldr	r3, [pc, #40]	@ (10007170 <add_program_at_offset_check+0x50>)
10007146:	f853 1020 	ldr.w	r1, [r3, r0, lsl #2]
1000714a:	792a      	ldrb	r2, [r5, #4]
1000714c:	2301      	movs	r3, #1
1000714e:	4093      	lsls	r3, r2
10007150:	3b01      	subs	r3, #1
10007152:	fa03 f206 	lsl.w	r2, r3, r6
10007156:	420a      	tst	r2, r1
10007158:	d101      	bne.n	1000715e <add_program_at_offset_check+0x3e>
1000715a:	2000      	movs	r0, #0
1000715c:	bd70      	pop	{r4, r5, r6, pc}
1000715e:	f06f 0008 	mvn.w	r0, #8
10007162:	e7fb      	b.n	1000715c <add_program_at_offset_check+0x3c>
10007164:	f06f 000a 	mvn.w	r0, #10
10007168:	e7f8      	b.n	1000715c <add_program_at_offset_check+0x3c>
1000716a:	f06f 000a 	mvn.w	r0, #10
1000716e:	e7f5      	b.n	1000715c <add_program_at_offset_check+0x3c>
10007170:	20001f94 	.word	0x20001f94

10007174 <add_program_at_offset>:
10007174:	b5f8      	push	{r3, r4, r5, r6, r7, lr}
10007176:	4606      	mov	r6, r0
10007178:	460d      	mov	r5, r1
1000717a:	4617      	mov	r7, r2
1000717c:	f7ff ffd0 	bl	10007120 <add_program_at_offset_check>
10007180:	bb28      	cbnz	r0, 100071ce <add_program_at_offset+0x5a>
10007182:	4603      	mov	r3, r0
10007184:	e008      	b.n	10007198 <add_program_at_offset+0x24>
10007186:	eb0c 0407 	add.w	r4, ip, r7
1000718a:	eb03 0c07 	add.w	ip, r3, r7
1000718e:	f10c 0c12 	add.w	ip, ip, #18
10007192:	f846 402c 	str.w	r4, [r6, ip, lsl #2]
10007196:	3301      	adds	r3, #1
10007198:	792a      	ldrb	r2, [r5, #4]
1000719a:	429a      	cmp	r2, r3
1000719c:	d907      	bls.n	100071ae <add_program_at_offset+0x3a>
1000719e:	682a      	ldr	r2, [r5, #0]
100071a0:	f832 c013 	ldrh.w	ip, [r2, r3, lsl #1]
100071a4:	f5bc 5f00 	cmp.w	ip, #8192	@ 0x2000
100071a8:	d3ed      	bcc.n	10007186 <add_program_at_offset+0x12>
100071aa:	4664      	mov	r4, ip
100071ac:	e7ed      	b.n	1000718a <add_program_at_offset+0x16>
100071ae:	2301      	movs	r3, #1
100071b0:	4093      	lsls	r3, r2
100071b2:	3b01      	subs	r3, #1
100071b4:	f106 462f 	add.w	r6, r6, #2936012800	@ 0xaf000000
100071b8:	f506 0660 	add.w	r6, r6, #14680064	@ 0xe00000
100071bc:	0d36      	lsrs	r6, r6, #20
100071be:	4904      	ldr	r1, [pc, #16]	@ (100071d0 <add_program_at_offset+0x5c>)
100071c0:	f851 2026 	ldr.w	r2, [r1, r6, lsl #2]
100071c4:	40bb      	lsls	r3, r7
100071c6:	431a      	orrs	r2, r3
100071c8:	f841 2026 	str.w	r2, [r1, r6, lsl #2]
100071cc:	4638      	mov	r0, r7
100071ce:	bdf8      	pop	{r3, r4, r5, r6, r7, pc}
100071d0:	20001f94 	.word	0x20001f94

100071d4 <find_offset_for_program>:
100071d4:	b510      	push	{r4, lr}
100071d6:	790a      	ldrb	r2, [r1, #4]
100071d8:	2a20      	cmp	r2, #32
100071da:	d819      	bhi.n	10007210 <find_offset_for_program+0x3c>
100071dc:	f100 402f 	add.w	r0, r0, #2936012800	@ 0xaf000000
100071e0:	f500 0060 	add.w	r0, r0, #14680064	@ 0xe00000
100071e4:	0d00      	lsrs	r0, r0, #20
100071e6:	4b15      	ldr	r3, [pc, #84]	@ (1000723c <find_offset_for_program+0x68>)
100071e8:	f853 4020 	ldr.w	r4, [r3, r0, lsl #2]
100071ec:	2301      	movs	r3, #1
100071ee:	4093      	lsls	r3, r2
100071f0:	3b01      	subs	r3, #1
100071f2:	f991 1005 	ldrsb.w	r1, [r1, #5]
100071f6:	2900      	cmp	r1, #0
100071f8:	db10      	blt.n	1000721c <find_offset_for_program+0x48>
100071fa:	4608      	mov	r0, r1
100071fc:	f1c2 0220 	rsb	r2, r2, #32
10007200:	4291      	cmp	r1, r2
10007202:	dc18      	bgt.n	10007236 <find_offset_for_program+0x62>
10007204:	408b      	lsls	r3, r1
10007206:	4223      	tst	r3, r4
10007208:	d001      	beq.n	1000720e <find_offset_for_program+0x3a>
1000720a:	f04f 30ff 	mov.w	r0, #4294967295
1000720e:	bd10      	pop	{r4, pc}
10007210:	4b0b      	ldr	r3, [pc, #44]	@ (10007240 <find_offset_for_program+0x6c>)
10007212:	4a0c      	ldr	r2, [pc, #48]	@ (10007244 <find_offset_for_program+0x70>)
10007214:	2143      	movs	r1, #67	@ 0x43
10007216:	480c      	ldr	r0, [pc, #48]	@ (10007248 <find_offset_for_program+0x74>)
10007218:	f7fc fde8 	bl	10003dec <__assert_func>
1000721c:	f1c2 0020 	rsb	r0, r2, #32
10007220:	2800      	cmp	r0, #0
10007222:	db05      	blt.n	10007230 <find_offset_for_program+0x5c>
10007224:	fa03 f200 	lsl.w	r2, r3, r0
10007228:	4222      	tst	r2, r4
1000722a:	d0f0      	beq.n	1000720e <find_offset_for_program+0x3a>
1000722c:	3801      	subs	r0, #1
1000722e:	e7f7      	b.n	10007220 <find_offset_for_program+0x4c>
10007230:	f06f 0008 	mvn.w	r0, #8
10007234:	e7eb      	b.n	1000720e <find_offset_for_program+0x3a>
10007236:	f04f 30ff 	mov.w	r0, #4294967295
1000723a:	e7e8      	b.n	1000720e <find_offset_for_program+0x3a>
1000723c:	20001f94 	.word	0x20001f94
10007240:	1000b9fc 	.word	0x1000b9fc
10007244:	1000c22c 	.word	0x1000c22c
10007248:	1000ba28 	.word	0x1000ba28

1000724c <pio_claim_unused_sm>:
1000724c:	b510      	push	{r4, lr}
1000724e:	b082      	sub	sp, #8
10007250:	f100 402f 	add.w	r0, r0, #2936012800	@ 0xaf000000
10007254:	f500 0060 	add.w	r0, r0, #14680064	@ 0xe00000
10007258:	0d00      	lsrs	r0, r0, #20
1000725a:	0084      	lsls	r4, r0, #2
1000725c:	4b07      	ldr	r3, [pc, #28]	@ (1000727c <pio_claim_unused_sm+0x30>)
1000725e:	9300      	str	r3, [sp, #0]
10007260:	1ce3      	adds	r3, r4, #3
10007262:	4622      	mov	r2, r4
10007264:	4806      	ldr	r0, [pc, #24]	@ (10007280 <pio_claim_unused_sm+0x34>)
10007266:	f7f9 fe22 	bl	10000eae <hw_claim_unused_from_range>
1000726a:	4284      	cmp	r4, r0
1000726c:	dc02      	bgt.n	10007274 <pio_claim_unused_sm+0x28>
1000726e:	1b00      	subs	r0, r0, r4
10007270:	b002      	add	sp, #8
10007272:	bd10      	pop	{r4, pc}
10007274:	f04f 30ff 	mov.w	r0, #4294967295
10007278:	e7fa      	b.n	10007270 <pio_claim_unused_sm+0x24>
1000727a:	bf00      	nop
1000727c:	1000ba70 	.word	0x1000ba70
10007280:	2000227c 	.word	0x2000227c

10007284 <pio_add_program>:
10007284:	b5f8      	push	{r3, r4, r5, r6, r7, lr}
10007286:	4605      	mov	r5, r0
10007288:	460e      	mov	r6, r1
1000728a:	f7f9 fddb 	bl	10000e44 <hw_claim_lock>
1000728e:	4607      	mov	r7, r0
10007290:	4631      	mov	r1, r6
10007292:	4628      	mov	r0, r5
10007294:	f7ff ff9e 	bl	100071d4 <find_offset_for_program>
10007298:	1e04      	subs	r4, r0, #0
1000729a:	da04      	bge.n	100072a6 <pio_add_program+0x22>
1000729c:	4638      	mov	r0, r7
1000729e:	f7f9 fde3 	bl	10000e68 <hw_claim_unlock>
100072a2:	4620      	mov	r0, r4
100072a4:	bdf8      	pop	{r3, r4, r5, r6, r7, pc}
100072a6:	4622      	mov	r2, r4
100072a8:	4631      	mov	r1, r6
100072aa:	4628      	mov	r0, r5
100072ac:	f7ff ff62 	bl	10007174 <add_program_at_offset>
100072b0:	4604      	mov	r4, r0
100072b2:	e7f3      	b.n	1000729c <pio_add_program+0x18>

100072b4 <pio_sm_set_consecutive_pindirs>:
100072b4:	b5f0      	push	{r4, r5, r6, r7, lr}
100072b6:	f89d 7014 	ldrb.w	r7, [sp, #20]
100072ba:	f8d0 4168 	ldr.w	r4, [r0, #360]	@ 0x168
100072be:	1b12      	subs	r2, r2, r4
100072c0:	2a1f      	cmp	r2, #31
100072c2:	d843      	bhi.n	1000734c <pio_sm_set_consecutive_pindirs+0x98>
100072c4:	eb01 0441 	add.w	r4, r1, r1, lsl #1
100072c8:	eb00 04c4 	add.w	r4, r0, r4, lsl #3
100072cc:	f8d4 60dc 	ldr.w	r6, [r4, #220]	@ 0xdc
100072d0:	f8d4 50cc 	ldr.w	r5, [r4, #204]	@ 0xcc
100072d4:	eb01 0441 	add.w	r4, r1, r1, lsl #1
100072d8:	00e4      	lsls	r4, r4, #3
100072da:	34c8      	adds	r4, #200	@ 0xc8
100072dc:	4404      	add	r4, r0
100072de:	f504 5440 	add.w	r4, r4, #12288	@ 0x3000
100072e2:	f44f 3c00 	mov.w	ip, #131072	@ 0x20000
100072e6:	f8c4 c004 	str.w	ip, [r4, #4]
100072ea:	b117      	cbz	r7, 100072f2 <pio_sm_set_consecutive_pindirs+0x3e>
100072ec:	f04f 0e1f 	mov.w	lr, #31
100072f0:	e015      	b.n	1000731e <pio_sm_set_consecutive_pindirs+0x6a>
100072f2:	f04f 0e00 	mov.w	lr, #0
100072f6:	e012      	b.n	1000731e <pio_sm_set_consecutive_pindirs+0x6a>
100072f8:	0154      	lsls	r4, r2, #5
100072fa:	f044 54a0 	orr.w	r4, r4, #335544320	@ 0x14000000
100072fe:	eb01 0c41 	add.w	ip, r1, r1, lsl #1
10007302:	eb00 0ccc 	add.w	ip, r0, ip, lsl #3
10007306:	f8cc 40dc 	str.w	r4, [ip, #220]	@ 0xdc
1000730a:	f44e 4460 	orr.w	r4, lr, #57344	@ 0xe000
1000730e:	f044 0480 	orr.w	r4, r4, #128	@ 0x80
10007312:	f8cc 40d8 	str.w	r4, [ip, #216]	@ 0xd8
10007316:	3b05      	subs	r3, #5
10007318:	3205      	adds	r2, #5
1000731a:	f002 021f 	and.w	r2, r2, #31
1000731e:	2b05      	cmp	r3, #5
10007320:	d8ea      	bhi.n	100072f8 <pio_sm_set_consecutive_pindirs+0x44>
10007322:	0152      	lsls	r2, r2, #5
10007324:	ea42 6383 	orr.w	r3, r2, r3, lsl #26
10007328:	eb01 0241 	add.w	r2, r1, r1, lsl #1
1000732c:	eb00 02c2 	add.w	r2, r0, r2, lsl #3
10007330:	f8c2 30dc 	str.w	r3, [r2, #220]	@ 0xdc
10007334:	f44e 4360 	orr.w	r3, lr, #57344	@ 0xe000
10007338:	f043 0380 	orr.w	r3, r3, #128	@ 0x80
1000733c:	f8c2 30d8 	str.w	r3, [r2, #216]	@ 0xd8
10007340:	f8c2 60dc 	str.w	r6, [r2, #220]	@ 0xdc
10007344:	f8c2 50cc 	str.w	r5, [r2, #204]	@ 0xcc
10007348:	2000      	movs	r0, #0
1000734a:	bdf0      	pop	{r4, r5, r6, r7, pc}
1000734c:	f06f 0004 	mvn.w	r0, #4
10007350:	e7fb      	b.n	1000734a <pio_sm_set_consecutive_pindirs+0x96>

10007352 <pio_sm_init>:
10007352:	b570      	push	{r4, r5, r6, lr}
10007354:	b084      	sub	sp, #16
10007356:	4605      	mov	r5, r0
10007358:	460c      	mov	r4, r1
1000735a:	4616      	mov	r6, r2
1000735c:	6802      	ldr	r2, [r0, #0]
1000735e:	2101      	movs	r1, #1
10007360:	40a1      	lsls	r1, r4
10007362:	ea22 0201 	bic.w	r2, r2, r1
10007366:	6002      	str	r2, [r0, #0]
10007368:	b3ab      	cbz	r3, 100073d6 <pio_sm_init+0x84>
1000736a:	461a      	mov	r2, r3
1000736c:	6819      	ldr	r1, [r3, #0]
1000736e:	eb04 0344 	add.w	r3, r4, r4, lsl #1
10007372:	eb00 03c3 	add.w	r3, r0, r3, lsl #3
10007376:	f8c3 10c8 	str.w	r1, [r3, #200]	@ 0xc8
1000737a:	6891      	ldr	r1, [r2, #8]
1000737c:	f8c3 10d0 	str.w	r1, [r3, #208]	@ 0xd0
10007380:	6851      	ldr	r1, [r2, #4]
10007382:	f8c3 10cc 	str.w	r1, [r3, #204]	@ 0xcc
10007386:	68d2      	ldr	r2, [r2, #12]
10007388:	f8c3 20dc 	str.w	r2, [r3, #220]	@ 0xdc
1000738c:	eb04 0344 	add.w	r3, r4, r4, lsl #1
10007390:	00db      	lsls	r3, r3, #3
10007392:	33d0      	adds	r3, #208	@ 0xd0
10007394:	442b      	add	r3, r5
10007396:	f503 5380 	add.w	r3, r3, #4096	@ 0x1000
1000739a:	f04f 4200 	mov.w	r2, #2147483648	@ 0x80000000
1000739e:	601a      	str	r2, [r3, #0]
100073a0:	601a      	str	r2, [r3, #0]
100073a2:	f04f 3301 	mov.w	r3, #16843009	@ 0x1010101
100073a6:	40a3      	lsls	r3, r4
100073a8:	60ab      	str	r3, [r5, #8]
100073aa:	1d22      	adds	r2, r4, #4
100073ac:	2301      	movs	r3, #1
100073ae:	fa03 f202 	lsl.w	r2, r3, r2
100073b2:	f505 5100 	add.w	r1, r5, #8192	@ 0x2000
100073b6:	600a      	str	r2, [r1, #0]
100073b8:	f104 0208 	add.w	r2, r4, #8
100073bc:	4093      	lsls	r3, r2
100073be:	600b      	str	r3, [r1, #0]
100073c0:	f006 061f 	and.w	r6, r6, #31
100073c4:	eb04 0444 	add.w	r4, r4, r4, lsl #1
100073c8:	eb05 05c4 	add.w	r5, r5, r4, lsl #3
100073cc:	f8c5 60d8 	str.w	r6, [r5, #216]	@ 0xd8
100073d0:	2000      	movs	r0, #0
100073d2:	b004      	add	sp, #16
100073d4:	bd70      	pop	{r4, r5, r6, pc}
100073d6:	4668      	mov	r0, sp
100073d8:	f7ff fe7a 	bl	100070d0 <pio_get_default_sm_config>
100073dc:	eb04 0344 	add.w	r3, r4, r4, lsl #1
100073e0:	eb05 03c3 	add.w	r3, r5, r3, lsl #3
100073e4:	9a00      	ldr	r2, [sp, #0]
100073e6:	f8c3 20c8 	str.w	r2, [r3, #200]	@ 0xc8
100073ea:	9a02      	ldr	r2, [sp, #8]
100073ec:	f8c3 20d0 	str.w	r2, [r3, #208]	@ 0xd0
100073f0:	9a01      	ldr	r2, [sp, #4]
100073f2:	f8c3 20cc 	str.w	r2, [r3, #204]	@ 0xcc
100073f6:	9a03      	ldr	r2, [sp, #12]
100073f8:	f8c3 20dc 	str.w	r2, [r3, #220]	@ 0xdc
100073fc:	e7c6      	b.n	1000738c <pio_sm_init+0x3a>

100073fe <core1_trampoline>:
100073fe:	bd03      	pop	{r0, r1, pc}

10007400 <core1_wrapper>:
10007400:	b510      	push	{r4, lr}
10007402:	4604      	mov	r4, r0
10007404:	f7fa ffb6 	bl	10002374 <runtime_run_per_core_initializers>
10007408:	47a0      	blx	r4
1000740a:	bd10      	pop	{r4, pc}

1000740c <multicore_fifo_push_blocking>:
1000740c:	f04f 4350 	mov.w	r3, #3489660928	@ 0xd0000000
10007410:	6d1b      	ldr	r3, [r3, #80]	@ 0x50
10007412:	f013 0f02 	tst.w	r3, #2
10007416:	d0f9      	beq.n	1000740c <multicore_fifo_push_blocking>
10007418:	f04f 4350 	mov.w	r3, #3489660928	@ 0xd0000000
1000741c:	6558      	str	r0, [r3, #84]	@ 0x54
1000741e:	bf40      	sev
10007420:	4770      	bx	lr

10007422 <multicore_fifo_pop_blocking>:
10007422:	e000      	b.n	10007426 <multicore_fifo_pop_blocking+0x4>
10007424:	bf20      	wfe
10007426:	f04f 4350 	mov.w	r3, #3489660928	@ 0xd0000000
1000742a:	6d1b      	ldr	r3, [r3, #80]	@ 0x50
1000742c:	f013 0f01 	tst.w	r3, #1
10007430:	d0f8      	beq.n	10007424 <multicore_fifo_pop_blocking+0x2>
10007432:	f04f 4350 	mov.w	r3, #3489660928	@ 0xd0000000
10007436:	6d98      	ldr	r0, [r3, #88]	@ 0x58
10007438:	4770      	bx	lr

1000743a <multicore_launch_core1_raw>:
1000743a:	e92d 41f0 	stmdb	sp!, {r4, r5, r6, r7, r8, lr}
1000743e:	b086      	sub	sp, #24
10007440:	4604      	mov	r4, r0
10007442:	460f      	mov	r7, r1
10007444:	4690      	mov	r8, r2
10007446:	2019      	movs	r0, #25
10007448:	f7f9 fdf0 	bl	1000102c <irq_is_enabled>
1000744c:	4606      	mov	r6, r0
1000744e:	2100      	movs	r1, #0
10007450:	2019      	movs	r0, #25
10007452:	f7f9 fe0b 	bl	1000106c <irq_set_enabled>
10007456:	2500      	movs	r5, #0
10007458:	9500      	str	r5, [sp, #0]
1000745a:	9501      	str	r5, [sp, #4]
1000745c:	2301      	movs	r3, #1
1000745e:	9302      	str	r3, [sp, #8]
10007460:	f8cd 800c 	str.w	r8, [sp, #12]
10007464:	9704      	str	r7, [sp, #16]
10007466:	9405      	str	r4, [sp, #20]
10007468:	e00d      	b.n	10007486 <multicore_launch_core1_raw+0x4c>
1000746a:	f04f 4350 	mov.w	r3, #3489660928	@ 0xd0000000
1000746e:	6d9b      	ldr	r3, [r3, #88]	@ 0x58
10007470:	f04f 4350 	mov.w	r3, #3489660928	@ 0xd0000000
10007474:	6d1b      	ldr	r3, [r3, #80]	@ 0x50
10007476:	f013 0f01 	tst.w	r3, #1
1000747a:	d1f6      	bne.n	1000746a <multicore_launch_core1_raw+0x30>
1000747c:	bf40      	sev
1000747e:	e009      	b.n	10007494 <multicore_launch_core1_raw+0x5a>
10007480:	3501      	adds	r5, #1
10007482:	2d05      	cmp	r5, #5
10007484:	d80f      	bhi.n	100074a6 <multicore_launch_core1_raw+0x6c>
10007486:	ab06      	add	r3, sp, #24
10007488:	eb03 0385 	add.w	r3, r3, r5, lsl #2
1000748c:	f853 4c18 	ldr.w	r4, [r3, #-24]
10007490:	2c00      	cmp	r4, #0
10007492:	d0ed      	beq.n	10007470 <multicore_launch_core1_raw+0x36>
10007494:	4620      	mov	r0, r4
10007496:	f7ff ffb9 	bl	1000740c <multicore_fifo_push_blocking>
1000749a:	f7ff ffc2 	bl	10007422 <multicore_fifo_pop_blocking>
1000749e:	4284      	cmp	r4, r0
100074a0:	d0ee      	beq.n	10007480 <multicore_launch_core1_raw+0x46>
100074a2:	2500      	movs	r5, #0
100074a4:	e7ed      	b.n	10007482 <multicore_launch_core1_raw+0x48>
100074a6:	4631      	mov	r1, r6
100074a8:	2019      	movs	r0, #25
100074aa:	f7f9 fddf 	bl	1000106c <irq_set_enabled>
100074ae:	b006      	add	sp, #24
100074b0:	e8bd 81f0 	ldmia.w	sp!, {r4, r5, r6, r7, r8, pc}

100074b4 <multicore_launch_core1_with_stack>:
100074b4:	b508      	push	{r3, lr}
100074b6:	f012 0f03 	tst.w	r2, #3
100074ba:	d111      	bne.n	100074e0 <multicore_launch_core1_with_stack+0x2c>
100074bc:	f022 0203 	bic.w	r2, r2, #3
100074c0:	188b      	adds	r3, r1, r2
100074c2:	4a0a      	ldr	r2, [pc, #40]	@ (100074ec <multicore_launch_core1_with_stack+0x38>)
100074c4:	6892      	ldr	r2, [r2, #8]
100074c6:	f843 0c0c 	str.w	r0, [r3, #-12]
100074ca:	f843 1c08 	str.w	r1, [r3, #-8]
100074ce:	4908      	ldr	r1, [pc, #32]	@ (100074f0 <multicore_launch_core1_with_stack+0x3c>)
100074d0:	f843 1c04 	str.w	r1, [r3, #-4]
100074d4:	f1a3 010c 	sub.w	r1, r3, #12
100074d8:	4806      	ldr	r0, [pc, #24]	@ (100074f4 <multicore_launch_core1_with_stack+0x40>)
100074da:	f7ff ffae 	bl	1000743a <multicore_launch_core1_raw>
100074de:	bd08      	pop	{r3, pc}
100074e0:	4b05      	ldr	r3, [pc, #20]	@ (100074f8 <multicore_launch_core1_with_stack+0x44>)
100074e2:	4a06      	ldr	r2, [pc, #24]	@ (100074fc <multicore_launch_core1_with_stack+0x48>)
100074e4:	218e      	movs	r1, #142	@ 0x8e
100074e6:	4806      	ldr	r0, [pc, #24]	@ (10007500 <multicore_launch_core1_with_stack+0x4c>)
100074e8:	f7fc fc80 	bl	10003dec <__assert_func>
100074ec:	e000ed00 	.word	0xe000ed00
100074f0:	10007401 	.word	0x10007401
100074f4:	100073ff 	.word	0x100073ff
100074f8:	1000bb0c 	.word	0x1000bb0c
100074fc:	1000c244 	.word	0x1000c244
10007500:	1000babc 	.word	0x1000babc

10007504 <multicore_launch_core1>:
10007504:	b508      	push	{r3, lr}
10007506:	4a06      	ldr	r2, [pc, #24]	@ (10007520 <multicore_launch_core1+0x1c>)
10007508:	4b06      	ldr	r3, [pc, #24]	@ (10007524 <multicore_launch_core1+0x20>)
1000750a:	429a      	cmp	r2, r3
1000750c:	d305      	bcc.n	1000751a <multicore_launch_core1+0x16>
1000750e:	4611      	mov	r1, r2
10007510:	f44f 6200 	mov.w	r2, #2048	@ 0x800
10007514:	f7ff ffce 	bl	100074b4 <multicore_launch_core1_with_stack>
10007518:	bd08      	pop	{r3, pc}
1000751a:	f04f 31ff 	mov.w	r1, #4294967295
1000751e:	e7f7      	b.n	10007510 <multicore_launch_core1+0xc>
10007520:	20080800 	.word	0x20080800
10007524:	20080000 	.word	0x20080000

10007528 <write_command>:
10007528:	b510      	push	{r4, lr}
1000752a:	b082      	sub	sp, #8
1000752c:	f88d 0007 	strb.w	r0, [sp, #7]
10007530:	bf00      	nop
10007532:	bf00      	nop
10007534:	bf00      	nop
10007536:	f04f 0300 	mov.w	r3, #0
1000753a:	2215      	movs	r2, #21
1000753c:	ec43 2040 	gpioc_bit_out_put r2, r3
10007540:	bf00      	nop
10007542:	bf00      	nop
10007544:	bf00      	nop
10007546:	bf00      	nop
10007548:	bf00      	nop
1000754a:	bf00      	nop
1000754c:	2416      	movs	r4, #22
1000754e:	ec43 4040 	gpioc_bit_out_put r4, r3
10007552:	bf00      	nop
10007554:	bf00      	nop
10007556:	bf00      	nop
10007558:	2201      	movs	r2, #1
1000755a:	f10d 0107 	add.w	r1, sp, #7
1000755e:	4807      	ldr	r0, [pc, #28]	@ (1000757c <write_command+0x54>)
10007560:	f003 fd52 	bl	1000b008 <__spi_write_blocking_veneer>
10007564:	bf00      	nop
10007566:	bf00      	nop
10007568:	bf00      	nop
1000756a:	f04f 0301 	mov.w	r3, #1
1000756e:	ec43 4040 	gpioc_bit_out_put r4, r3
10007572:	bf00      	nop
10007574:	bf00      	nop
10007576:	bf00      	nop
10007578:	b002      	add	sp, #8
1000757a:	bd10      	pop	{r4, pc}
1000757c:	40080000 	.word	0x40080000

10007580 <write_data>:
10007580:	b530      	push	{r4, r5, lr}
10007582:	b083      	sub	sp, #12
10007584:	f88d 0007 	strb.w	r0, [sp, #7]
10007588:	bf00      	nop
1000758a:	bf00      	nop
1000758c:	bf00      	nop
1000758e:	2201      	movs	r2, #1
10007590:	4615      	mov	r5, r2
10007592:	2315      	movs	r3, #21
10007594:	ec42 3040 	gpioc_bit_out_put r3, r2
10007598:	bf00      	nop
1000759a:	bf00      	nop
1000759c:	bf00      	nop
1000759e:	bf00      	nop
100075a0:	bf00      	nop
100075a2:	bf00      	nop
100075a4:	2416      	movs	r4, #22
100075a6:	f04f 0300 	mov.w	r3, #0
100075aa:	ec43 4040 	gpioc_bit_out_put r4, r3
100075ae:	bf00      	nop
100075b0:	bf00      	nop
100075b2:	bf00      	nop
100075b4:	f10d 0107 	add.w	r1, sp, #7
100075b8:	4806      	ldr	r0, [pc, #24]	@ (100075d4 <write_data+0x54>)
100075ba:	f003 fd25 	bl	1000b008 <__spi_write_blocking_veneer>
100075be:	bf00      	nop
100075c0:	bf00      	nop
100075c2:	bf00      	nop
100075c4:	ec45 4040 	gpioc_bit_out_put r4, r5
100075c8:	bf00      	nop
100075ca:	bf00      	nop
100075cc:	bf00      	nop
100075ce:	b003      	add	sp, #12
100075d0:	bd30      	pop	{r4, r5, pc}
100075d2:	bf00      	nop
100075d4:	40080000 	.word	0x40080000

100075d8 <Rcmd1>:
100075d8:	b508      	push	{r3, lr}
100075da:	2001      	movs	r0, #1
100075dc:	f7ff ffa4 	bl	10007528 <write_command>
100075e0:	2096      	movs	r0, #150	@ 0x96
100075e2:	f7fa fb0d 	bl	10001c00 <sleep_ms>
100075e6:	2011      	movs	r0, #17
100075e8:	f7ff ff9e 	bl	10007528 <write_command>
100075ec:	20fa      	movs	r0, #250	@ 0xfa
100075ee:	f7fa fb07 	bl	10001c00 <sleep_ms>
100075f2:	20fa      	movs	r0, #250	@ 0xfa
100075f4:	f7fa fb04 	bl	10001c00 <sleep_ms>
100075f8:	20b1      	movs	r0, #177	@ 0xb1
100075fa:	f7ff ff95 	bl	10007528 <write_command>
100075fe:	2001      	movs	r0, #1
10007600:	f7ff ffbe 	bl	10007580 <write_data>
10007604:	202c      	movs	r0, #44	@ 0x2c
10007606:	f7ff ffbb 	bl	10007580 <write_data>
1000760a:	202d      	movs	r0, #45	@ 0x2d
1000760c:	f7ff ffb8 	bl	10007580 <write_data>
10007610:	20b2      	movs	r0, #178	@ 0xb2
10007612:	f7ff ff89 	bl	10007528 <write_command>
10007616:	2001      	movs	r0, #1
10007618:	f7ff ffb2 	bl	10007580 <write_data>
1000761c:	202c      	movs	r0, #44	@ 0x2c
1000761e:	f7ff ffaf 	bl	10007580 <write_data>
10007622:	202d      	movs	r0, #45	@ 0x2d
10007624:	f7ff ffac 	bl	10007580 <write_data>
10007628:	20b3      	movs	r0, #179	@ 0xb3
1000762a:	f7ff ff7d 	bl	10007528 <write_command>
1000762e:	2001      	movs	r0, #1
10007630:	f7ff ffa6 	bl	10007580 <write_data>
10007634:	202c      	movs	r0, #44	@ 0x2c
10007636:	f7ff ffa3 	bl	10007580 <write_data>
1000763a:	202d      	movs	r0, #45	@ 0x2d
1000763c:	f7ff ffa0 	bl	10007580 <write_data>
10007640:	2001      	movs	r0, #1
10007642:	f7ff ff9d 	bl	10007580 <write_data>
10007646:	202c      	movs	r0, #44	@ 0x2c
10007648:	f7ff ff9a 	bl	10007580 <write_data>
1000764c:	202d      	movs	r0, #45	@ 0x2d
1000764e:	f7ff ff97 	bl	10007580 <write_data>
10007652:	20b4      	movs	r0, #180	@ 0xb4
10007654:	f7ff ff68 	bl	10007528 <write_command>
10007658:	2007      	movs	r0, #7
1000765a:	f7ff ff91 	bl	10007580 <write_data>
1000765e:	20c0      	movs	r0, #192	@ 0xc0
10007660:	f7ff ff62 	bl	10007528 <write_command>
10007664:	20a2      	movs	r0, #162	@ 0xa2
10007666:	f7ff ff8b 	bl	10007580 <write_data>
1000766a:	2002      	movs	r0, #2
1000766c:	f7ff ff88 	bl	10007580 <write_data>
10007670:	2084      	movs	r0, #132	@ 0x84
10007672:	f7ff ff85 	bl	10007580 <write_data>
10007676:	20c1      	movs	r0, #193	@ 0xc1
10007678:	f7ff ff56 	bl	10007528 <write_command>
1000767c:	20c5      	movs	r0, #197	@ 0xc5
1000767e:	f7ff ff7f 	bl	10007580 <write_data>
10007682:	20c2      	movs	r0, #194	@ 0xc2
10007684:	f7ff ff50 	bl	10007528 <write_command>
10007688:	200a      	movs	r0, #10
1000768a:	f7ff ff79 	bl	10007580 <write_data>
1000768e:	2000      	movs	r0, #0
10007690:	f7ff ff76 	bl	10007580 <write_data>
10007694:	20c3      	movs	r0, #195	@ 0xc3
10007696:	f7ff ff47 	bl	10007528 <write_command>
1000769a:	208a      	movs	r0, #138	@ 0x8a
1000769c:	f7ff ff70 	bl	10007580 <write_data>
100076a0:	202a      	movs	r0, #42	@ 0x2a
100076a2:	f7ff ff6d 	bl	10007580 <write_data>
100076a6:	20c4      	movs	r0, #196	@ 0xc4
100076a8:	f7ff ff3e 	bl	10007528 <write_command>
100076ac:	208a      	movs	r0, #138	@ 0x8a
100076ae:	f7ff ff67 	bl	10007580 <write_data>
100076b2:	20ee      	movs	r0, #238	@ 0xee
100076b4:	f7ff ff64 	bl	10007580 <write_data>
100076b8:	20c5      	movs	r0, #197	@ 0xc5
100076ba:	f7ff ff35 	bl	10007528 <write_command>
100076be:	200e      	movs	r0, #14
100076c0:	f7ff ff5e 	bl	10007580 <write_data>
100076c4:	2020      	movs	r0, #32
100076c6:	f7ff ff2f 	bl	10007528 <write_command>
100076ca:	2036      	movs	r0, #54	@ 0x36
100076cc:	f7ff ff2c 	bl	10007528 <write_command>
100076d0:	20c8      	movs	r0, #200	@ 0xc8
100076d2:	f7ff ff55 	bl	10007580 <write_data>
100076d6:	203a      	movs	r0, #58	@ 0x3a
100076d8:	f7ff ff26 	bl	10007528 <write_command>
100076dc:	2005      	movs	r0, #5
100076de:	f7ff ff4f 	bl	10007580 <write_data>
100076e2:	bd08      	pop	{r3, pc}

100076e4 <Rcmd2green>:
100076e4:	b508      	push	{r3, lr}
100076e6:	202a      	movs	r0, #42	@ 0x2a
100076e8:	f7ff ff1e 	bl	10007528 <write_command>
100076ec:	2000      	movs	r0, #0
100076ee:	f7ff ff47 	bl	10007580 <write_data>
100076f2:	2002      	movs	r0, #2
100076f4:	f7ff ff44 	bl	10007580 <write_data>
100076f8:	2000      	movs	r0, #0
100076fa:	f7ff ff41 	bl	10007580 <write_data>
100076fe:	2081      	movs	r0, #129	@ 0x81
10007700:	f7ff ff3e 	bl	10007580 <write_data>
10007704:	202b      	movs	r0, #43	@ 0x2b
10007706:	f7ff ff0f 	bl	10007528 <write_command>
1000770a:	2000      	movs	r0, #0
1000770c:	f7ff ff38 	bl	10007580 <write_data>
10007710:	2001      	movs	r0, #1
10007712:	f7ff ff35 	bl	10007580 <write_data>
10007716:	2000      	movs	r0, #0
10007718:	f7ff ff32 	bl	10007580 <write_data>
1000771c:	20a0      	movs	r0, #160	@ 0xa0
1000771e:	f7ff ff2f 	bl	10007580 <write_data>
10007722:	bd08      	pop	{r3, pc}

10007724 <Rcmd3>:
10007724:	b508      	push	{r3, lr}
10007726:	20e0      	movs	r0, #224	@ 0xe0
10007728:	f7ff fefe 	bl	10007528 <write_command>
1000772c:	2002      	movs	r0, #2
1000772e:	f7ff ff27 	bl	10007580 <write_data>
10007732:	201c      	movs	r0, #28
10007734:	f7ff ff24 	bl	10007580 <write_data>
10007738:	2007      	movs	r0, #7
1000773a:	f7ff ff21 	bl	10007580 <write_data>
1000773e:	2012      	movs	r0, #18
10007740:	f7ff ff1e 	bl	10007580 <write_data>
10007744:	2037      	movs	r0, #55	@ 0x37
10007746:	f7ff ff1b 	bl	10007580 <write_data>
1000774a:	2032      	movs	r0, #50	@ 0x32
1000774c:	f7ff ff18 	bl	10007580 <write_data>
10007750:	2029      	movs	r0, #41	@ 0x29
10007752:	f7ff ff15 	bl	10007580 <write_data>
10007756:	202d      	movs	r0, #45	@ 0x2d
10007758:	f7ff ff12 	bl	10007580 <write_data>
1000775c:	2029      	movs	r0, #41	@ 0x29
1000775e:	f7ff ff0f 	bl	10007580 <write_data>
10007762:	2025      	movs	r0, #37	@ 0x25
10007764:	f7ff ff0c 	bl	10007580 <write_data>
10007768:	202b      	movs	r0, #43	@ 0x2b
1000776a:	f7ff ff09 	bl	10007580 <write_data>
1000776e:	2039      	movs	r0, #57	@ 0x39
10007770:	f7ff ff06 	bl	10007580 <write_data>
10007774:	2000      	movs	r0, #0
10007776:	f7ff ff03 	bl	10007580 <write_data>
1000777a:	2001      	movs	r0, #1
1000777c:	f7ff ff00 	bl	10007580 <write_data>
10007780:	2003      	movs	r0, #3
10007782:	f7ff fefd 	bl	10007580 <write_data>
10007786:	2010      	movs	r0, #16
10007788:	f7ff fefa 	bl	10007580 <write_data>
1000778c:	20e1      	movs	r0, #225	@ 0xe1
1000778e:	f7ff fecb 	bl	10007528 <write_command>
10007792:	2003      	movs	r0, #3
10007794:	f7ff fef4 	bl	10007580 <write_data>
10007798:	201d      	movs	r0, #29
1000779a:	f7ff fef1 	bl	10007580 <write_data>
1000779e:	2007      	movs	r0, #7
100077a0:	f7ff feee 	bl	10007580 <write_data>
100077a4:	2006      	movs	r0, #6
100077a6:	f7ff feeb 	bl	10007580 <write_data>
100077aa:	202e      	movs	r0, #46	@ 0x2e
100077ac:	f7ff fee8 	bl	10007580 <write_data>
100077b0:	202c      	movs	r0, #44	@ 0x2c
100077b2:	f7ff fee5 	bl	10007580 <write_data>
100077b6:	2029      	movs	r0, #41	@ 0x29
100077b8:	f7ff fee2 	bl	10007580 <write_data>
100077bc:	202d      	movs	r0, #45	@ 0x2d
100077be:	f7ff fedf 	bl	10007580 <write_data>
100077c2:	202e      	movs	r0, #46	@ 0x2e
100077c4:	f7ff fedc 	bl	10007580 <write_data>
100077c8:	202e      	movs	r0, #46	@ 0x2e
100077ca:	f7ff fed9 	bl	10007580 <write_data>
100077ce:	2037      	movs	r0, #55	@ 0x37
100077d0:	f7ff fed6 	bl	10007580 <write_data>
100077d4:	203f      	movs	r0, #63	@ 0x3f
100077d6:	f7ff fed3 	bl	10007580 <write_data>
100077da:	2000      	movs	r0, #0
100077dc:	f7ff fed0 	bl	10007580 <write_data>
100077e0:	2000      	movs	r0, #0
100077e2:	f7ff fecd 	bl	10007580 <write_data>
100077e6:	2002      	movs	r0, #2
100077e8:	f7ff feca 	bl	10007580 <write_data>
100077ec:	2010      	movs	r0, #16
100077ee:	f7ff fec7 	bl	10007580 <write_data>
100077f2:	2013      	movs	r0, #19
100077f4:	f7ff fe98 	bl	10007528 <write_command>
100077f8:	200a      	movs	r0, #10
100077fa:	f7fa fa01 	bl	10001c00 <sleep_ms>
100077fe:	2029      	movs	r0, #41	@ 0x29
10007800:	f7ff fe92 	bl	10007528 <write_command>
10007804:	2064      	movs	r0, #100	@ 0x64
10007806:	f7fa f9fb 	bl	10001c00 <sleep_ms>
1000780a:	bd08      	pop	{r3, pc}

1000780c <setAddrWindow>:
1000780c:	e92d 41f0 	stmdb	sp!, {r4, r5, r6, r7, r8, lr}
10007810:	4607      	mov	r7, r0
10007812:	460d      	mov	r5, r1
10007814:	4616      	mov	r6, r2
10007816:	461c      	mov	r4, r3
10007818:	202a      	movs	r0, #42	@ 0x2a
1000781a:	f7ff fe85 	bl	10007528 <write_command>
1000781e:	2000      	movs	r0, #0
10007820:	f7ff feae 	bl	10007580 <write_data>
10007824:	f8df 8054 	ldr.w	r8, [pc, #84]	@ 1000787c <setAddrWindow+0x70>
10007828:	f898 3000 	ldrb.w	r3, [r8]
1000782c:	18f8      	adds	r0, r7, r3
1000782e:	b2c0      	uxtb	r0, r0
10007830:	f7ff fea6 	bl	10007580 <write_data>
10007834:	2000      	movs	r0, #0
10007836:	f7ff fea3 	bl	10007580 <write_data>
1000783a:	f898 3000 	ldrb.w	r3, [r8]
1000783e:	18f0      	adds	r0, r6, r3
10007840:	b2c0      	uxtb	r0, r0
10007842:	f7ff fe9d 	bl	10007580 <write_data>
10007846:	202b      	movs	r0, #43	@ 0x2b
10007848:	f7ff fe6e 	bl	10007528 <write_command>
1000784c:	2000      	movs	r0, #0
1000784e:	f7ff fe97 	bl	10007580 <write_data>
10007852:	4e09      	ldr	r6, [pc, #36]	@ (10007878 <setAddrWindow+0x6c>)
10007854:	7833      	ldrb	r3, [r6, #0]
10007856:	18e8      	adds	r0, r5, r3
10007858:	b2c0      	uxtb	r0, r0
1000785a:	f7ff fe91 	bl	10007580 <write_data>
1000785e:	2000      	movs	r0, #0
10007860:	f7ff fe8e 	bl	10007580 <write_data>
10007864:	7833      	ldrb	r3, [r6, #0]
10007866:	18e0      	adds	r0, r4, r3
10007868:	b2c0      	uxtb	r0, r0
1000786a:	f7ff fe89 	bl	10007580 <write_data>
1000786e:	202c      	movs	r0, #44	@ 0x2c
10007870:	f7ff fe5a 	bl	10007528 <write_command>
10007874:	e8bd 81f0 	ldmia.w	sp!, {r4, r5, r6, r7, r8, pc}
10007878:	200027b6 	.word	0x200027b6
1000787c:	200027b5 	.word	0x200027b5

10007880 <fillRectangle>:
10007880:	b5f0      	push	{r4, r5, r6, r7, lr}
10007882:	b083      	sub	sp, #12
10007884:	461e      	mov	r6, r3
10007886:	f8bd 4020 	ldrh.w	r4, [sp, #32]
1000788a:	4b2e      	ldr	r3, [pc, #184]	@ (10007944 <fillRectangle+0xc4>)
1000788c:	781b      	ldrb	r3, [r3, #0]
1000788e:	4283      	cmp	r3, r0
10007890:	d955      	bls.n	1000793e <fillRectangle+0xbe>
10007892:	4617      	mov	r7, r2
10007894:	4a2c      	ldr	r2, [pc, #176]	@ (10007948 <fillRectangle+0xc8>)
10007896:	7812      	ldrb	r2, [r2, #0]
10007898:	428a      	cmp	r2, r1
1000789a:	d950      	bls.n	1000793e <fillRectangle+0xbe>
1000789c:	19c5      	adds	r5, r0, r7
1000789e:	429d      	cmp	r5, r3
100078a0:	dd01      	ble.n	100078a6 <fillRectangle+0x26>
100078a2:	1a1b      	subs	r3, r3, r0
100078a4:	b2df      	uxtb	r7, r3
100078a6:	198b      	adds	r3, r1, r6
100078a8:	4293      	cmp	r3, r2
100078aa:	dd01      	ble.n	100078b0 <fillRectangle+0x30>
100078ac:	1a52      	subs	r2, r2, r1
100078ae:	b2d6      	uxtb	r6, r2
100078b0:	183a      	adds	r2, r7, r0
100078b2:	b2d2      	uxtb	r2, r2
100078b4:	1873      	adds	r3, r6, r1
100078b6:	b2db      	uxtb	r3, r3
100078b8:	3b01      	subs	r3, #1
100078ba:	3a01      	subs	r2, #1
100078bc:	b2db      	uxtb	r3, r3
100078be:	b2d2      	uxtb	r2, r2
100078c0:	f7ff ffa4 	bl	1000780c <setAddrWindow>
100078c4:	0a23      	lsrs	r3, r4, #8
100078c6:	f88d 3007 	strb.w	r3, [sp, #7]
100078ca:	f88d 4006 	strb.w	r4, [sp, #6]
100078ce:	bf00      	nop
100078d0:	bf00      	nop
100078d2:	bf00      	nop
100078d4:	2315      	movs	r3, #21
100078d6:	f04f 0201 	mov.w	r2, #1
100078da:	ec42 3040 	gpioc_bit_out_put r3, r2
100078de:	bf00      	nop
100078e0:	bf00      	nop
100078e2:	bf00      	nop
100078e4:	bf00      	nop
100078e6:	bf00      	nop
100078e8:	bf00      	nop
100078ea:	2316      	movs	r3, #22
100078ec:	f04f 0200 	mov.w	r2, #0
100078f0:	ec42 3040 	gpioc_bit_out_put r3, r2
100078f4:	bf00      	nop
100078f6:	bf00      	nop
100078f8:	bf00      	nop
100078fa:	e012      	b.n	10007922 <fillRectangle+0xa2>
100078fc:	4d13      	ldr	r5, [pc, #76]	@ (1000794c <fillRectangle+0xcc>)
100078fe:	2201      	movs	r2, #1
10007900:	f10d 0107 	add.w	r1, sp, #7
10007904:	4628      	mov	r0, r5
10007906:	f003 fb7f 	bl	1000b008 <__spi_write_blocking_veneer>
1000790a:	2201      	movs	r2, #1
1000790c:	f10d 0106 	add.w	r1, sp, #6
10007910:	4628      	mov	r0, r5
10007912:	f003 fb79 	bl	1000b008 <__spi_write_blocking_veneer>
10007916:	3c01      	subs	r4, #1
10007918:	b2e4      	uxtb	r4, r4
1000791a:	2c00      	cmp	r4, #0
1000791c:	d1ee      	bne.n	100078fc <fillRectangle+0x7c>
1000791e:	3e01      	subs	r6, #1
10007920:	b2f6      	uxtb	r6, r6
10007922:	b10e      	cbz	r6, 10007928 <fillRectangle+0xa8>
10007924:	463c      	mov	r4, r7
10007926:	e7f8      	b.n	1000791a <fillRectangle+0x9a>
10007928:	bf00      	nop
1000792a:	bf00      	nop
1000792c:	bf00      	nop
1000792e:	2316      	movs	r3, #22
10007930:	f04f 0201 	mov.w	r2, #1
10007934:	ec42 3040 	gpioc_bit_out_put r3, r2
10007938:	bf00      	nop
1000793a:	bf00      	nop
1000793c:	bf00      	nop
1000793e:	b003      	add	sp, #12
10007940:	bdf0      	pop	{r4, r5, r6, r7, pc}
10007942:	bf00      	nop
10007944:	200012c2 	.word	0x200012c2
10007948:	200012c1 	.word	0x200012c1
1000794c:	40080000 	.word	0x40080000

10007950 <fillScreen>:
10007950:	b500      	push	{lr}
10007952:	b083      	sub	sp, #12
10007954:	9000      	str	r0, [sp, #0]
10007956:	4b05      	ldr	r3, [pc, #20]	@ (1000796c <fillScreen+0x1c>)
10007958:	781b      	ldrb	r3, [r3, #0]
1000795a:	4a05      	ldr	r2, [pc, #20]	@ (10007970 <fillScreen+0x20>)
1000795c:	7812      	ldrb	r2, [r2, #0]
1000795e:	2100      	movs	r1, #0
10007960:	4608      	mov	r0, r1
10007962:	f7ff ff8d 	bl	10007880 <fillRectangle>
10007966:	b003      	add	sp, #12
10007968:	f85d fb04 	ldr.w	pc, [sp], #4
1000796c:	200012c1 	.word	0x200012c1
10007970:	200012c2 	.word	0x200012c2

10007974 <drawFastVLine>:
10007974:	b530      	push	{r4, r5, lr}
10007976:	b083      	sub	sp, #12
10007978:	4614      	mov	r4, r2
1000797a:	4a27      	ldr	r2, [pc, #156]	@ (10007a18 <drawFastVLine+0xa4>)
1000797c:	7812      	ldrb	r2, [r2, #0]
1000797e:	4282      	cmp	r2, r0
10007980:	d948      	bls.n	10007a14 <drawFastVLine+0xa0>
10007982:	4a26      	ldr	r2, [pc, #152]	@ (10007a1c <drawFastVLine+0xa8>)
10007984:	7812      	ldrb	r2, [r2, #0]
10007986:	428a      	cmp	r2, r1
10007988:	d944      	bls.n	10007a14 <drawFastVLine+0xa0>
1000798a:	190d      	adds	r5, r1, r4
1000798c:	4295      	cmp	r5, r2
1000798e:	dd01      	ble.n	10007994 <drawFastVLine+0x20>
10007990:	1a52      	subs	r2, r2, r1
10007992:	b2d4      	uxtb	r4, r2
10007994:	0a1a      	lsrs	r2, r3, #8
10007996:	f88d 2007 	strb.w	r2, [sp, #7]
1000799a:	f88d 3006 	strb.w	r3, [sp, #6]
1000799e:	1863      	adds	r3, r4, r1
100079a0:	b2db      	uxtb	r3, r3
100079a2:	3b01      	subs	r3, #1
100079a4:	b2db      	uxtb	r3, r3
100079a6:	4602      	mov	r2, r0
100079a8:	f7ff ff30 	bl	1000780c <setAddrWindow>
100079ac:	bf00      	nop
100079ae:	bf00      	nop
100079b0:	bf00      	nop
100079b2:	2315      	movs	r3, #21
100079b4:	f04f 0201 	mov.w	r2, #1
100079b8:	ec42 3040 	gpioc_bit_out_put r3, r2
100079bc:	bf00      	nop
100079be:	bf00      	nop
100079c0:	bf00      	nop
100079c2:	bf00      	nop
100079c4:	bf00      	nop
100079c6:	bf00      	nop
100079c8:	2316      	movs	r3, #22
100079ca:	f04f 0200 	mov.w	r2, #0
100079ce:	ec42 3040 	gpioc_bit_out_put r3, r2
100079d2:	bf00      	nop
100079d4:	bf00      	nop
100079d6:	bf00      	nop
100079d8:	e00d      	b.n	100079f6 <drawFastVLine+0x82>
100079da:	4c11      	ldr	r4, [pc, #68]	@ (10007a20 <drawFastVLine+0xac>)
100079dc:	2201      	movs	r2, #1
100079de:	f10d 0107 	add.w	r1, sp, #7
100079e2:	4620      	mov	r0, r4
100079e4:	f003 fb10 	bl	1000b008 <__spi_write_blocking_veneer>
100079e8:	2201      	movs	r2, #1
100079ea:	f10d 0106 	add.w	r1, sp, #6
100079ee:	4620      	mov	r0, r4
100079f0:	f003 fb0a 	bl	1000b008 <__spi_write_blocking_veneer>
100079f4:	462c      	mov	r4, r5
100079f6:	1e63      	subs	r3, r4, #1
100079f8:	b2dd      	uxtb	r5, r3
100079fa:	2c00      	cmp	r4, #0
100079fc:	d1ed      	bne.n	100079da <drawFastVLine+0x66>
100079fe:	bf00      	nop
10007a00:	bf00      	nop
10007a02:	bf00      	nop
10007a04:	2316      	movs	r3, #22
10007a06:	f04f 0201 	mov.w	r2, #1
10007a0a:	ec42 3040 	gpioc_bit_out_put r3, r2
10007a0e:	bf00      	nop
10007a10:	bf00      	nop
10007a12:	bf00      	nop
10007a14:	b003      	add	sp, #12
10007a16:	bd30      	pop	{r4, r5, pc}
10007a18:	200012c2 	.word	0x200012c2
10007a1c:	200012c1 	.word	0x200012c1
10007a20:	40080000 	.word	0x40080000

10007a24 <fillRect>:
10007a24:	e92d 43f8 	stmdb	sp!, {r3, r4, r5, r6, r7, r8, r9, lr}
10007a28:	4605      	mov	r5, r0
10007a2a:	4688      	mov	r8, r1
10007a2c:	4616      	mov	r6, r2
10007a2e:	461f      	mov	r7, r3
10007a30:	f8bd 9020 	ldrh.w	r9, [sp, #32]
10007a34:	b204      	sxth	r4, r0
10007a36:	e007      	b.n	10007a48 <fillRect+0x24>
10007a38:	464b      	mov	r3, r9
10007a3a:	463a      	mov	r2, r7
10007a3c:	4641      	mov	r1, r8
10007a3e:	b2e0      	uxtb	r0, r4
10007a40:	f7ff ff98 	bl	10007974 <drawFastVLine>
10007a44:	3401      	adds	r4, #1
10007a46:	b224      	sxth	r4, r4
10007a48:	eb05 0c06 	add.w	ip, r5, r6
10007a4c:	4564      	cmp	r4, ip
10007a4e:	dbf3      	blt.n	10007a38 <fillRect+0x14>
10007a50:	e8bd 83f8 	ldmia.w	sp!, {r3, r4, r5, r6, r7, r8, r9, pc}

10007a54 <drawPixel>:
10007a54:	4b0c      	ldr	r3, [pc, #48]	@ (10007a88 <drawPixel+0x34>)
10007a56:	781b      	ldrb	r3, [r3, #0]
10007a58:	4283      	cmp	r3, r0
10007a5a:	d913      	bls.n	10007a84 <drawPixel+0x30>
10007a5c:	b510      	push	{r4, lr}
10007a5e:	4614      	mov	r4, r2
10007a60:	4b0a      	ldr	r3, [pc, #40]	@ (10007a8c <drawPixel+0x38>)
10007a62:	781b      	ldrb	r3, [r3, #0]
10007a64:	428b      	cmp	r3, r1
10007a66:	d800      	bhi.n	10007a6a <drawPixel+0x16>
10007a68:	bd10      	pop	{r4, pc}
10007a6a:	1c4b      	adds	r3, r1, #1
10007a6c:	1c42      	adds	r2, r0, #1
10007a6e:	b2db      	uxtb	r3, r3
10007a70:	b2d2      	uxtb	r2, r2
10007a72:	f7ff fecb 	bl	1000780c <setAddrWindow>
10007a76:	0a20      	lsrs	r0, r4, #8
10007a78:	f7ff fd82 	bl	10007580 <write_data>
10007a7c:	b2e0      	uxtb	r0, r4
10007a7e:	f7ff fd7f 	bl	10007580 <write_data>
10007a82:	e7f1      	b.n	10007a68 <drawPixel+0x14>
10007a84:	4770      	bx	lr
10007a86:	bf00      	nop
10007a88:	200012c2 	.word	0x200012c2
10007a8c:	200012c1 	.word	0x200012c1

10007a90 <drawChar>:
10007a90:	e92d 4ff0 	stmdb	sp!, {r4, r5, r6, r7, r8, r9, sl, fp, lr}
10007a94:	b085      	sub	sp, #20
10007a96:	4681      	mov	r9, r0
10007a98:	4610      	mov	r0, r2
10007a9a:	f8bd b038 	ldrh.w	fp, [sp, #56]	@ 0x38
10007a9e:	f89d 603c 	ldrb.w	r6, [sp, #60]	@ 0x3c
10007aa2:	4a33      	ldr	r2, [pc, #204]	@ (10007b70 <drawChar+0xe0>)
10007aa4:	7812      	ldrb	r2, [r2, #0]
10007aa6:	454a      	cmp	r2, r9
10007aa8:	d95e      	bls.n	10007b68 <drawChar+0xd8>
10007aaa:	468a      	mov	sl, r1
10007aac:	4698      	mov	r8, r3
10007aae:	4a31      	ldr	r2, [pc, #196]	@ (10007b74 <drawChar+0xe4>)
10007ab0:	7812      	ldrb	r2, [r2, #0]
10007ab2:	428a      	cmp	r2, r1
10007ab4:	d958      	bls.n	10007b68 <drawChar+0xd8>
10007ab6:	b906      	cbnz	r6, 10007aba <drawChar+0x2a>
10007ab8:	2601      	movs	r6, #1
10007aba:	f1a0 0220 	sub.w	r2, r0, #32
10007abe:	b2d2      	uxtb	r2, r2
10007ac0:	2a5e      	cmp	r2, #94	@ 0x5e
10007ac2:	d900      	bls.n	10007ac6 <drawChar+0x36>
10007ac4:	203f      	movs	r0, #63	@ 0x3f
10007ac6:	2700      	movs	r7, #0
10007ac8:	9003      	str	r0, [sp, #12]
10007aca:	4643      	mov	r3, r8
10007acc:	46b8      	mov	r8, r7
10007ace:	461f      	mov	r7, r3
10007ad0:	e03d      	b.n	10007b4e <drawChar+0xbe>
10007ad2:	eb0a 0104 	add.w	r1, sl, r4
10007ad6:	eb09 0008 	add.w	r0, r9, r8
10007ada:	463a      	mov	r2, r7
10007adc:	b2c9      	uxtb	r1, r1
10007ade:	b2c0      	uxtb	r0, r0
10007ae0:	f7ff ffb8 	bl	10007a54 <drawPixel>
10007ae4:	e00f      	b.n	10007b06 <drawChar+0x76>
10007ae6:	45bb      	cmp	fp, r7
10007ae8:	d00d      	beq.n	10007b06 <drawChar+0x76>
10007aea:	2e01      	cmp	r6, #1
10007aec:	d021      	beq.n	10007b32 <drawChar+0xa2>
10007aee:	fb04 a106 	mla	r1, r4, r6, sl
10007af2:	fb08 9006 	mla	r0, r8, r6, r9
10007af6:	f8cd b000 	str.w	fp, [sp]
10007afa:	4633      	mov	r3, r6
10007afc:	4632      	mov	r2, r6
10007afe:	b2c9      	uxtb	r1, r1
10007b00:	b2c0      	uxtb	r0, r0
10007b02:	f7ff ff8f 	bl	10007a24 <fillRect>
10007b06:	3401      	adds	r4, #1
10007b08:	b264      	sxtb	r4, r4
10007b0a:	086d      	lsrs	r5, r5, #1
10007b0c:	2c06      	cmp	r4, #6
10007b0e:	dc1a      	bgt.n	10007b46 <drawChar+0xb6>
10007b10:	f015 0f01 	tst.w	r5, #1
10007b14:	d0e7      	beq.n	10007ae6 <drawChar+0x56>
10007b16:	2e01      	cmp	r6, #1
10007b18:	d0db      	beq.n	10007ad2 <drawChar+0x42>
10007b1a:	fb04 a106 	mla	r1, r4, r6, sl
10007b1e:	fb08 9006 	mla	r0, r8, r6, r9
10007b22:	9700      	str	r7, [sp, #0]
10007b24:	4633      	mov	r3, r6
10007b26:	4632      	mov	r2, r6
10007b28:	b2c9      	uxtb	r1, r1
10007b2a:	b2c0      	uxtb	r0, r0
10007b2c:	f7ff ff7a 	bl	10007a24 <fillRect>
10007b30:	e7e9      	b.n	10007b06 <drawChar+0x76>
10007b32:	eb0a 0104 	add.w	r1, sl, r4
10007b36:	eb09 0008 	add.w	r0, r9, r8
10007b3a:	465a      	mov	r2, fp
10007b3c:	b2c9      	uxtb	r1, r1
10007b3e:	b2c0      	uxtb	r0, r0
10007b40:	f7ff ff88 	bl	10007a54 <drawPixel>
10007b44:	e7df      	b.n	10007b06 <drawChar+0x76>
10007b46:	f108 0301 	add.w	r3, r8, #1
10007b4a:	fa4f f883 	sxtb.w	r8, r3
10007b4e:	f1b8 0f04 	cmp.w	r8, #4
10007b52:	dc09      	bgt.n	10007b68 <drawChar+0xd8>
10007b54:	9b03      	ldr	r3, [sp, #12]
10007b56:	f1a3 0220 	sub.w	r2, r3, #32
10007b5a:	eb02 0282 	add.w	r2, r2, r2, lsl #2
10007b5e:	4442      	add	r2, r8
10007b60:	4905      	ldr	r1, [pc, #20]	@ (10007b78 <drawChar+0xe8>)
10007b62:	5c8d      	ldrb	r5, [r1, r2]
10007b64:	2400      	movs	r4, #0
10007b66:	e7d1      	b.n	10007b0c <drawChar+0x7c>
10007b68:	b005      	add	sp, #20
10007b6a:	e8bd 8ff0 	ldmia.w	sp!, {r4, r5, r6, r7, r8, r9, sl, fp, pc}
10007b6e:	bf00      	nop
10007b70:	200012c2 	.word	0x200012c2
10007b74:	200012c1 	.word	0x200012c1
10007b78:	1000c268 	.word	0x1000c268

10007b7c <drawText>:
10007b7c:	e92d 4ff0 	stmdb	sp!, {r4, r5, r6, r7, r8, r9, sl, fp, lr}
10007b80:	b083      	sub	sp, #12
10007b82:	4605      	mov	r5, r0
10007b84:	460f      	mov	r7, r1
10007b86:	4690      	mov	r8, r2
10007b88:	469a      	mov	sl, r3
10007b8a:	f8bd b030 	ldrh.w	fp, [sp, #48]	@ 0x30
10007b8e:	f89d 6034 	ldrb.w	r6, [sp, #52]	@ 0x34
10007b92:	4610      	mov	r0, r2
10007b94:	f001 fec4 	bl	10009920 <strlen>
10007b98:	fa1f f980 	uxth.w	r9, r0
10007b9c:	2400      	movs	r4, #0
10007b9e:	e01b      	b.n	10007bd8 <drawText+0x5c>
10007ba0:	f818 3004 	ldrb.w	r3, [r8, r4]
10007ba4:	2b20      	cmp	r3, #32
10007ba6:	d030      	beq.n	10007c0a <drawText+0x8e>
10007ba8:	2500      	movs	r5, #0
10007baa:	f818 2004 	ldrb.w	r2, [r8, r4]
10007bae:	9601      	str	r6, [sp, #4]
10007bb0:	f8cd b000 	str.w	fp, [sp]
10007bb4:	4653      	mov	r3, sl
10007bb6:	4639      	mov	r1, r7
10007bb8:	4628      	mov	r0, r5
10007bba:	f7ff ff69 	bl	10007a90 <drawChar>
10007bbe:	eb06 0346 	add.w	r3, r6, r6, lsl #1
10007bc2:	005b      	lsls	r3, r3, #1
10007bc4:	b2db      	uxtb	r3, r3
10007bc6:	442b      	add	r3, r5
10007bc8:	b2db      	uxtb	r3, r3
10007bca:	4a12      	ldr	r2, [pc, #72]	@ (10007c14 <drawText+0x98>)
10007bcc:	7815      	ldrb	r5, [r2, #0]
10007bce:	429d      	cmp	r5, r3
10007bd0:	d300      	bcc.n	10007bd4 <drawText+0x58>
10007bd2:	461d      	mov	r5, r3
10007bd4:	3401      	adds	r4, #1
10007bd6:	b2a4      	uxth	r4, r4
10007bd8:	454c      	cmp	r4, r9
10007bda:	d218      	bcs.n	10007c0e <drawText+0x92>
10007bdc:	4b0e      	ldr	r3, [pc, #56]	@ (10007c18 <drawText+0x9c>)
10007bde:	781b      	ldrb	r3, [r3, #0]
10007be0:	2b00      	cmp	r3, #0
10007be2:	d0e2      	beq.n	10007baa <drawText+0x2e>
10007be4:	eb06 0386 	add.w	r3, r6, r6, lsl #2
10007be8:	442b      	add	r3, r5
10007bea:	4a0a      	ldr	r2, [pc, #40]	@ (10007c14 <drawText+0x98>)
10007bec:	7812      	ldrb	r2, [r2, #0]
10007bee:	4293      	cmp	r3, r2
10007bf0:	dddb      	ble.n	10007baa <drawText+0x2e>
10007bf2:	ebc6 03c6 	rsb	r3, r6, r6, lsl #3
10007bf6:	443b      	add	r3, r7
10007bf8:	b2db      	uxtb	r3, r3
10007bfa:	3303      	adds	r3, #3
10007bfc:	b2db      	uxtb	r3, r3
10007bfe:	4a07      	ldr	r2, [pc, #28]	@ (10007c1c <drawText+0xa0>)
10007c00:	7817      	ldrb	r7, [r2, #0]
10007c02:	429f      	cmp	r7, r3
10007c04:	d3cc      	bcc.n	10007ba0 <drawText+0x24>
10007c06:	461f      	mov	r7, r3
10007c08:	e7ca      	b.n	10007ba0 <drawText+0x24>
10007c0a:	2500      	movs	r5, #0
10007c0c:	e7e2      	b.n	10007bd4 <drawText+0x58>
10007c0e:	b003      	add	sp, #12
10007c10:	e8bd 8ff0 	ldmia.w	sp!, {r4, r5, r6, r7, r8, r9, sl, fp, pc}
10007c14:	200012c2 	.word	0x200012c2
10007c18:	200012c3 	.word	0x200012c3
10007c1c:	200012c1 	.word	0x200012c1

10007c20 <TFT_ResetPIN>:
10007c20:	b538      	push	{r3, r4, r5, lr}
10007c22:	bf00      	nop
10007c24:	bf00      	nop
10007c26:	bf00      	nop
10007c28:	2414      	movs	r4, #20
10007c2a:	f04f 0501 	mov.w	r5, #1
10007c2e:	ec45 4040 	gpioc_bit_out_put r4, r5
10007c32:	bf00      	nop
10007c34:	bf00      	nop
10007c36:	bf00      	nop
10007c38:	200a      	movs	r0, #10
10007c3a:	f7f9 ffe1 	bl	10001c00 <sleep_ms>
10007c3e:	bf00      	nop
10007c40:	bf00      	nop
10007c42:	bf00      	nop
10007c44:	f04f 0300 	mov.w	r3, #0
10007c48:	ec43 4040 	gpioc_bit_out_put r4, r3
10007c4c:	bf00      	nop
10007c4e:	bf00      	nop
10007c50:	bf00      	nop
10007c52:	200a      	movs	r0, #10
10007c54:	f7f9 ffd4 	bl	10001c00 <sleep_ms>
10007c58:	bf00      	nop
10007c5a:	bf00      	nop
10007c5c:	bf00      	nop
10007c5e:	ec45 4040 	gpioc_bit_out_put r4, r5
10007c62:	bf00      	nop
10007c64:	bf00      	nop
10007c66:	bf00      	nop
10007c68:	200a      	movs	r0, #10
10007c6a:	f7f9 ffc9 	bl	10001c00 <sleep_ms>
10007c6e:	bd38      	pop	{r3, r4, r5, pc}

10007c70 <TFT_GreenTab_Initialize>:
10007c70:	b510      	push	{r4, lr}
10007c72:	f7ff ffd5 	bl	10007c20 <TFT_ResetPIN>
10007c76:	bf00      	nop
10007c78:	bf00      	nop
10007c7a:	bf00      	nop
10007c7c:	2400      	movs	r4, #0
10007c7e:	2315      	movs	r3, #21
10007c80:	ec44 3040 	gpioc_bit_out_put r3, r4
10007c84:	bf00      	nop
10007c86:	bf00      	nop
10007c88:	bf00      	nop
10007c8a:	f7ff fca5 	bl	100075d8 <Rcmd1>
10007c8e:	f7ff fd29 	bl	100076e4 <Rcmd2green>
10007c92:	f7ff fd47 	bl	10007724 <Rcmd3>
10007c96:	4b04      	ldr	r3, [pc, #16]	@ (10007ca8 <TFT_GreenTab_Initialize+0x38>)
10007c98:	2202      	movs	r2, #2
10007c9a:	701a      	strb	r2, [r3, #0]
10007c9c:	4b03      	ldr	r3, [pc, #12]	@ (10007cac <TFT_GreenTab_Initialize+0x3c>)
10007c9e:	2201      	movs	r2, #1
10007ca0:	701a      	strb	r2, [r3, #0]
10007ca2:	4b03      	ldr	r3, [pc, #12]	@ (10007cb0 <TFT_GreenTab_Initialize+0x40>)
10007ca4:	701c      	strb	r4, [r3, #0]
10007ca6:	bd10      	pop	{r4, pc}
10007ca8:	200027b0 	.word	0x200027b0
10007cac:	200027b1 	.word	0x200027b1
10007cb0:	200027b3 	.word	0x200027b3

10007cb4 <tft_spi_init>:
10007cb4:	b538      	push	{r3, r4, r5, lr}
10007cb6:	2016      	movs	r0, #22
10007cb8:	f7f9 f8a0 	bl	10000dfc <gpio_init>
10007cbc:	2316      	movs	r3, #22
10007cbe:	f04f 0401 	mov.w	r4, #1
10007cc2:	ec44 3044 	gpioc_bit_oe_put r3, r4
10007cc6:	ec44 3040 	gpioc_bit_out_put r3, r4
10007cca:	2015      	movs	r0, #21
10007ccc:	f7f9 f896 	bl	10000dfc <gpio_init>
10007cd0:	2315      	movs	r3, #21
10007cd2:	ec44 3044 	gpioc_bit_oe_put r3, r4
10007cd6:	f04f 0500 	mov.w	r5, #0
10007cda:	ec45 3040 	gpioc_bit_out_put r3, r5
10007cde:	2014      	movs	r0, #20
10007ce0:	f7f9 f88c 	bl	10000dfc <gpio_init>
10007ce4:	2314      	movs	r3, #20
10007ce6:	ec44 3044 	gpioc_bit_oe_put r3, r4
10007cea:	ec45 3040 	gpioc_bit_out_put r3, r5
10007cee:	bd38      	pop	{r3, r4, r5, pc}

10007cf0 <_calloc_r>:
10007cf0:	b538      	push	{r3, r4, r5, lr}
10007cf2:	fba1 1402 	umull	r1, r4, r1, r2
10007cf6:	bb34      	cbnz	r4, 10007d46 <_calloc_r+0x56>
10007cf8:	f000 f832 	bl	10007d60 <_malloc_r>
10007cfc:	4605      	mov	r5, r0
10007cfe:	b330      	cbz	r0, 10007d4e <_calloc_r+0x5e>
10007d00:	f850 2c04 	ldr.w	r2, [r0, #-4]
10007d04:	f022 0203 	bic.w	r2, r2, #3
10007d08:	3a04      	subs	r2, #4
10007d0a:	2a24      	cmp	r2, #36	@ 0x24
10007d0c:	d80c      	bhi.n	10007d28 <_calloc_r+0x38>
10007d0e:	2a13      	cmp	r2, #19
10007d10:	d90f      	bls.n	10007d32 <_calloc_r+0x42>
10007d12:	2a1b      	cmp	r2, #27
10007d14:	e9c0 4400 	strd	r4, r4, [r0]
10007d18:	d912      	bls.n	10007d40 <_calloc_r+0x50>
10007d1a:	2a24      	cmp	r2, #36	@ 0x24
10007d1c:	e9c0 4402 	strd	r4, r4, [r0, #8]
10007d20:	d018      	beq.n	10007d54 <_calloc_r+0x64>
10007d22:	f100 0210 	add.w	r2, r0, #16
10007d26:	e005      	b.n	10007d34 <_calloc_r+0x44>
10007d28:	4621      	mov	r1, r4
10007d2a:	f001 fc69 	bl	10009600 <memset>
10007d2e:	4628      	mov	r0, r5
10007d30:	bd38      	pop	{r3, r4, r5, pc}
10007d32:	4602      	mov	r2, r0
10007d34:	2300      	movs	r3, #0
10007d36:	4628      	mov	r0, r5
10007d38:	e9c2 3300 	strd	r3, r3, [r2]
10007d3c:	6093      	str	r3, [r2, #8]
10007d3e:	bd38      	pop	{r3, r4, r5, pc}
10007d40:	f100 0208 	add.w	r2, r0, #8
10007d44:	e7f6      	b.n	10007d34 <_calloc_r+0x44>
10007d46:	f001 fd5d 	bl	10009804 <__errno>
10007d4a:	230c      	movs	r3, #12
10007d4c:	6003      	str	r3, [r0, #0]
10007d4e:	2500      	movs	r5, #0
10007d50:	4628      	mov	r0, r5
10007d52:	bd38      	pop	{r3, r4, r5, pc}
10007d54:	f100 0218 	add.w	r2, r0, #24
10007d58:	e9c0 4404 	strd	r4, r4, [r0, #16]
10007d5c:	e7ea      	b.n	10007d34 <_calloc_r+0x44>
10007d5e:	bf00      	nop

10007d60 <_malloc_r>:
10007d60:	f101 030b 	add.w	r3, r1, #11
10007d64:	2b16      	cmp	r3, #22
10007d66:	e92d 4ff0 	stmdb	sp!, {r4, r5, r6, r7, r8, r9, sl, fp, lr}
10007d6a:	4607      	mov	r7, r0
10007d6c:	b083      	sub	sp, #12
10007d6e:	d823      	bhi.n	10007db8 <_malloc_r+0x58>
10007d70:	2910      	cmp	r1, #16
10007d72:	f200 80af 	bhi.w	10007ed4 <_malloc_r+0x174>
10007d76:	f000 faaf 	bl	100082d8 <__malloc_lock>
10007d7a:	2510      	movs	r5, #16
10007d7c:	2318      	movs	r3, #24
10007d7e:	2002      	movs	r0, #2
10007d80:	4eba      	ldr	r6, [pc, #744]	@ (1000806c <_malloc_r+0x30c>)
10007d82:	4433      	add	r3, r6
10007d84:	685c      	ldr	r4, [r3, #4]
10007d86:	f1a3 0208 	sub.w	r2, r3, #8
10007d8a:	4294      	cmp	r4, r2
10007d8c:	f000 8156 	beq.w	1000803c <_malloc_r+0x2dc>
10007d90:	6863      	ldr	r3, [r4, #4]
10007d92:	4638      	mov	r0, r7
10007d94:	f023 0303 	bic.w	r3, r3, #3
10007d98:	e9d4 1202 	ldrd	r1, r2, [r4, #8]
10007d9c:	4423      	add	r3, r4
10007d9e:	60ca      	str	r2, [r1, #12]
10007da0:	6091      	str	r1, [r2, #8]
10007da2:	685a      	ldr	r2, [r3, #4]
10007da4:	3408      	adds	r4, #8
10007da6:	f042 0201 	orr.w	r2, r2, #1
10007daa:	605a      	str	r2, [r3, #4]
10007dac:	f000 fa9a 	bl	100082e4 <__malloc_unlock>
10007db0:	4620      	mov	r0, r4
10007db2:	b003      	add	sp, #12
10007db4:	e8bd 8ff0 	ldmia.w	sp!, {r4, r5, r6, r7, r8, r9, sl, fp, pc}
10007db8:	2b00      	cmp	r3, #0
10007dba:	f023 0507 	bic.w	r5, r3, #7
10007dbe:	f2c0 8089 	blt.w	10007ed4 <_malloc_r+0x174>
10007dc2:	42a9      	cmp	r1, r5
10007dc4:	f200 8086 	bhi.w	10007ed4 <_malloc_r+0x174>
10007dc8:	f000 fa86 	bl	100082d8 <__malloc_lock>
10007dcc:	f5b5 7ffc 	cmp.w	r5, #504	@ 0x1f8
10007dd0:	f0c0 827b 	bcc.w	100082ca <_malloc_r+0x56a>
10007dd4:	0a6b      	lsrs	r3, r5, #9
10007dd6:	f000 8084 	beq.w	10007ee2 <_malloc_r+0x182>
10007dda:	2b04      	cmp	r3, #4
10007ddc:	f200 8162 	bhi.w	100080a4 <_malloc_r+0x344>
10007de0:	09ab      	lsrs	r3, r5, #6
10007de2:	f103 0039 	add.w	r0, r3, #57	@ 0x39
10007de6:	f103 0e38 	add.w	lr, r3, #56	@ 0x38
10007dea:	00c3      	lsls	r3, r0, #3
10007dec:	4e9f      	ldr	r6, [pc, #636]	@ (1000806c <_malloc_r+0x30c>)
10007dee:	4433      	add	r3, r6
10007df0:	f1a3 0c08 	sub.w	ip, r3, #8
10007df4:	685c      	ldr	r4, [r3, #4]
10007df6:	45a4      	cmp	ip, r4
10007df8:	d107      	bne.n	10007e0a <_malloc_r+0xaa>
10007dfa:	e00d      	b.n	10007e18 <_malloc_r+0xb8>
10007dfc:	2a00      	cmp	r2, #0
10007dfe:	68e1      	ldr	r1, [r4, #12]
10007e00:	f280 8116 	bge.w	10008030 <_malloc_r+0x2d0>
10007e04:	458c      	cmp	ip, r1
10007e06:	460c      	mov	r4, r1
10007e08:	d006      	beq.n	10007e18 <_malloc_r+0xb8>
10007e0a:	6863      	ldr	r3, [r4, #4]
10007e0c:	f023 0303 	bic.w	r3, r3, #3
10007e10:	1b5a      	subs	r2, r3, r5
10007e12:	2a0f      	cmp	r2, #15
10007e14:	ddf2      	ble.n	10007dfc <_malloc_r+0x9c>
10007e16:	4670      	mov	r0, lr
10007e18:	f8df 8268 	ldr.w	r8, [pc, #616]	@ 10008084 <_malloc_r+0x324>
10007e1c:	6934      	ldr	r4, [r6, #16]
10007e1e:	4544      	cmp	r4, r8
10007e20:	f000 80f2 	beq.w	10008008 <_malloc_r+0x2a8>
10007e24:	6863      	ldr	r3, [r4, #4]
10007e26:	f023 0c03 	bic.w	ip, r3, #3
10007e2a:	ebac 0305 	sub.w	r3, ip, r5
10007e2e:	2b0f      	cmp	r3, #15
10007e30:	f300 8174 	bgt.w	1000811c <_malloc_r+0x3bc>
10007e34:	2b00      	cmp	r3, #0
10007e36:	e9c6 8804 	strd	r8, r8, [r6, #16]
10007e3a:	f280 8163 	bge.w	10008104 <_malloc_r+0x3a4>
10007e3e:	f5bc 7f00 	cmp.w	ip, #512	@ 0x200
10007e42:	f8d6 e004 	ldr.w	lr, [r6, #4]
10007e46:	f080 80ff 	bcs.w	10008048 <_malloc_r+0x2e8>
10007e4a:	ea4f 03dc 	mov.w	r3, ip, lsr #3
10007e4e:	2201      	movs	r2, #1
10007e50:	ea4f 1c5c 	mov.w	ip, ip, lsr #5
10007e54:	3301      	adds	r3, #1
10007e56:	fa02 f20c 	lsl.w	r2, r2, ip
10007e5a:	f856 1033 	ldr.w	r1, [r6, r3, lsl #3]
10007e5e:	ea4e 0e02 	orr.w	lr, lr, r2
10007e62:	eb06 02c3 	add.w	r2, r6, r3, lsl #3
10007e66:	3a08      	subs	r2, #8
10007e68:	f8c6 e004 	str.w	lr, [r6, #4]
10007e6c:	e9c4 1202 	strd	r1, r2, [r4, #8]
10007e70:	f846 4033 	str.w	r4, [r6, r3, lsl #3]
10007e74:	60cc      	str	r4, [r1, #12]
10007e76:	1083      	asrs	r3, r0, #2
10007e78:	f04f 0c01 	mov.w	ip, #1
10007e7c:	fa0c fc03 	lsl.w	ip, ip, r3
10007e80:	45f4      	cmp	ip, lr
10007e82:	d834      	bhi.n	10007eee <_malloc_r+0x18e>
10007e84:	ea1c 0f0e 	tst.w	ip, lr
10007e88:	d107      	bne.n	10007e9a <_malloc_r+0x13a>
10007e8a:	f020 0003 	bic.w	r0, r0, #3
10007e8e:	ea4f 0c4c 	mov.w	ip, ip, lsl #1
10007e92:	3004      	adds	r0, #4
10007e94:	ea1c 0f0e 	tst.w	ip, lr
10007e98:	d0f9      	beq.n	10007e8e <_malloc_r+0x12e>
10007e9a:	eb06 0ac0 	add.w	sl, r6, r0, lsl #3
10007e9e:	4681      	mov	r9, r0
10007ea0:	46d6      	mov	lr, sl
10007ea2:	f8de 300c 	ldr.w	r3, [lr, #12]
10007ea6:	e00b      	b.n	10007ec0 <_malloc_r+0x160>
10007ea8:	685a      	ldr	r2, [r3, #4]
10007eaa:	461c      	mov	r4, r3
10007eac:	68db      	ldr	r3, [r3, #12]
10007eae:	f022 0203 	bic.w	r2, r2, #3
10007eb2:	1b51      	subs	r1, r2, r5
10007eb4:	290f      	cmp	r1, #15
10007eb6:	f300 8101 	bgt.w	100080bc <_malloc_r+0x35c>
10007eba:	2900      	cmp	r1, #0
10007ebc:	f280 8115 	bge.w	100080ea <_malloc_r+0x38a>
10007ec0:	459e      	cmp	lr, r3
10007ec2:	d1f1      	bne.n	10007ea8 <_malloc_r+0x148>
10007ec4:	f109 0901 	add.w	r9, r9, #1
10007ec8:	f10e 0e08 	add.w	lr, lr, #8
10007ecc:	f019 0f03 	tst.w	r9, #3
10007ed0:	d1e7      	bne.n	10007ea2 <_malloc_r+0x142>
10007ed2:	e158      	b.n	10008186 <_malloc_r+0x426>
10007ed4:	230c      	movs	r3, #12
10007ed6:	603b      	str	r3, [r7, #0]
10007ed8:	2400      	movs	r4, #0
10007eda:	4620      	mov	r0, r4
10007edc:	b003      	add	sp, #12
10007ede:	e8bd 8ff0 	ldmia.w	sp!, {r4, r5, r6, r7, r8, r9, sl, fp, pc}
10007ee2:	f44f 7300 	mov.w	r3, #512	@ 0x200
10007ee6:	2040      	movs	r0, #64	@ 0x40
10007ee8:	f04f 0e3f 	mov.w	lr, #63	@ 0x3f
10007eec:	e77e      	b.n	10007dec <_malloc_r+0x8c>
10007eee:	68b4      	ldr	r4, [r6, #8]
10007ef0:	6863      	ldr	r3, [r4, #4]
10007ef2:	f023 0903 	bic.w	r9, r3, #3
10007ef6:	45a9      	cmp	r9, r5
10007ef8:	eba9 0305 	sub.w	r3, r9, r5
10007efc:	d302      	bcc.n	10007f04 <_malloc_r+0x1a4>
10007efe:	2b0f      	cmp	r3, #15
10007f00:	f300 8085 	bgt.w	1000800e <_malloc_r+0x2ae>
10007f04:	4b5a      	ldr	r3, [pc, #360]	@ (10008070 <_malloc_r+0x310>)
10007f06:	2008      	movs	r0, #8
10007f08:	681b      	ldr	r3, [r3, #0]
10007f0a:	f103 0810 	add.w	r8, r3, #16
10007f0e:	eb04 0309 	add.w	r3, r4, r9
10007f12:	9300      	str	r3, [sp, #0]
10007f14:	f001 fc80 	bl	10009818 <sysconf>
10007f18:	4a56      	ldr	r2, [pc, #344]	@ (10008074 <_malloc_r+0x314>)
10007f1a:	44a8      	add	r8, r5
10007f1c:	4683      	mov	fp, r0
10007f1e:	6813      	ldr	r3, [r2, #0]
10007f20:	3301      	adds	r3, #1
10007f22:	d005      	beq.n	10007f30 <_malloc_r+0x1d0>
10007f24:	f108 38ff 	add.w	r8, r8, #4294967295
10007f28:	4243      	negs	r3, r0
10007f2a:	4480      	add	r8, r0
10007f2c:	ea03 0808 	and.w	r8, r3, r8
10007f30:	4641      	mov	r1, r8
10007f32:	4638      	mov	r0, r7
10007f34:	f001 fc54 	bl	100097e0 <_sbrk_r>
10007f38:	f1b0 3fff 	cmp.w	r0, #4294967295
10007f3c:	4682      	mov	sl, r0
10007f3e:	4a4d      	ldr	r2, [pc, #308]	@ (10008074 <_malloc_r+0x314>)
10007f40:	f000 8107 	beq.w	10008152 <_malloc_r+0x3f2>
10007f44:	eb04 0309 	add.w	r3, r4, r9
10007f48:	4283      	cmp	r3, r0
10007f4a:	f200 8100 	bhi.w	1000814e <_malloc_r+0x3ee>
10007f4e:	4b4a      	ldr	r3, [pc, #296]	@ (10008078 <_malloc_r+0x318>)
10007f50:	f10b 3cff 	add.w	ip, fp, #4294967295
10007f54:	6818      	ldr	r0, [r3, #0]
10007f56:	4440      	add	r0, r8
10007f58:	6018      	str	r0, [r3, #0]
10007f5a:	f000 8164 	beq.w	10008226 <_malloc_r+0x4c6>
10007f5e:	6811      	ldr	r1, [r2, #0]
10007f60:	3101      	adds	r1, #1
10007f62:	f000 816c 	beq.w	1000823e <_malloc_r+0x4de>
10007f66:	eb04 0209 	add.w	r2, r4, r9
10007f6a:	ebaa 0202 	sub.w	r2, sl, r2
10007f6e:	4402      	add	r2, r0
10007f70:	601a      	str	r2, [r3, #0]
10007f72:	f01a 0207 	ands.w	r2, sl, #7
10007f76:	e9cd 2300 	strd	r2, r3, [sp]
10007f7a:	f000 8127 	beq.w	100081cc <_malloc_r+0x46c>
10007f7e:	f1c2 0208 	rsb	r2, r2, #8
10007f82:	4638      	mov	r0, r7
10007f84:	4492      	add	sl, r2
10007f86:	445a      	add	r2, fp
10007f88:	44d0      	add	r8, sl
10007f8a:	ea08 010c 	and.w	r1, r8, ip
10007f8e:	1a52      	subs	r2, r2, r1
10007f90:	ea02 0b0c 	and.w	fp, r2, ip
10007f94:	4659      	mov	r1, fp
10007f96:	f001 fc23 	bl	100097e0 <_sbrk_r>
10007f9a:	1c42      	adds	r2, r0, #1
10007f9c:	9b01      	ldr	r3, [sp, #4]
10007f9e:	f000 816a 	beq.w	10008276 <_malloc_r+0x516>
10007fa2:	eba0 000a 	sub.w	r0, r0, sl
10007fa6:	eb00 080b 	add.w	r8, r0, fp
10007faa:	6818      	ldr	r0, [r3, #0]
10007fac:	f048 0201 	orr.w	r2, r8, #1
10007fb0:	42b4      	cmp	r4, r6
10007fb2:	f8c6 a008 	str.w	sl, [r6, #8]
10007fb6:	4458      	add	r0, fp
10007fb8:	f8ca 2004 	str.w	r2, [sl, #4]
10007fbc:	6018      	str	r0, [r3, #0]
10007fbe:	d017      	beq.n	10007ff0 <_malloc_r+0x290>
10007fc0:	f1b9 0f0f 	cmp.w	r9, #15
10007fc4:	f240 813e 	bls.w	10008244 <_malloc_r+0x4e4>
10007fc8:	6861      	ldr	r1, [r4, #4]
10007fca:	f1a9 020c 	sub.w	r2, r9, #12
10007fce:	f04f 0c05 	mov.w	ip, #5
10007fd2:	f022 0207 	bic.w	r2, r2, #7
10007fd6:	f001 0101 	and.w	r1, r1, #1
10007fda:	4311      	orrs	r1, r2
10007fdc:	2a0f      	cmp	r2, #15
10007fde:	6061      	str	r1, [r4, #4]
10007fe0:	eb04 0102 	add.w	r1, r4, r2
10007fe4:	e9c1 cc01 	strd	ip, ip, [r1, #4]
10007fe8:	f200 814d 	bhi.w	10008286 <_malloc_r+0x526>
10007fec:	f8da 2004 	ldr.w	r2, [sl, #4]
10007ff0:	4b22      	ldr	r3, [pc, #136]	@ (1000807c <_malloc_r+0x31c>)
10007ff2:	4654      	mov	r4, sl
10007ff4:	6819      	ldr	r1, [r3, #0]
10007ff6:	4281      	cmp	r1, r0
10007ff8:	bf38      	it	cc
10007ffa:	6018      	strcc	r0, [r3, #0]
10007ffc:	4b20      	ldr	r3, [pc, #128]	@ (10008080 <_malloc_r+0x320>)
10007ffe:	6819      	ldr	r1, [r3, #0]
10008000:	4281      	cmp	r1, r0
10008002:	bf38      	it	cc
10008004:	6018      	strcc	r0, [r3, #0]
10008006:	e0a6      	b.n	10008156 <_malloc_r+0x3f6>
10008008:	f8d6 e004 	ldr.w	lr, [r6, #4]
1000800c:	e733      	b.n	10007e76 <_malloc_r+0x116>
1000800e:	1962      	adds	r2, r4, r5
10008010:	f045 0501 	orr.w	r5, r5, #1
10008014:	f043 0301 	orr.w	r3, r3, #1
10008018:	3408      	adds	r4, #8
1000801a:	f844 5c04 	str.w	r5, [r4, #-4]
1000801e:	4638      	mov	r0, r7
10008020:	60b2      	str	r2, [r6, #8]
10008022:	6053      	str	r3, [r2, #4]
10008024:	f000 f95e 	bl	100082e4 <__malloc_unlock>
10008028:	4620      	mov	r0, r4
1000802a:	b003      	add	sp, #12
1000802c:	e8bd 8ff0 	ldmia.w	sp!, {r4, r5, r6, r7, r8, r9, sl, fp, pc}
10008030:	68a2      	ldr	r2, [r4, #8]
10008032:	4423      	add	r3, r4
10008034:	4638      	mov	r0, r7
10008036:	60d1      	str	r1, [r2, #12]
10008038:	608a      	str	r2, [r1, #8]
1000803a:	e6b2      	b.n	10007da2 <_malloc_r+0x42>
1000803c:	68dc      	ldr	r4, [r3, #12]
1000803e:	42a3      	cmp	r3, r4
10008040:	f47f aea6 	bne.w	10007d90 <_malloc_r+0x30>
10008044:	3002      	adds	r0, #2
10008046:	e6e7      	b.n	10007e18 <_malloc_r+0xb8>
10008048:	f5bc 6f20 	cmp.w	ip, #2560	@ 0xa00
1000804c:	ea4f 225c 	mov.w	r2, ip, lsr #9
10008050:	d376      	bcc.n	10008140 <_malloc_r+0x3e0>
10008052:	2a14      	cmp	r2, #20
10008054:	f200 80cd 	bhi.w	100081f2 <_malloc_r+0x492>
10008058:	f102 035c 	add.w	r3, r2, #92	@ 0x5c
1000805c:	325b      	adds	r2, #91	@ 0x5b
1000805e:	00db      	lsls	r3, r3, #3
10008060:	18f1      	adds	r1, r6, r3
10008062:	58f3      	ldr	r3, [r6, r3]
10008064:	3908      	subs	r1, #8
10008066:	4299      	cmp	r1, r3
10008068:	d111      	bne.n	1000808e <_malloc_r+0x32e>
1000806a:	e0a5      	b.n	100081b8 <_malloc_r+0x458>
1000806c:	200012d0 	.word	0x200012d0
10008070:	20001b6c 	.word	0x20001b6c
10008074:	200012c4 	.word	0x200012c4
10008078:	20001b3c 	.word	0x20001b3c
1000807c:	20001b64 	.word	0x20001b64
10008080:	20001b68 	.word	0x20001b68
10008084:	200012d8 	.word	0x200012d8
10008088:	689b      	ldr	r3, [r3, #8]
1000808a:	4299      	cmp	r1, r3
1000808c:	d004      	beq.n	10008098 <_malloc_r+0x338>
1000808e:	685a      	ldr	r2, [r3, #4]
10008090:	f022 0203 	bic.w	r2, r2, #3
10008094:	4562      	cmp	r2, ip
10008096:	d8f7      	bhi.n	10008088 <_malloc_r+0x328>
10008098:	68d9      	ldr	r1, [r3, #12]
1000809a:	e9c4 3102 	strd	r3, r1, [r4, #8]
1000809e:	608c      	str	r4, [r1, #8]
100080a0:	60dc      	str	r4, [r3, #12]
100080a2:	e6e8      	b.n	10007e76 <_malloc_r+0x116>
100080a4:	2b14      	cmp	r3, #20
100080a6:	d963      	bls.n	10008170 <_malloc_r+0x410>
100080a8:	2b54      	cmp	r3, #84	@ 0x54
100080aa:	f200 80ab 	bhi.w	10008204 <_malloc_r+0x4a4>
100080ae:	0b2b      	lsrs	r3, r5, #12
100080b0:	f103 006f 	add.w	r0, r3, #111	@ 0x6f
100080b4:	f103 0e6e 	add.w	lr, r3, #110	@ 0x6e
100080b8:	00c3      	lsls	r3, r0, #3
100080ba:	e697      	b.n	10007dec <_malloc_r+0x8c>
100080bc:	f8d4 c008 	ldr.w	ip, [r4, #8]
100080c0:	4638      	mov	r0, r7
100080c2:	1967      	adds	r7, r4, r5
100080c4:	f045 0501 	orr.w	r5, r5, #1
100080c8:	6065      	str	r5, [r4, #4]
100080ca:	f8cc 300c 	str.w	r3, [ip, #12]
100080ce:	f8c3 c008 	str.w	ip, [r3, #8]
100080d2:	f041 0301 	orr.w	r3, r1, #1
100080d6:	e9c6 7704 	strd	r7, r7, [r6, #16]
100080da:	e9c7 8802 	strd	r8, r8, [r7, #8]
100080de:	607b      	str	r3, [r7, #4]
100080e0:	50a1      	str	r1, [r4, r2]
100080e2:	3408      	adds	r4, #8
100080e4:	f000 f8fe 	bl	100082e4 <__malloc_unlock>
100080e8:	e6f7      	b.n	10007eda <_malloc_r+0x17a>
100080ea:	4422      	add	r2, r4
100080ec:	4638      	mov	r0, r7
100080ee:	6851      	ldr	r1, [r2, #4]
100080f0:	f041 0101 	orr.w	r1, r1, #1
100080f4:	6051      	str	r1, [r2, #4]
100080f6:	f854 2f08 	ldr.w	r2, [r4, #8]!
100080fa:	60d3      	str	r3, [r2, #12]
100080fc:	609a      	str	r2, [r3, #8]
100080fe:	f000 f8f1 	bl	100082e4 <__malloc_unlock>
10008102:	e6ea      	b.n	10007eda <_malloc_r+0x17a>
10008104:	44a4      	add	ip, r4
10008106:	4638      	mov	r0, r7
10008108:	3408      	adds	r4, #8
1000810a:	f8dc 3004 	ldr.w	r3, [ip, #4]
1000810e:	f043 0301 	orr.w	r3, r3, #1
10008112:	f8cc 3004 	str.w	r3, [ip, #4]
10008116:	f000 f8e5 	bl	100082e4 <__malloc_unlock>
1000811a:	e6de      	b.n	10007eda <_malloc_r+0x17a>
1000811c:	1962      	adds	r2, r4, r5
1000811e:	f043 0101 	orr.w	r1, r3, #1
10008122:	f045 0501 	orr.w	r5, r5, #1
10008126:	4638      	mov	r0, r7
10008128:	6065      	str	r5, [r4, #4]
1000812a:	e9c6 2204 	strd	r2, r2, [r6, #16]
1000812e:	e9c2 8802 	strd	r8, r8, [r2, #8]
10008132:	6051      	str	r1, [r2, #4]
10008134:	f844 300c 	str.w	r3, [r4, ip]
10008138:	3408      	adds	r4, #8
1000813a:	f000 f8d3 	bl	100082e4 <__malloc_unlock>
1000813e:	e6cc      	b.n	10007eda <_malloc_r+0x17a>
10008140:	ea4f 129c 	mov.w	r2, ip, lsr #6
10008144:	f102 0339 	add.w	r3, r2, #57	@ 0x39
10008148:	3238      	adds	r2, #56	@ 0x38
1000814a:	00db      	lsls	r3, r3, #3
1000814c:	e788      	b.n	10008060 <_malloc_r+0x300>
1000814e:	42b4      	cmp	r4, r6
10008150:	d062      	beq.n	10008218 <_malloc_r+0x4b8>
10008152:	68b4      	ldr	r4, [r6, #8]
10008154:	6862      	ldr	r2, [r4, #4]
10008156:	f022 0803 	bic.w	r8, r2, #3
1000815a:	45a8      	cmp	r8, r5
1000815c:	eba8 0305 	sub.w	r3, r8, r5
10008160:	d302      	bcc.n	10008168 <_malloc_r+0x408>
10008162:	2b0f      	cmp	r3, #15
10008164:	f73f af53 	bgt.w	1000800e <_malloc_r+0x2ae>
10008168:	4638      	mov	r0, r7
1000816a:	f000 f8bb 	bl	100082e4 <__malloc_unlock>
1000816e:	e6b3      	b.n	10007ed8 <_malloc_r+0x178>
10008170:	f103 005c 	add.w	r0, r3, #92	@ 0x5c
10008174:	f103 0e5b 	add.w	lr, r3, #91	@ 0x5b
10008178:	00c3      	lsls	r3, r0, #3
1000817a:	e637      	b.n	10007dec <_malloc_r+0x8c>
1000817c:	f85a 3908 	ldr.w	r3, [sl], #-8
10008180:	4553      	cmp	r3, sl
10008182:	f040 80a0 	bne.w	100082c6 <_malloc_r+0x566>
10008186:	f010 0f03 	tst.w	r0, #3
1000818a:	f100 30ff 	add.w	r0, r0, #4294967295
1000818e:	d1f5      	bne.n	1000817c <_malloc_r+0x41c>
10008190:	6873      	ldr	r3, [r6, #4]
10008192:	ea23 030c 	bic.w	r3, r3, ip
10008196:	6073      	str	r3, [r6, #4]
10008198:	ea4f 0c4c 	mov.w	ip, ip, lsl #1
1000819c:	f10c 32ff 	add.w	r2, ip, #4294967295
100081a0:	429a      	cmp	r2, r3
100081a2:	d304      	bcc.n	100081ae <_malloc_r+0x44e>
100081a4:	e6a3      	b.n	10007eee <_malloc_r+0x18e>
100081a6:	ea4f 0c4c 	mov.w	ip, ip, lsl #1
100081aa:	f109 0904 	add.w	r9, r9, #4
100081ae:	ea1c 0f03 	tst.w	ip, r3
100081b2:	d0f8      	beq.n	100081a6 <_malloc_r+0x446>
100081b4:	4648      	mov	r0, r9
100081b6:	e670      	b.n	10007e9a <_malloc_r+0x13a>
100081b8:	1092      	asrs	r2, r2, #2
100081ba:	f04f 0c01 	mov.w	ip, #1
100081be:	fa0c f202 	lsl.w	r2, ip, r2
100081c2:	ea4e 0e02 	orr.w	lr, lr, r2
100081c6:	f8c6 e004 	str.w	lr, [r6, #4]
100081ca:	e766      	b.n	1000809a <_malloc_r+0x33a>
100081cc:	eb0a 0208 	add.w	r2, sl, r8
100081d0:	4638      	mov	r0, r7
100081d2:	ea02 020c 	and.w	r2, r2, ip
100081d6:	ebab 0b02 	sub.w	fp, fp, r2
100081da:	ea0b 0b0c 	and.w	fp, fp, ip
100081de:	4659      	mov	r1, fp
100081e0:	f001 fafe 	bl	100097e0 <_sbrk_r>
100081e4:	1c43      	adds	r3, r0, #1
100081e6:	9b01      	ldr	r3, [sp, #4]
100081e8:	f47f aedb 	bne.w	10007fa2 <_malloc_r+0x242>
100081ec:	f8dd b000 	ldr.w	fp, [sp]
100081f0:	e6db      	b.n	10007faa <_malloc_r+0x24a>
100081f2:	2a54      	cmp	r2, #84	@ 0x54
100081f4:	d82a      	bhi.n	1000824c <_malloc_r+0x4ec>
100081f6:	ea4f 321c 	mov.w	r2, ip, lsr #12
100081fa:	f102 036f 	add.w	r3, r2, #111	@ 0x6f
100081fe:	326e      	adds	r2, #110	@ 0x6e
10008200:	00db      	lsls	r3, r3, #3
10008202:	e72d      	b.n	10008060 <_malloc_r+0x300>
10008204:	f5b3 7faa 	cmp.w	r3, #340	@ 0x154
10008208:	d82a      	bhi.n	10008260 <_malloc_r+0x500>
1000820a:	0beb      	lsrs	r3, r5, #15
1000820c:	f103 0078 	add.w	r0, r3, #120	@ 0x78
10008210:	f103 0e77 	add.w	lr, r3, #119	@ 0x77
10008214:	00c3      	lsls	r3, r0, #3
10008216:	e5e9      	b.n	10007dec <_malloc_r+0x8c>
10008218:	4b2e      	ldr	r3, [pc, #184]	@ (100082d4 <_malloc_r+0x574>)
1000821a:	f10b 3cff 	add.w	ip, fp, #4294967295
1000821e:	6818      	ldr	r0, [r3, #0]
10008220:	4440      	add	r0, r8
10008222:	6018      	str	r0, [r3, #0]
10008224:	e69b      	b.n	10007f5e <_malloc_r+0x1fe>
10008226:	ea1a 0f0c 	tst.w	sl, ip
1000822a:	f47f ae98 	bne.w	10007f5e <_malloc_r+0x1fe>
1000822e:	44c8      	add	r8, r9
10008230:	f8d6 a008 	ldr.w	sl, [r6, #8]
10008234:	f048 0201 	orr.w	r2, r8, #1
10008238:	f8ca 2004 	str.w	r2, [sl, #4]
1000823c:	e6d8      	b.n	10007ff0 <_malloc_r+0x290>
1000823e:	f8c2 a000 	str.w	sl, [r2]
10008242:	e696      	b.n	10007f72 <_malloc_r+0x212>
10008244:	2301      	movs	r3, #1
10008246:	f8ca 3004 	str.w	r3, [sl, #4]
1000824a:	e78d      	b.n	10008168 <_malloc_r+0x408>
1000824c:	f5b2 7faa 	cmp.w	r2, #340	@ 0x154
10008250:	d824      	bhi.n	1000829c <_malloc_r+0x53c>
10008252:	ea4f 32dc 	mov.w	r2, ip, lsr #15
10008256:	f102 0378 	add.w	r3, r2, #120	@ 0x78
1000825a:	3277      	adds	r2, #119	@ 0x77
1000825c:	00db      	lsls	r3, r3, #3
1000825e:	e6ff      	b.n	10008060 <_malloc_r+0x300>
10008260:	f240 5254 	movw	r2, #1364	@ 0x554
10008264:	4293      	cmp	r3, r2
10008266:	d824      	bhi.n	100082b2 <_malloc_r+0x552>
10008268:	0cab      	lsrs	r3, r5, #18
1000826a:	f103 007d 	add.w	r0, r3, #125	@ 0x7d
1000826e:	f103 0e7c 	add.w	lr, r3, #124	@ 0x7c
10008272:	00c3      	lsls	r3, r0, #3
10008274:	e5ba      	b.n	10007dec <_malloc_r+0x8c>
10008276:	9a00      	ldr	r2, [sp, #0]
10008278:	f04f 0b00 	mov.w	fp, #0
1000827c:	3a08      	subs	r2, #8
1000827e:	4490      	add	r8, r2
10008280:	eba8 080a 	sub.w	r8, r8, sl
10008284:	e691      	b.n	10007faa <_malloc_r+0x24a>
10008286:	4638      	mov	r0, r7
10008288:	f104 0108 	add.w	r1, r4, #8
1000828c:	9300      	str	r3, [sp, #0]
1000828e:	f001 fbdb 	bl	10009a48 <_free_r>
10008292:	9b00      	ldr	r3, [sp, #0]
10008294:	f8d6 a008 	ldr.w	sl, [r6, #8]
10008298:	6818      	ldr	r0, [r3, #0]
1000829a:	e6a7      	b.n	10007fec <_malloc_r+0x28c>
1000829c:	f240 5354 	movw	r3, #1364	@ 0x554
100082a0:	429a      	cmp	r2, r3
100082a2:	d80c      	bhi.n	100082be <_malloc_r+0x55e>
100082a4:	ea4f 429c 	mov.w	r2, ip, lsr #18
100082a8:	f102 037d 	add.w	r3, r2, #125	@ 0x7d
100082ac:	327c      	adds	r2, #124	@ 0x7c
100082ae:	00db      	lsls	r3, r3, #3
100082b0:	e6d6      	b.n	10008060 <_malloc_r+0x300>
100082b2:	f44f 737e 	mov.w	r3, #1016	@ 0x3f8
100082b6:	207f      	movs	r0, #127	@ 0x7f
100082b8:	f04f 0e7e 	mov.w	lr, #126	@ 0x7e
100082bc:	e596      	b.n	10007dec <_malloc_r+0x8c>
100082be:	f44f 737e 	mov.w	r3, #1016	@ 0x3f8
100082c2:	227e      	movs	r2, #126	@ 0x7e
100082c4:	e6cc      	b.n	10008060 <_malloc_r+0x300>
100082c6:	6873      	ldr	r3, [r6, #4]
100082c8:	e766      	b.n	10008198 <_malloc_r+0x438>
100082ca:	08e8      	lsrs	r0, r5, #3
100082cc:	f105 0308 	add.w	r3, r5, #8
100082d0:	e556      	b.n	10007d80 <_malloc_r+0x20>
100082d2:	bf00      	nop
100082d4:	20001b3c 	.word	0x20001b3c

100082d8 <__malloc_lock>:
100082d8:	4801      	ldr	r0, [pc, #4]	@ (100082e0 <__malloc_lock+0x8>)
100082da:	f001 ba99 	b.w	10009810 <__retarget_lock_acquire_recursive>
100082de:	bf00      	nop
100082e0:	20001b38 	.word	0x20001b38

100082e4 <__malloc_unlock>:
100082e4:	4801      	ldr	r0, [pc, #4]	@ (100082ec <__malloc_unlock+0x8>)
100082e6:	f001 ba95 	b.w	10009814 <__retarget_lock_release_recursive>
100082ea:	bf00      	nop
100082ec:	20001b38 	.word	0x20001b38

100082f0 <_strtod_l>:
100082f0:	e92d 4ff0 	stmdb	sp!, {r4, r5, r6, r7, r8, r9, sl, fp, lr}
100082f4:	460e      	mov	r6, r1
100082f6:	b0a1      	sub	sp, #132	@ 0x84
100082f8:	2100      	movs	r1, #0
100082fa:	4683      	mov	fp, r0
100082fc:	9207      	str	r2, [sp, #28]
100082fe:	2200      	movs	r2, #0
10008300:	911c      	str	r1, [sp, #112]	@ 0x70
10008302:	2100      	movs	r1, #0
10008304:	e9cd 1204 	strd	r1, r2, [sp, #16]
10008308:	4632      	mov	r2, r6
1000830a:	4690      	mov	r8, r2
1000830c:	921b      	str	r2, [sp, #108]	@ 0x6c
1000830e:	f812 ab01 	ldrb.w	sl, [r2], #1
10008312:	f1ba 0f2d 	cmp.w	sl, #45	@ 0x2d
10008316:	d85f      	bhi.n	100083d8 <_strtod_l+0xe8>
10008318:	a101      	add	r1, pc, #4	@ (adr r1, 10008320 <_strtod_l+0x30>)
1000831a:	f851 f02a 	ldr.w	pc, [r1, sl, lsl #2]
1000831e:	bf00      	nop
10008320:	10008463 	.word	0x10008463
10008324:	100083d9 	.word	0x100083d9
10008328:	100083d9 	.word	0x100083d9
1000832c:	100083d9 	.word	0x100083d9
10008330:	100083d9 	.word	0x100083d9
10008334:	100083d9 	.word	0x100083d9
10008338:	100083d9 	.word	0x100083d9
1000833c:	100083d9 	.word	0x100083d9
10008340:	100083d9 	.word	0x100083d9
10008344:	1000830b 	.word	0x1000830b
10008348:	1000830b 	.word	0x1000830b
1000834c:	1000830b 	.word	0x1000830b
10008350:	1000830b 	.word	0x1000830b
10008354:	1000830b 	.word	0x1000830b
10008358:	100083d9 	.word	0x100083d9
1000835c:	100083d9 	.word	0x100083d9
10008360:	100083d9 	.word	0x100083d9
10008364:	100083d9 	.word	0x100083d9
10008368:	100083d9 	.word	0x100083d9
1000836c:	100083d9 	.word	0x100083d9
10008370:	100083d9 	.word	0x100083d9
10008374:	100083d9 	.word	0x100083d9
10008378:	100083d9 	.word	0x100083d9
1000837c:	100083d9 	.word	0x100083d9
10008380:	100083d9 	.word	0x100083d9
10008384:	100083d9 	.word	0x100083d9
10008388:	100083d9 	.word	0x100083d9
1000838c:	100083d9 	.word	0x100083d9
10008390:	100083d9 	.word	0x100083d9
10008394:	100083d9 	.word	0x100083d9
10008398:	100083d9 	.word	0x100083d9
1000839c:	100083d9 	.word	0x100083d9
100083a0:	1000830b 	.word	0x1000830b
100083a4:	100083d9 	.word	0x100083d9
100083a8:	100083d9 	.word	0x100083d9
100083ac:	100083d9 	.word	0x100083d9
100083b0:	100083d9 	.word	0x100083d9
100083b4:	100083d9 	.word	0x100083d9
100083b8:	100083d9 	.word	0x100083d9
100083bc:	100083d9 	.word	0x100083d9
100083c0:	100083d9 	.word	0x100083d9
100083c4:	100083d9 	.word	0x100083d9
100083c8:	100083d9 	.word	0x100083d9
100083cc:	10008783 	.word	0x10008783
100083d0:	100083d9 	.word	0x100083d9
100083d4:	1000879d 	.word	0x1000879d
100083d8:	2200      	movs	r2, #0
100083da:	9208      	str	r2, [sp, #32]
100083dc:	f1ba 0f30 	cmp.w	sl, #48	@ 0x30
100083e0:	f000 80a4 	beq.w	1000852c <_strtod_l+0x23c>
100083e4:	2300      	movs	r3, #0
100083e6:	9309      	str	r3, [sp, #36]	@ 0x24
100083e8:	f1aa 0330 	sub.w	r3, sl, #48	@ 0x30
100083ec:	2b09      	cmp	r3, #9
100083ee:	f200 83f7 	bhi.w	10008be0 <_strtod_l+0x8f0>
100083f2:	2700      	movs	r7, #0
100083f4:	4640      	mov	r0, r8
100083f6:	463d      	mov	r5, r7
100083f8:	463c      	mov	r4, r7
100083fa:	3001      	adds	r0, #1
100083fc:	2c08      	cmp	r4, #8
100083fe:	eb07 0287 	add.w	r2, r7, r7, lsl #2
10008402:	f104 0401 	add.w	r4, r4, #1
10008406:	eb05 0185 	add.w	r1, r5, r5, lsl #2
1000840a:	901b      	str	r0, [sp, #108]	@ 0x6c
1000840c:	f890 a000 	ldrb.w	sl, [r0]
10008410:	bfcc      	ite	gt
10008412:	eb03 0742 	addgt.w	r7, r3, r2, lsl #1
10008416:	eb03 0541 	addle.w	r5, r3, r1, lsl #1
1000841a:	f1aa 0330 	sub.w	r3, sl, #48	@ 0x30
1000841e:	2b09      	cmp	r3, #9
10008420:	d9eb      	bls.n	100083fa <_strtod_l+0x10a>
10008422:	2201      	movs	r2, #1
10008424:	49a7      	ldr	r1, [pc, #668]	@ (100086c4 <_strtod_l+0x3d4>)
10008426:	f001 f9a1 	bl	1000976c <strncmp>
1000842a:	4681      	mov	r9, r0
1000842c:	bb28      	cbnz	r0, 1000847a <_strtod_l+0x18a>
1000842e:	991b      	ldr	r1, [sp, #108]	@ 0x6c
10008430:	460b      	mov	r3, r1
10008432:	3101      	adds	r1, #1
10008434:	911b      	str	r1, [sp, #108]	@ 0x6c
10008436:	785b      	ldrb	r3, [r3, #1]
10008438:	f1a3 0c30 	sub.w	ip, r3, #48	@ 0x30
1000843c:	f1bc 0f09 	cmp.w	ip, #9
10008440:	f240 811e 	bls.w	10008680 <_strtod_l+0x390>
10008444:	f023 0320 	bic.w	r3, r3, #32
10008448:	46a6      	mov	lr, r4
1000844a:	2b45      	cmp	r3, #69	@ 0x45
1000844c:	f040 81a9 	bne.w	100087a2 <_strtod_l+0x4b2>
10008450:	f04f 0a01 	mov.w	sl, #1
10008454:	900a      	str	r0, [sp, #40]	@ 0x28
10008456:	9b0a      	ldr	r3, [sp, #40]	@ 0x28
10008458:	4323      	orrs	r3, r4
1000845a:	9a09      	ldr	r2, [sp, #36]	@ 0x24
1000845c:	4313      	orrs	r3, r2
1000845e:	f040 8142 	bne.w	100086e6 <_strtod_l+0x3f6>
10008462:	9b07      	ldr	r3, [sp, #28]
10008464:	f04f 0800 	mov.w	r8, #0
10008468:	f04f 0900 	mov.w	r9, #0
1000846c:	b103      	cbz	r3, 10008470 <_strtod_l+0x180>
1000846e:	601e      	str	r6, [r3, #0]
10008470:	4640      	mov	r0, r8
10008472:	4649      	mov	r1, r9
10008474:	b021      	add	sp, #132	@ 0x84
10008476:	e8bd 8ff0 	ldmia.w	sp!, {r4, r5, r6, r7, r8, r9, sl, fp, pc}
1000847a:	f02a 0320 	bic.w	r3, sl, #32
1000847e:	2b45      	cmp	r3, #69	@ 0x45
10008480:	f000 812c 	beq.w	100086dc <_strtod_l+0x3ec>
10008484:	f04f 0900 	mov.w	r9, #0
10008488:	46a6      	mov	lr, r4
1000848a:	f8cd 9030 	str.w	r9, [sp, #48]	@ 0x30
1000848e:	f8cd 9038 	str.w	r9, [sp, #56]	@ 0x38
10008492:	4626      	mov	r6, r4
10008494:	4674      	mov	r4, lr
10008496:	2e10      	cmp	r6, #16
10008498:	4628      	mov	r0, r5
1000849a:	46b2      	mov	sl, r6
1000849c:	bfa8      	it	ge
1000849e:	f04f 0a10 	movge.w	sl, #16
100084a2:	f7fa f941 	bl	10002728 <__wrap___aeabi_ui2d>
100084a6:	2e09      	cmp	r6, #9
100084a8:	4602      	mov	r2, r0
100084aa:	460b      	mov	r3, r1
100084ac:	e9cd 2304 	strd	r2, r3, [sp, #16]
100084b0:	dd17      	ble.n	100084e2 <_strtod_l+0x1f2>
100084b2:	4b85      	ldr	r3, [pc, #532]	@ (100086c8 <_strtod_l+0x3d8>)
100084b4:	eb03 03ca 	add.w	r3, r3, sl, lsl #3
100084b8:	e953 2312 	ldrd	r2, r3, [r3, #-72]	@ 0x48
100084bc:	f7fa f8a0 	bl	10002600 <__wrap___aeabi_dmul>
100084c0:	4602      	mov	r2, r0
100084c2:	460b      	mov	r3, r1
100084c4:	4638      	mov	r0, r7
100084c6:	e9cd 2304 	strd	r2, r3, [sp, #16]
100084ca:	f7fa f92d 	bl	10002728 <__wrap___aeabi_ui2d>
100084ce:	4602      	mov	r2, r0
100084d0:	460b      	mov	r3, r1
100084d2:	e9dd 0104 	ldrd	r0, r1, [sp, #16]
100084d6:	f7fa f86b 	bl	100025b0 <__wrap___aeabi_dadd>
100084da:	2e0f      	cmp	r6, #15
100084dc:	e9cd 0104 	strd	r0, r1, [sp, #16]
100084e0:	dc3b      	bgt.n	1000855a <_strtod_l+0x26a>
100084e2:	9b0c      	ldr	r3, [sp, #48]	@ 0x30
100084e4:	2b00      	cmp	r3, #0
100084e6:	f000 83ad 	beq.w	10008c44 <_strtod_l+0x954>
100084ea:	9b0c      	ldr	r3, [sp, #48]	@ 0x30
100084ec:	f340 82b2 	ble.w	10008a54 <_strtod_l+0x764>
100084f0:	2b16      	cmp	r3, #22
100084f2:	f340 84df 	ble.w	10008eb4 <_strtod_l+0xbc4>
100084f6:	f1c6 0325 	rsb	r3, r6, #37	@ 0x25
100084fa:	9a0c      	ldr	r2, [sp, #48]	@ 0x30
100084fc:	4293      	cmp	r3, r2
100084fe:	db2c      	blt.n	1000855a <_strtod_l+0x26a>
10008500:	f1c6 050f 	rsb	r5, r6, #15
10008504:	4c70      	ldr	r4, [pc, #448]	@ (100086c8 <_strtod_l+0x3d8>)
10008506:	eb04 01c5 	add.w	r1, r4, r5, lsl #3
1000850a:	e9dd 2304 	ldrd	r2, r3, [sp, #16]
1000850e:	e9d1 0100 	ldrd	r0, r1, [r1]
10008512:	f7fa f875 	bl	10002600 <__wrap___aeabi_dmul>
10008516:	9b0c      	ldr	r3, [sp, #48]	@ 0x30
10008518:	1b5d      	subs	r5, r3, r5
1000851a:	eb04 04c5 	add.w	r4, r4, r5, lsl #3
1000851e:	e9d4 2300 	ldrd	r2, r3, [r4]
10008522:	f7fa f86d 	bl	10002600 <__wrap___aeabi_dmul>
10008526:	4680      	mov	r8, r0
10008528:	4689      	mov	r9, r1
1000852a:	e099      	b.n	10008660 <_strtod_l+0x370>
1000852c:	f898 2001 	ldrb.w	r2, [r8, #1]
10008530:	f002 02df 	and.w	r2, r2, #223	@ 0xdf
10008534:	2a58      	cmp	r2, #88	@ 0x58
10008536:	f000 83d2 	beq.w	10008cde <_strtod_l+0x9ee>
1000853a:	4643      	mov	r3, r8
1000853c:	3301      	adds	r3, #1
1000853e:	931b      	str	r3, [sp, #108]	@ 0x6c
10008540:	f893 a000 	ldrb.w	sl, [r3]
10008544:	f1ba 0f30 	cmp.w	sl, #48	@ 0x30
10008548:	d0f8      	beq.n	1000853c <_strtod_l+0x24c>
1000854a:	4698      	mov	r8, r3
1000854c:	f1ba 0f00 	cmp.w	sl, #0
10008550:	f000 8082 	beq.w	10008658 <_strtod_l+0x368>
10008554:	2301      	movs	r3, #1
10008556:	9309      	str	r3, [sp, #36]	@ 0x24
10008558:	e746      	b.n	100083e8 <_strtod_l+0xf8>
1000855a:	eba6 0a0a 	sub.w	sl, r6, sl
1000855e:	9b0c      	ldr	r3, [sp, #48]	@ 0x30
10008560:	449a      	add	sl, r3
10008562:	f1ba 0f00 	cmp.w	sl, #0
10008566:	f340 8127 	ble.w	100087b8 <_strtod_l+0x4c8>
1000856a:	f02a 070f 	bic.w	r7, sl, #15
1000856e:	f01a 0a0f 	ands.w	sl, sl, #15
10008572:	f040 8423 	bne.w	10008dbc <_strtod_l+0xacc>
10008576:	f5b7 7f9a 	cmp.w	r7, #308	@ 0x134
1000857a:	f300 84a9 	bgt.w	10008ed0 <_strtod_l+0xbe0>
1000857e:	2f10      	cmp	r7, #16
10008580:	ea4f 1a27 	mov.w	sl, r7, asr #4
10008584:	f000 85eb 	beq.w	1000915e <_strtod_l+0xe6e>
10008588:	f8df e14c 	ldr.w	lr, [pc, #332]	@ 100086d8 <_strtod_l+0x3e8>
1000858c:	f04f 0c00 	mov.w	ip, #0
10008590:	e9cd 4509 	strd	r4, r5, [sp, #36]	@ 0x24
10008594:	4677      	mov	r7, lr
10008596:	4664      	mov	r4, ip
10008598:	4675      	mov	r5, lr
1000859a:	e9dd 2304 	ldrd	r2, r3, [sp, #16]
1000859e:	f01a 0f01 	tst.w	sl, #1
100085a2:	4610      	mov	r0, r2
100085a4:	4619      	mov	r1, r3
100085a6:	d007      	beq.n	100085b8 <_strtod_l+0x2c8>
100085a8:	e9d7 2300 	ldrd	r2, r3, [r7]
100085ac:	f7fa f828 	bl	10002600 <__wrap___aeabi_dmul>
100085b0:	f04f 0c01 	mov.w	ip, #1
100085b4:	4602      	mov	r2, r0
100085b6:	460b      	mov	r3, r1
100085b8:	ea4f 0a6a 	mov.w	sl, sl, asr #1
100085bc:	3401      	adds	r4, #1
100085be:	3708      	adds	r7, #8
100085c0:	f1ba 0f01 	cmp.w	sl, #1
100085c4:	d1eb      	bne.n	1000859e <_strtod_l+0x2ae>
100085c6:	4621      	mov	r1, r4
100085c8:	46ae      	mov	lr, r5
100085ca:	9c09      	ldr	r4, [sp, #36]	@ 0x24
100085cc:	9d0a      	ldr	r5, [sp, #40]	@ 0x28
100085ce:	f1bc 0f00 	cmp.w	ip, #0
100085d2:	d001      	beq.n	100085d8 <_strtod_l+0x2e8>
100085d4:	e9cd 2304 	strd	r2, r3, [sp, #16]
100085d8:	9b05      	ldr	r3, [sp, #20]
100085da:	eb0e 0ec1 	add.w	lr, lr, r1, lsl #3
100085de:	f1a3 7354 	sub.w	r3, r3, #55574528	@ 0x3500000
100085e2:	9305      	str	r3, [sp, #20]
100085e4:	e9dd 2304 	ldrd	r2, r3, [sp, #16]
100085e8:	e9de 0100 	ldrd	r0, r1, [lr]
100085ec:	f7fa f808 	bl	10002600 <__wrap___aeabi_dmul>
100085f0:	4b36      	ldr	r3, [pc, #216]	@ (100086cc <_strtod_l+0x3dc>)
100085f2:	460a      	mov	r2, r1
100085f4:	400b      	ands	r3, r1
100085f6:	e9cd 0104 	strd	r0, r1, [sp, #16]
100085fa:	4935      	ldr	r1, [pc, #212]	@ (100086d0 <_strtod_l+0x3e0>)
100085fc:	428b      	cmp	r3, r1
100085fe:	f200 8467 	bhi.w	10008ed0 <_strtod_l+0xbe0>
10008602:	f5a1 1180 	sub.w	r1, r1, #1048576	@ 0x100000
10008606:	428b      	cmp	r3, r1
10008608:	f240 8525 	bls.w	10009056 <_strtod_l+0xd66>
1000860c:	f04f 32ff 	mov.w	r2, #4294967295
10008610:	4b30      	ldr	r3, [pc, #192]	@ (100086d4 <_strtod_l+0x3e4>)
10008612:	e9cd 2304 	strd	r2, r3, [sp, #16]
10008616:	e0d1      	b.n	100087bc <_strtod_l+0x4cc>
10008618:	981b      	ldr	r0, [sp, #108]	@ 0x6c
1000861a:	1c43      	adds	r3, r0, #1
1000861c:	931b      	str	r3, [sp, #108]	@ 0x6c
1000861e:	7841      	ldrb	r1, [r0, #1]
10008620:	2930      	cmp	r1, #48	@ 0x30
10008622:	f040 84a1 	bne.w	10008f68 <_strtod_l+0xc78>
10008626:	1c83      	adds	r3, r0, #2
10008628:	461a      	mov	r2, r3
1000862a:	931b      	str	r3, [sp, #108]	@ 0x6c
1000862c:	3301      	adds	r3, #1
1000862e:	7811      	ldrb	r1, [r2, #0]
10008630:	2930      	cmp	r1, #48	@ 0x30
10008632:	d0f9      	beq.n	10008628 <_strtod_l+0x338>
10008634:	1a12      	subs	r2, r2, r0
10008636:	1e53      	subs	r3, r2, #1
10008638:	930a      	str	r3, [sp, #40]	@ 0x28
1000863a:	f1a1 0331 	sub.w	r3, r1, #49	@ 0x31
1000863e:	2b08      	cmp	r3, #8
10008640:	f240 82e2 	bls.w	10008c08 <_strtod_l+0x918>
10008644:	f021 0120 	bic.w	r1, r1, #32
10008648:	2945      	cmp	r1, #69	@ 0x45
1000864a:	f000 83a4 	beq.w	10008d96 <_strtod_l+0xaa6>
1000864e:	e9dd 2309 	ldrd	r2, r3, [sp, #36]	@ 0x24
10008652:	4313      	orrs	r3, r2
10008654:	f43f af05 	beq.w	10008462 <_strtod_l+0x172>
10008658:	f04f 0800 	mov.w	r8, #0
1000865c:	f04f 0900 	mov.w	r9, #0
10008660:	9a07      	ldr	r2, [sp, #28]
10008662:	b10a      	cbz	r2, 10008668 <_strtod_l+0x378>
10008664:	9b1b      	ldr	r3, [sp, #108]	@ 0x6c
10008666:	6013      	str	r3, [r2, #0]
10008668:	9b08      	ldr	r3, [sp, #32]
1000866a:	2b00      	cmp	r3, #0
1000866c:	f43f af00 	beq.w	10008470 <_strtod_l+0x180>
10008670:	f109 4300 	add.w	r3, r9, #2147483648	@ 0x80000000
10008674:	4640      	mov	r0, r8
10008676:	4699      	mov	r9, r3
10008678:	4649      	mov	r1, r9
1000867a:	b021      	add	sp, #132	@ 0x84
1000867c:	e8bd 8ff0 	ldmia.w	sp!, {r4, r5, r6, r7, r8, r9, sl, fp, pc}
10008680:	46a6      	mov	lr, r4
10008682:	900a      	str	r0, [sp, #40]	@ 0x28
10008684:	9a0a      	ldr	r2, [sp, #40]	@ 0x28
10008686:	4608      	mov	r0, r1
10008688:	4661      	mov	r1, ip
1000868a:	1c53      	adds	r3, r2, #1
1000868c:	f1bc 0f00 	cmp.w	ip, #0
10008690:	f000 8489 	beq.w	10008fa6 <_strtod_l+0xcb6>
10008694:	2b01      	cmp	r3, #1
10008696:	4499      	add	r9, r3
10008698:	f000 862d 	beq.w	100092f6 <_strtod_l+0x1006>
1000869c:	4422      	add	r2, r4
1000869e:	e004      	b.n	100086aa <_strtod_l+0x3ba>
100086a0:	ea4f 054a 	mov.w	r5, sl, lsl #1
100086a4:	42a2      	cmp	r2, r4
100086a6:	f000 8627 	beq.w	100092f8 <_strtod_l+0x1008>
100086aa:	2c08      	cmp	r4, #8
100086ac:	eb05 0a85 	add.w	sl, r5, r5, lsl #2
100086b0:	f104 0401 	add.w	r4, r4, #1
100086b4:	ddf4      	ble.n	100086a0 <_strtod_l+0x3b0>
100086b6:	eb07 0387 	add.w	r3, r7, r7, lsl #2
100086ba:	2c10      	cmp	r4, #16
100086bc:	bfd8      	it	le
100086be:	005f      	lslle	r7, r3, #1
100086c0:	e7f0      	b.n	100086a4 <_strtod_l+0x3b4>
100086c2:	bf00      	nop
100086c4:	1000bb28 	.word	0x1000bb28
100086c8:	1000c6d0 	.word	0x1000c6d0
100086cc:	7ff00000 	.word	0x7ff00000
100086d0:	7ca00000 	.word	0x7ca00000
100086d4:	7fefffff 	.word	0x7fefffff
100086d8:	1000c6a8 	.word	0x1000c6a8
100086dc:	2300      	movs	r3, #0
100086de:	46a6      	mov	lr, r4
100086e0:	4699      	mov	r9, r3
100086e2:	469a      	mov	sl, r3
100086e4:	930a      	str	r3, [sp, #40]	@ 0x28
100086e6:	9e1b      	ldr	r6, [sp, #108]	@ 0x6c
100086e8:	1c73      	adds	r3, r6, #1
100086ea:	931b      	str	r3, [sp, #108]	@ 0x6c
100086ec:	7873      	ldrb	r3, [r6, #1]
100086ee:	2b2b      	cmp	r3, #43	@ 0x2b
100086f0:	f000 826a 	beq.w	10008bc8 <_strtod_l+0x8d8>
100086f4:	2b2d      	cmp	r3, #45	@ 0x2d
100086f6:	d141      	bne.n	1000877c <_strtod_l+0x48c>
100086f8:	2301      	movs	r3, #1
100086fa:	930c      	str	r3, [sp, #48]	@ 0x30
100086fc:	1cb3      	adds	r3, r6, #2
100086fe:	931b      	str	r3, [sp, #108]	@ 0x6c
10008700:	78b3      	ldrb	r3, [r6, #2]
10008702:	f1a3 0c30 	sub.w	ip, r3, #48	@ 0x30
10008706:	f1bc 0f09 	cmp.w	ip, #9
1000870a:	f200 821e 	bhi.w	10008b4a <_strtod_l+0x85a>
1000870e:	2b30      	cmp	r3, #48	@ 0x30
10008710:	991b      	ldr	r1, [sp, #108]	@ 0x6c
10008712:	f040 82c0 	bne.w	10008c96 <_strtod_l+0x9a6>
10008716:	3101      	adds	r1, #1
10008718:	911b      	str	r1, [sp, #108]	@ 0x6c
1000871a:	780b      	ldrb	r3, [r1, #0]
1000871c:	2b30      	cmp	r3, #48	@ 0x30
1000871e:	d0fa      	beq.n	10008716 <_strtod_l+0x426>
10008720:	f1a3 0031 	sub.w	r0, r3, #49	@ 0x31
10008724:	2808      	cmp	r0, #8
10008726:	f240 82b4 	bls.w	10008c92 <_strtod_l+0x9a2>
1000872a:	2200      	movs	r2, #0
1000872c:	920e      	str	r2, [sp, #56]	@ 0x38
1000872e:	2c00      	cmp	r4, #0
10008730:	d138      	bne.n	100087a4 <_strtod_l+0x4b4>
10008732:	e9dd 2109 	ldrd	r2, r1, [sp, #36]	@ 0x24
10008736:	430a      	orrs	r2, r1
10008738:	d18e      	bne.n	10008658 <_strtod_l+0x368>
1000873a:	f1ba 0f00 	cmp.w	sl, #0
1000873e:	f47f ae90 	bne.w	10008462 <_strtod_l+0x172>
10008742:	2b69      	cmp	r3, #105	@ 0x69
10008744:	f000 834f 	beq.w	10008de6 <_strtod_l+0xaf6>
10008748:	f300 8348 	bgt.w	10008ddc <_strtod_l+0xaec>
1000874c:	2b49      	cmp	r3, #73	@ 0x49
1000874e:	f000 834a 	beq.w	10008de6 <_strtod_l+0xaf6>
10008752:	2b4e      	cmp	r3, #78	@ 0x4e
10008754:	f47f ae85 	bne.w	10008462 <_strtod_l+0x172>
10008758:	49b7      	ldr	r1, [pc, #732]	@ (10008a38 <_strtod_l+0x748>)
1000875a:	a81b      	add	r0, sp, #108	@ 0x6c
1000875c:	f001 fdc2 	bl	1000a2e4 <__match>
10008760:	2800      	cmp	r0, #0
10008762:	f43f ae7e 	beq.w	10008462 <_strtod_l+0x172>
10008766:	9b1b      	ldr	r3, [sp, #108]	@ 0x6c
10008768:	781b      	ldrb	r3, [r3, #0]
1000876a:	2b28      	cmp	r3, #40	@ 0x28
1000876c:	f000 8498 	beq.w	100090a0 <_strtod_l+0xdb0>
10008770:	48b2      	ldr	r0, [pc, #712]	@ (10008a3c <_strtod_l+0x74c>)
10008772:	f001 f903 	bl	1000997c <nan>
10008776:	4680      	mov	r8, r0
10008778:	4689      	mov	r9, r1
1000877a:	e771      	b.n	10008660 <_strtod_l+0x370>
1000877c:	2200      	movs	r2, #0
1000877e:	920c      	str	r2, [sp, #48]	@ 0x30
10008780:	e7bf      	b.n	10008702 <_strtod_l+0x412>
10008782:	2200      	movs	r2, #0
10008784:	9208      	str	r2, [sp, #32]
10008786:	f108 0201 	add.w	r2, r8, #1
1000878a:	921b      	str	r2, [sp, #108]	@ 0x6c
1000878c:	f898 a001 	ldrb.w	sl, [r8, #1]
10008790:	f1ba 0f00 	cmp.w	sl, #0
10008794:	f43f ae65 	beq.w	10008462 <_strtod_l+0x172>
10008798:	4690      	mov	r8, r2
1000879a:	e61f      	b.n	100083dc <_strtod_l+0xec>
1000879c:	2201      	movs	r2, #1
1000879e:	9208      	str	r2, [sp, #32]
100087a0:	e7f1      	b.n	10008786 <_strtod_l+0x496>
100087a2:	900e      	str	r0, [sp, #56]	@ 0x38
100087a4:	9b0e      	ldr	r3, [sp, #56]	@ 0x38
100087a6:	eba3 0309 	sub.w	r3, r3, r9
100087aa:	930c      	str	r3, [sp, #48]	@ 0x30
100087ac:	f1be 0f00 	cmp.w	lr, #0
100087b0:	f47f ae6f 	bne.w	10008492 <_strtod_l+0x1a2>
100087b4:	4626      	mov	r6, r4
100087b6:	e66e      	b.n	10008496 <_strtod_l+0x1a6>
100087b8:	f040 8334 	bne.w	10008e24 <_strtod_l+0xb34>
100087bc:	2300      	movs	r3, #0
100087be:	930d      	str	r3, [sp, #52]	@ 0x34
100087c0:	4633      	mov	r3, r6
100087c2:	4622      	mov	r2, r4
100087c4:	4641      	mov	r1, r8
100087c6:	4658      	mov	r0, fp
100087c8:	9500      	str	r5, [sp, #0]
100087ca:	f001 ff1f 	bl	1000a60c <__s2b>
100087ce:	9015      	str	r0, [sp, #84]	@ 0x54
100087d0:	2800      	cmp	r0, #0
100087d2:	f000 837d 	beq.w	10008ed0 <_strtod_l+0xbe0>
100087d6:	9b0e      	ldr	r3, [sp, #56]	@ 0x38
100087d8:	2100      	movs	r1, #0
100087da:	eba9 0903 	sub.w	r9, r9, r3
100087de:	9b0c      	ldr	r3, [sp, #48]	@ 0x30
100087e0:	468a      	mov	sl, r1
100087e2:	9109      	str	r1, [sp, #36]	@ 0x24
100087e4:	2b00      	cmp	r3, #0
100087e6:	ea23 73e3 	bic.w	r3, r3, r3, asr #31
100087ea:	bfb4      	ite	lt
100087ec:	464a      	movlt	r2, r9
100087ee:	2200      	movge	r2, #0
100087f0:	9314      	str	r3, [sp, #80]	@ 0x50
100087f2:	920e      	str	r2, [sp, #56]	@ 0x38
100087f4:	9a0d      	ldr	r2, [sp, #52]	@ 0x34
100087f6:	1a53      	subs	r3, r2, r1
100087f8:	fab2 fc82 	clz	ip, r2
100087fc:	bf18      	it	ne
100087fe:	2301      	movne	r3, #1
10008800:	ea4f 1c5c 	mov.w	ip, ip, lsr #5
10008804:	9316      	str	r3, [sp, #88]	@ 0x58
10008806:	f8cd c05c 	str.w	ip, [sp, #92]	@ 0x5c
1000880a:	e0d1      	b.n	100089b0 <_strtod_l+0x6c0>
1000880c:	1ad2      	subs	r2, r2, r3
1000880e:	2a1f      	cmp	r2, #31
10008810:	eba4 0402 	sub.w	r4, r4, r2
10008814:	f300 819d 	bgt.w	10008b52 <_strtod_l+0x862>
10008818:	2301      	movs	r3, #1
1000881a:	2700      	movs	r7, #0
1000881c:	4093      	lsls	r3, r2
1000881e:	9312      	str	r3, [sp, #72]	@ 0x48
10008820:	4425      	add	r5, r4
10008822:	4434      	add	r4, r6
10008824:	9b0d      	ldr	r3, [sp, #52]	@ 0x34
10008826:	42a6      	cmp	r6, r4
10008828:	441d      	add	r5, r3
1000882a:	4633      	mov	r3, r6
1000882c:	bfa8      	it	ge
1000882e:	4623      	movge	r3, r4
10008830:	42ab      	cmp	r3, r5
10008832:	bfa8      	it	ge
10008834:	462b      	movge	r3, r5
10008836:	2b00      	cmp	r3, #0
10008838:	dd02      	ble.n	10008840 <_strtod_l+0x550>
1000883a:	1ae4      	subs	r4, r4, r3
1000883c:	1aed      	subs	r5, r5, r3
1000883e:	1af6      	subs	r6, r6, r3
10008840:	9b0e      	ldr	r3, [sp, #56]	@ 0x38
10008842:	2b00      	cmp	r3, #0
10008844:	f300 8128 	bgt.w	10008a98 <_strtod_l+0x7a8>
10008848:	2c00      	cmp	r4, #0
1000884a:	f300 813d 	bgt.w	10008ac8 <_strtod_l+0x7d8>
1000884e:	9b0c      	ldr	r3, [sp, #48]	@ 0x30
10008850:	2b00      	cmp	r3, #0
10008852:	f300 8170 	bgt.w	10008b36 <_strtod_l+0x846>
10008856:	2d00      	cmp	r5, #0
10008858:	f300 8161 	bgt.w	10008b1e <_strtod_l+0x82e>
1000885c:	2e00      	cmp	r6, #0
1000885e:	dd08      	ble.n	10008872 <_strtod_l+0x582>
10008860:	4651      	mov	r1, sl
10008862:	4632      	mov	r2, r6
10008864:	4658      	mov	r0, fp
10008866:	f002 f8d5 	bl	1000aa14 <__lshift>
1000886a:	4682      	mov	sl, r0
1000886c:	2800      	cmp	r0, #0
1000886e:	f000 815f 	beq.w	10008b30 <_strtod_l+0x840>
10008872:	464a      	mov	r2, r9
10008874:	991c      	ldr	r1, [sp, #112]	@ 0x70
10008876:	4658      	mov	r0, fp
10008878:	f002 f960 	bl	1000ab3c <__mdiff>
1000887c:	9009      	str	r0, [sp, #36]	@ 0x24
1000887e:	2800      	cmp	r0, #0
10008880:	f000 8156 	beq.w	10008b30 <_strtod_l+0x840>
10008884:	9a09      	ldr	r2, [sp, #36]	@ 0x24
10008886:	2300      	movs	r3, #0
10008888:	68d1      	ldr	r1, [r2, #12]
1000888a:	60d3      	str	r3, [r2, #12]
1000888c:	910f      	str	r1, [sp, #60]	@ 0x3c
1000888e:	4651      	mov	r1, sl
10008890:	f002 f932 	bl	1000aaf8 <__mcmp>
10008894:	2800      	cmp	r0, #0
10008896:	f2c0 842b 	blt.w	100090f0 <_strtod_l+0xe00>
1000889a:	9e05      	ldr	r6, [sp, #20]
1000889c:	f000 838e 	beq.w	10008fbc <_strtod_l+0xccc>
100088a0:	4651      	mov	r1, sl
100088a2:	9809      	ldr	r0, [sp, #36]	@ 0x24
100088a4:	f002 fae6 	bl	1000ae74 <__ratio>
100088a8:	2200      	movs	r2, #0
100088aa:	f04f 4380 	mov.w	r3, #1073741824	@ 0x40000000
100088ae:	4604      	mov	r4, r0
100088b0:	460d      	mov	r5, r1
100088b2:	f7f9 ffa7 	bl	10002804 <__wrap___aeabi_dcmple>
100088b6:	2800      	cmp	r0, #0
100088b8:	f000 80de 	beq.w	10008a78 <_strtod_l+0x788>
100088bc:	9b0f      	ldr	r3, [sp, #60]	@ 0x3c
100088be:	2b00      	cmp	r3, #0
100088c0:	f040 8153 	bne.w	10008b6a <_strtod_l+0x87a>
100088c4:	9b04      	ldr	r3, [sp, #16]
100088c6:	2b00      	cmp	r3, #0
100088c8:	f040 8254 	bne.w	10008d74 <_strtod_l+0xa84>
100088cc:	f3c6 0313 	ubfx	r3, r6, #0, #20
100088d0:	2b00      	cmp	r3, #0
100088d2:	f040 817c 	bne.w	10008bce <_strtod_l+0x8de>
100088d6:	2200      	movs	r2, #0
100088d8:	4b59      	ldr	r3, [pc, #356]	@ (10008a40 <_strtod_l+0x750>)
100088da:	4620      	mov	r0, r4
100088dc:	4629      	mov	r1, r5
100088de:	f7f9 ff7d 	bl	100027dc <__wrap___aeabi_dcmplt>
100088e2:	2800      	cmp	r0, #0
100088e4:	f040 8361 	bne.w	10008faa <_strtod_l+0xcba>
100088e8:	2200      	movs	r2, #0
100088ea:	4b56      	ldr	r3, [pc, #344]	@ (10008a44 <_strtod_l+0x754>)
100088ec:	4620      	mov	r0, r4
100088ee:	4629      	mov	r1, r5
100088f0:	f7f9 fe86 	bl	10002600 <__wrap___aeabi_dmul>
100088f4:	460a      	mov	r2, r1
100088f6:	4601      	mov	r1, r0
100088f8:	9010      	str	r0, [sp, #64]	@ 0x40
100088fa:	f102 4300 	add.w	r3, r2, #2147483648	@ 0x80000000
100088fe:	e9cd 1212 	strd	r1, r2, [sp, #72]	@ 0x48
10008902:	9311      	str	r3, [sp, #68]	@ 0x44
10008904:	4f50      	ldr	r7, [pc, #320]	@ (10008a48 <_strtod_l+0x758>)
10008906:	4b51      	ldr	r3, [pc, #324]	@ (10008a4c <_strtod_l+0x75c>)
10008908:	4037      	ands	r7, r6
1000890a:	429f      	cmp	r7, r3
1000890c:	e9dd 4510 	ldrd	r4, r5, [sp, #64]	@ 0x40
10008910:	f000 8132 	beq.w	10008b78 <_strtod_l+0x888>
10008914:	f1b7 6fd4 	cmp.w	r7, #111149056	@ 0x6a00000
10008918:	d821      	bhi.n	1000895e <_strtod_l+0x66e>
1000891a:	9b16      	ldr	r3, [sp, #88]	@ 0x58
1000891c:	b1fb      	cbz	r3, 1000895e <_strtod_l+0x66e>
1000891e:	a344      	add	r3, pc, #272	@ (adr r3, 10008a30 <_strtod_l+0x740>)
10008920:	e9d3 2300 	ldrd	r2, r3, [r3]
10008924:	e9dd 0112 	ldrd	r0, r1, [sp, #72]	@ 0x48
10008928:	f7f9 ff6c 	bl	10002804 <__wrap___aeabi_dcmple>
1000892c:	b1a0      	cbz	r0, 10008958 <_strtod_l+0x668>
1000892e:	e9dd 0112 	ldrd	r0, r1, [sp, #72]	@ 0x48
10008932:	f7f9 ff1d 	bl	10002770 <__wrap___aeabi_d2uiz>
10008936:	2801      	cmp	r0, #1
10008938:	bf38      	it	cc
1000893a:	2001      	movcc	r0, #1
1000893c:	f7f9 fef4 	bl	10002728 <__wrap___aeabi_ui2d>
10008940:	9b0f      	ldr	r3, [sp, #60]	@ 0x3c
10008942:	e9cd 0112 	strd	r0, r1, [sp, #72]	@ 0x48
10008946:	2b00      	cmp	r3, #0
10008948:	f040 8233 	bne.w	10008db2 <_strtod_l+0xac2>
1000894c:	f101 4300 	add.w	r3, r1, #2147483648	@ 0x80000000
10008950:	9018      	str	r0, [sp, #96]	@ 0x60
10008952:	9319      	str	r3, [sp, #100]	@ 0x64
10008954:	e9dd 4518 	ldrd	r4, r5, [sp, #96]	@ 0x60
10008958:	f105 63d6 	add.w	r3, r5, #112197632	@ 0x6b00000
1000895c:	1bdd      	subs	r5, r3, r7
1000895e:	e9dd 010a 	ldrd	r0, r1, [sp, #40]	@ 0x28
10008962:	f002 f9a3 	bl	1000acac <__ulp>
10008966:	4602      	mov	r2, r0
10008968:	460b      	mov	r3, r1
1000896a:	4620      	mov	r0, r4
1000896c:	4629      	mov	r1, r5
1000896e:	f7f9 fe47 	bl	10002600 <__wrap___aeabi_dmul>
10008972:	e9dd 230a 	ldrd	r2, r3, [sp, #40]	@ 0x28
10008976:	f7f9 fe1b 	bl	100025b0 <__wrap___aeabi_dadd>
1000897a:	460c      	mov	r4, r1
1000897c:	e9cd 0104 	strd	r0, r1, [sp, #16]
10008980:	4b31      	ldr	r3, [pc, #196]	@ (10008a48 <_strtod_l+0x758>)
10008982:	4023      	ands	r3, r4
10008984:	42bb      	cmp	r3, r7
10008986:	d103      	bne.n	10008990 <_strtod_l+0x6a0>
10008988:	9b17      	ldr	r3, [sp, #92]	@ 0x5c
1000898a:	2b00      	cmp	r3, #0
1000898c:	f040 815d 	bne.w	10008c4a <_strtod_l+0x95a>
10008990:	991c      	ldr	r1, [sp, #112]	@ 0x70
10008992:	4658      	mov	r0, fp
10008994:	f001 fdde 	bl	1000a554 <_Bfree>
10008998:	4649      	mov	r1, r9
1000899a:	4658      	mov	r0, fp
1000899c:	f001 fdda 	bl	1000a554 <_Bfree>
100089a0:	4651      	mov	r1, sl
100089a2:	4658      	mov	r0, fp
100089a4:	f001 fdd6 	bl	1000a554 <_Bfree>
100089a8:	9909      	ldr	r1, [sp, #36]	@ 0x24
100089aa:	4658      	mov	r0, fp
100089ac:	f001 fdd2 	bl	1000a554 <_Bfree>
100089b0:	9c15      	ldr	r4, [sp, #84]	@ 0x54
100089b2:	4658      	mov	r0, fp
100089b4:	6861      	ldr	r1, [r4, #4]
100089b6:	f001 fda7 	bl	1000a508 <_Balloc>
100089ba:	4681      	mov	r9, r0
100089bc:	2800      	cmp	r0, #0
100089be:	f000 80b7 	beq.w	10008b30 <_strtod_l+0x840>
100089c2:	6922      	ldr	r2, [r4, #16]
100089c4:	f104 010c 	add.w	r1, r4, #12
100089c8:	300c      	adds	r0, #12
100089ca:	3202      	adds	r2, #2
100089cc:	0092      	lsls	r2, r2, #2
100089ce:	f000 ff31 	bl	10009834 <memcpy>
100089d2:	ab1e      	add	r3, sp, #120	@ 0x78
100089d4:	4658      	mov	r0, fp
100089d6:	9301      	str	r3, [sp, #4]
100089d8:	ab1d      	add	r3, sp, #116	@ 0x74
100089da:	ed9d 7b04 	vldr	d7, [sp, #16]
100089de:	9300      	str	r3, [sp, #0]
100089e0:	ec53 2b17 	vmov	r2, r3, d7
100089e4:	ed8d 7b0a 	vstr	d7, [sp, #40]	@ 0x28
100089e8:	f002 f9e6 	bl	1000adb8 <__d2b>
100089ec:	4602      	mov	r2, r0
100089ee:	901c      	str	r0, [sp, #112]	@ 0x70
100089f0:	2800      	cmp	r0, #0
100089f2:	d073      	beq.n	10008adc <_strtod_l+0x7ec>
100089f4:	2101      	movs	r1, #1
100089f6:	4658      	mov	r0, fp
100089f8:	f001 feca 	bl	1000a790 <__i2b>
100089fc:	4682      	mov	sl, r0
100089fe:	2800      	cmp	r0, #0
10008a00:	f000 8096 	beq.w	10008b30 <_strtod_l+0x840>
10008a04:	9b1d      	ldr	r3, [sp, #116]	@ 0x74
10008a06:	2b00      	cmp	r3, #0
10008a08:	f2c0 8085 	blt.w	10008b16 <_strtod_l+0x826>
10008a0c:	9a0e      	ldr	r2, [sp, #56]	@ 0x38
10008a0e:	9d14      	ldr	r5, [sp, #80]	@ 0x50
10008a10:	189e      	adds	r6, r3, r2
10008a12:	9a0d      	ldr	r2, [sp, #52]	@ 0x34
10008a14:	9c1e      	ldr	r4, [sp, #120]	@ 0x78
10008a16:	1a9b      	subs	r3, r3, r2
10008a18:	4a0d      	ldr	r2, [pc, #52]	@ (10008a50 <_strtod_l+0x760>)
10008a1a:	4423      	add	r3, r4
10008a1c:	f1c4 0436 	rsb	r4, r4, #54	@ 0x36
10008a20:	3b01      	subs	r3, #1
10008a22:	4293      	cmp	r3, r2
10008a24:	f6ff aef2 	blt.w	1000880c <_strtod_l+0x51c>
10008a28:	2301      	movs	r3, #1
10008a2a:	2700      	movs	r7, #0
10008a2c:	9312      	str	r3, [sp, #72]	@ 0x48
10008a2e:	e6f7      	b.n	10008820 <_strtod_l+0x530>
10008a30:	ffc00000 	.word	0xffc00000
10008a34:	41dfffff 	.word	0x41dfffff
10008a38:	1000bb38 	.word	0x1000bb38
10008a3c:	1000b0d8 	.word	0x1000b0d8
10008a40:	3ff00000 	.word	0x3ff00000
10008a44:	3fe00000 	.word	0x3fe00000
10008a48:	7ff00000 	.word	0x7ff00000
10008a4c:	7fe00000 	.word	0x7fe00000
10008a50:	fffffc02 	.word	0xfffffc02
10008a54:	3316      	adds	r3, #22
10008a56:	f6ff ad80 	blt.w	1000855a <_strtod_l+0x26a>
10008a5a:	9b0e      	ldr	r3, [sp, #56]	@ 0x38
10008a5c:	eba9 0903 	sub.w	r9, r9, r3
10008a60:	4bb3      	ldr	r3, [pc, #716]	@ (10008d30 <_strtod_l+0xa40>)
10008a62:	eb03 03c9 	add.w	r3, r3, r9, lsl #3
10008a66:	e9dd 0104 	ldrd	r0, r1, [sp, #16]
10008a6a:	e9d3 2300 	ldrd	r2, r3, [r3]
10008a6e:	f7f9 fded 	bl	1000264c <__wrap___aeabi_ddiv>
10008a72:	4680      	mov	r8, r0
10008a74:	4689      	mov	r9, r1
10008a76:	e5f3      	b.n	10008660 <_strtod_l+0x370>
10008a78:	4bae      	ldr	r3, [pc, #696]	@ (10008d34 <_strtod_l+0xa44>)
10008a7a:	4620      	mov	r0, r4
10008a7c:	4629      	mov	r1, r5
10008a7e:	2200      	movs	r2, #0
10008a80:	f7f9 fdbe 	bl	10002600 <__wrap___aeabi_dmul>
10008a84:	9b0f      	ldr	r3, [sp, #60]	@ 0x3c
10008a86:	e9cd 0112 	strd	r0, r1, [sp, #72]	@ 0x48
10008a8a:	2b00      	cmp	r3, #0
10008a8c:	d168      	bne.n	10008b60 <_strtod_l+0x870>
10008a8e:	f101 4300 	add.w	r3, r1, #2147483648	@ 0x80000000
10008a92:	9010      	str	r0, [sp, #64]	@ 0x40
10008a94:	9311      	str	r3, [sp, #68]	@ 0x44
10008a96:	e735      	b.n	10008904 <_strtod_l+0x614>
10008a98:	4651      	mov	r1, sl
10008a9a:	461a      	mov	r2, r3
10008a9c:	4658      	mov	r0, fp
10008a9e:	f001 ff59 	bl	1000a954 <__pow5mult>
10008aa2:	9a1c      	ldr	r2, [sp, #112]	@ 0x70
10008aa4:	4682      	mov	sl, r0
10008aa6:	b1c8      	cbz	r0, 10008adc <_strtod_l+0x7ec>
10008aa8:	4601      	mov	r1, r0
10008aaa:	4658      	mov	r0, fp
10008aac:	f001 fe9e 	bl	1000a7ec <__multiply>
10008ab0:	9a1c      	ldr	r2, [sp, #112]	@ 0x70
10008ab2:	900f      	str	r0, [sp, #60]	@ 0x3c
10008ab4:	b190      	cbz	r0, 10008adc <_strtod_l+0x7ec>
10008ab6:	4611      	mov	r1, r2
10008ab8:	4658      	mov	r0, fp
10008aba:	f001 fd4b 	bl	1000a554 <_Bfree>
10008abe:	9b0f      	ldr	r3, [sp, #60]	@ 0x3c
10008ac0:	2c00      	cmp	r4, #0
10008ac2:	931c      	str	r3, [sp, #112]	@ 0x70
10008ac4:	f77f aec3 	ble.w	1000884e <_strtod_l+0x55e>
10008ac8:	4622      	mov	r2, r4
10008aca:	991c      	ldr	r1, [sp, #112]	@ 0x70
10008acc:	4658      	mov	r0, fp
10008ace:	f001 ffa1 	bl	1000aa14 <__lshift>
10008ad2:	4602      	mov	r2, r0
10008ad4:	901c      	str	r0, [sp, #112]	@ 0x70
10008ad6:	2800      	cmp	r0, #0
10008ad8:	f47f aeb9 	bne.w	1000884e <_strtod_l+0x55e>
10008adc:	464f      	mov	r7, r9
10008ade:	4611      	mov	r1, r2
10008ae0:	2322      	movs	r3, #34	@ 0x22
10008ae2:	f04f 0800 	mov.w	r8, #0
10008ae6:	f8df 9254 	ldr.w	r9, [pc, #596]	@ 10008d3c <_strtod_l+0xa4c>
10008aea:	f8cb 3000 	str.w	r3, [fp]
10008aee:	4658      	mov	r0, fp
10008af0:	f001 fd30 	bl	1000a554 <_Bfree>
10008af4:	4639      	mov	r1, r7
10008af6:	4658      	mov	r0, fp
10008af8:	f001 fd2c 	bl	1000a554 <_Bfree>
10008afc:	4651      	mov	r1, sl
10008afe:	4658      	mov	r0, fp
10008b00:	f001 fd28 	bl	1000a554 <_Bfree>
10008b04:	9915      	ldr	r1, [sp, #84]	@ 0x54
10008b06:	4658      	mov	r0, fp
10008b08:	f001 fd24 	bl	1000a554 <_Bfree>
10008b0c:	9909      	ldr	r1, [sp, #36]	@ 0x24
10008b0e:	4658      	mov	r0, fp
10008b10:	f001 fd20 	bl	1000a554 <_Bfree>
10008b14:	e5a4      	b.n	10008660 <_strtod_l+0x370>
10008b16:	9a14      	ldr	r2, [sp, #80]	@ 0x50
10008b18:	9e0e      	ldr	r6, [sp, #56]	@ 0x38
10008b1a:	1ad5      	subs	r5, r2, r3
10008b1c:	e779      	b.n	10008a12 <_strtod_l+0x722>
10008b1e:	4649      	mov	r1, r9
10008b20:	462a      	mov	r2, r5
10008b22:	4658      	mov	r0, fp
10008b24:	f001 ff76 	bl	1000aa14 <__lshift>
10008b28:	4681      	mov	r9, r0
10008b2a:	2800      	cmp	r0, #0
10008b2c:	f47f ae96 	bne.w	1000885c <_strtod_l+0x56c>
10008b30:	464f      	mov	r7, r9
10008b32:	991c      	ldr	r1, [sp, #112]	@ 0x70
10008b34:	e7d4      	b.n	10008ae0 <_strtod_l+0x7f0>
10008b36:	4649      	mov	r1, r9
10008b38:	9a14      	ldr	r2, [sp, #80]	@ 0x50
10008b3a:	4658      	mov	r0, fp
10008b3c:	f001 ff0a 	bl	1000a954 <__pow5mult>
10008b40:	4681      	mov	r9, r0
10008b42:	2800      	cmp	r0, #0
10008b44:	f47f ae87 	bne.w	10008856 <_strtod_l+0x566>
10008b48:	e7f2      	b.n	10008b30 <_strtod_l+0x840>
10008b4a:	2200      	movs	r2, #0
10008b4c:	961b      	str	r6, [sp, #108]	@ 0x6c
10008b4e:	920e      	str	r2, [sp, #56]	@ 0x38
10008b50:	e5ed      	b.n	1000872e <_strtod_l+0x43e>
10008b52:	4a79      	ldr	r2, [pc, #484]	@ (10008d38 <_strtod_l+0xa48>)
10008b54:	1ad2      	subs	r2, r2, r3
10008b56:	2301      	movs	r3, #1
10008b58:	fa03 f702 	lsl.w	r7, r3, r2
10008b5c:	9312      	str	r3, [sp, #72]	@ 0x48
10008b5e:	e65f      	b.n	10008820 <_strtod_l+0x530>
10008b60:	ed9d 7b12 	vldr	d7, [sp, #72]	@ 0x48
10008b64:	ed8d 7b10 	vstr	d7, [sp, #64]	@ 0x40
10008b68:	e6cc      	b.n	10008904 <_strtod_l+0x614>
10008b6a:	ed9f 7b6b 	vldr	d7, [pc, #428]	@ 10008d18 <_strtod_l+0xa28>
10008b6e:	ed8d 7b10 	vstr	d7, [sp, #64]	@ 0x40
10008b72:	ed8d 7b12 	vstr	d7, [sp, #72]	@ 0x48
10008b76:	e6c5      	b.n	10008904 <_strtod_l+0x614>
10008b78:	f1a6 7354 	sub.w	r3, r6, #55574528	@ 0x3500000
10008b7c:	4e6f      	ldr	r6, [pc, #444]	@ (10008d3c <_strtod_l+0xa4c>)
10008b7e:	9305      	str	r3, [sp, #20]
10008b80:	e9dd 4504 	ldrd	r4, r5, [sp, #16]
10008b84:	4620      	mov	r0, r4
10008b86:	4629      	mov	r1, r5
10008b88:	f002 f890 	bl	1000acac <__ulp>
10008b8c:	e9dd 2310 	ldrd	r2, r3, [sp, #64]	@ 0x40
10008b90:	f7f9 fd36 	bl	10002600 <__wrap___aeabi_dmul>
10008b94:	462b      	mov	r3, r5
10008b96:	4622      	mov	r2, r4
10008b98:	f7f9 fd0a 	bl	100025b0 <__wrap___aeabi_dadd>
10008b9c:	4b68      	ldr	r3, [pc, #416]	@ (10008d40 <_strtod_l+0xa50>)
10008b9e:	400e      	ands	r6, r1
10008ba0:	429e      	cmp	r6, r3
10008ba2:	e9cd 0104 	strd	r0, r1, [sp, #16]
10008ba6:	f240 8100 	bls.w	10008daa <_strtod_l+0xaba>
10008baa:	f103 7354 	add.w	r3, r3, #55574528	@ 0x3500000
10008bae:	e9dd 010a 	ldrd	r0, r1, [sp, #40]	@ 0x28
10008bb2:	4299      	cmp	r1, r3
10008bb4:	d102      	bne.n	10008bbc <_strtod_l+0x8cc>
10008bb6:	f1b0 3fff 	cmp.w	r0, #4294967295
10008bba:	d0b9      	beq.n	10008b30 <_strtod_l+0x840>
10008bbc:	f04f 33ff 	mov.w	r3, #4294967295
10008bc0:	4c60      	ldr	r4, [pc, #384]	@ (10008d44 <_strtod_l+0xa54>)
10008bc2:	e9cd 3404 	strd	r3, r4, [sp, #16]
10008bc6:	e6e3      	b.n	10008990 <_strtod_l+0x6a0>
10008bc8:	2300      	movs	r3, #0
10008bca:	930c      	str	r3, [sp, #48]	@ 0x30
10008bcc:	e596      	b.n	100086fc <_strtod_l+0x40c>
10008bce:	ed9f 7b54 	vldr	d7, [pc, #336]	@ 10008d20 <_strtod_l+0xa30>
10008bd2:	ed8d 7b10 	vstr	d7, [sp, #64]	@ 0x40
10008bd6:	ed9f 7b50 	vldr	d7, [pc, #320]	@ 10008d18 <_strtod_l+0xa28>
10008bda:	ed8d 7b12 	vstr	d7, [sp, #72]	@ 0x48
10008bde:	e691      	b.n	10008904 <_strtod_l+0x614>
10008be0:	2201      	movs	r2, #1
10008be2:	4959      	ldr	r1, [pc, #356]	@ (10008d48 <_strtod_l+0xa58>)
10008be4:	4640      	mov	r0, r8
10008be6:	f000 fdc1 	bl	1000976c <strncmp>
10008bea:	4686      	mov	lr, r0
10008bec:	2800      	cmp	r0, #0
10008bee:	f43f ad13 	beq.w	10008618 <_strtod_l+0x328>
10008bf2:	f02a 0220 	bic.w	r2, sl, #32
10008bf6:	4653      	mov	r3, sl
10008bf8:	2a45      	cmp	r2, #69	@ 0x45
10008bfa:	f000 81b9 	beq.w	10008f70 <_strtod_l+0xc80>
10008bfe:	9a09      	ldr	r2, [sp, #36]	@ 0x24
10008c00:	2a00      	cmp	r2, #0
10008c02:	f43f ad9e 	beq.w	10008742 <_strtod_l+0x452>
10008c06:	e527      	b.n	10008658 <_strtod_l+0x368>
10008c08:	9b0a      	ldr	r3, [sp, #40]	@ 0x28
10008c0a:	3930      	subs	r1, #48	@ 0x30
10008c0c:	f8dd 806c 	ldr.w	r8, [sp, #108]	@ 0x6c
10008c10:	2401      	movs	r4, #1
10008c12:	f103 0901 	add.w	r9, r3, #1
10008c16:	2300      	movs	r3, #0
10008c18:	4640      	mov	r0, r8
10008c1a:	461f      	mov	r7, r3
10008c1c:	18cd      	adds	r5, r1, r3
10008c1e:	2300      	movs	r3, #0
10008c20:	930a      	str	r3, [sp, #40]	@ 0x28
10008c22:	1c41      	adds	r1, r0, #1
10008c24:	911b      	str	r1, [sp, #108]	@ 0x6c
10008c26:	7843      	ldrb	r3, [r0, #1]
10008c28:	f1a3 0c30 	sub.w	ip, r3, #48	@ 0x30
10008c2c:	f1bc 0f09 	cmp.w	ip, #9
10008c30:	f67f ad28 	bls.w	10008684 <_strtod_l+0x394>
10008c34:	f023 0120 	bic.w	r1, r3, #32
10008c38:	f04f 0a01 	mov.w	sl, #1
10008c3c:	2945      	cmp	r1, #69	@ 0x45
10008c3e:	f47f ad74 	bne.w	1000872a <_strtod_l+0x43a>
10008c42:	e408      	b.n	10008456 <_strtod_l+0x166>
10008c44:	e9dd 8904 	ldrd	r8, r9, [sp, #16]
10008c48:	e50a      	b.n	10008660 <_strtod_l+0x370>
10008c4a:	e9dd 5612 	ldrd	r5, r6, [sp, #72]	@ 0x48
10008c4e:	f3c4 0713 	ubfx	r7, r4, #0, #20
10008c52:	4628      	mov	r0, r5
10008c54:	4631      	mov	r1, r6
10008c56:	f7f9 ff13 	bl	10002a80 <__wrap___aeabi_d2lz>
10008c5a:	f7f9 fe0b 	bl	10002874 <__wrap___aeabi_l2d>
10008c5e:	4602      	mov	r2, r0
10008c60:	460b      	mov	r3, r1
10008c62:	4628      	mov	r0, r5
10008c64:	4631      	mov	r1, r6
10008c66:	f7f9 fcb7 	bl	100025d8 <__wrap___aeabi_dsub>
10008c6a:	9d04      	ldr	r5, [sp, #16]
10008c6c:	9e0f      	ldr	r6, [sp, #60]	@ 0x3c
10008c6e:	4604      	mov	r4, r0
10008c70:	432e      	orrs	r6, r5
10008c72:	460d      	mov	r5, r1
10008c74:	4337      	orrs	r7, r6
10008c76:	d16b      	bne.n	10008d50 <_strtod_l+0xa60>
10008c78:	a32b      	add	r3, pc, #172	@ (adr r3, 10008d28 <_strtod_l+0xa38>)
10008c7a:	e9d3 2300 	ldrd	r2, r3, [r3]
10008c7e:	f7f9 fdad 	bl	100027dc <__wrap___aeabi_dcmplt>
10008c82:	2800      	cmp	r0, #0
10008c84:	f43f ae84 	beq.w	10008990 <_strtod_l+0x6a0>
10008c88:	464f      	mov	r7, r9
10008c8a:	e9dd 8904 	ldrd	r8, r9, [sp, #16]
10008c8e:	991c      	ldr	r1, [sp, #112]	@ 0x70
10008c90:	e72d      	b.n	10008aee <_strtod_l+0x7fe>
10008c92:	f1a3 0c30 	sub.w	ip, r3, #48	@ 0x30
10008c96:	1c48      	adds	r0, r1, #1
10008c98:	901b      	str	r0, [sp, #108]	@ 0x6c
10008c9a:	784b      	ldrb	r3, [r1, #1]
10008c9c:	f1a3 0230 	sub.w	r2, r3, #48	@ 0x30
10008ca0:	2a09      	cmp	r2, #9
10008ca2:	f200 80b7 	bhi.w	10008e14 <_strtod_l+0xb24>
10008ca6:	3001      	adds	r0, #1
10008ca8:	eb0c 0c8c 	add.w	ip, ip, ip, lsl #2
10008cac:	901b      	str	r0, [sp, #108]	@ 0x6c
10008cae:	eb03 0c4c 	add.w	ip, r3, ip, lsl #1
10008cb2:	7803      	ldrb	r3, [r0, #0]
10008cb4:	f1ac 0c30 	sub.w	ip, ip, #48	@ 0x30
10008cb8:	f1a3 0230 	sub.w	r2, r3, #48	@ 0x30
10008cbc:	2a09      	cmp	r2, #9
10008cbe:	d9f2      	bls.n	10008ca6 <_strtod_l+0x9b6>
10008cc0:	1a40      	subs	r0, r0, r1
10008cc2:	2808      	cmp	r0, #8
10008cc4:	f340 80a6 	ble.w	10008e14 <_strtod_l+0xb24>
10008cc8:	f644 621f 	movw	r2, #19999	@ 0x4e1f
10008ccc:	920e      	str	r2, [sp, #56]	@ 0x38
10008cce:	9a0c      	ldr	r2, [sp, #48]	@ 0x30
10008cd0:	2a00      	cmp	r2, #0
10008cd2:	f43f ad2c 	beq.w	1000872e <_strtod_l+0x43e>
10008cd6:	9a0e      	ldr	r2, [sp, #56]	@ 0x38
10008cd8:	4252      	negs	r2, r2
10008cda:	920e      	str	r2, [sp, #56]	@ 0x38
10008cdc:	e527      	b.n	1000872e <_strtod_l+0x43e>
10008cde:	9302      	str	r3, [sp, #8]
10008ce0:	a91b      	add	r1, sp, #108	@ 0x6c
10008ce2:	9b08      	ldr	r3, [sp, #32]
10008ce4:	4658      	mov	r0, fp
10008ce6:	4a19      	ldr	r2, [pc, #100]	@ (10008d4c <_strtod_l+0xa5c>)
10008ce8:	9301      	str	r3, [sp, #4]
10008cea:	ab1c      	add	r3, sp, #112	@ 0x70
10008cec:	9300      	str	r3, [sp, #0]
10008cee:	ab1d      	add	r3, sp, #116	@ 0x74
10008cf0:	f000 fff4 	bl	10009cdc <__gethex>
10008cf4:	f010 050f 	ands.w	r5, r0, #15
10008cf8:	4604      	mov	r4, r0
10008cfa:	f43f acad 	beq.w	10008658 <_strtod_l+0x368>
10008cfe:	2d06      	cmp	r5, #6
10008d00:	f040 80ee 	bne.w	10008ee0 <_strtod_l+0xbf0>
10008d04:	f108 0301 	add.w	r3, r8, #1
10008d08:	2200      	movs	r2, #0
10008d0a:	f04f 0800 	mov.w	r8, #0
10008d0e:	f04f 0900 	mov.w	r9, #0
10008d12:	9208      	str	r2, [sp, #32]
10008d14:	931b      	str	r3, [sp, #108]	@ 0x6c
10008d16:	e4a3      	b.n	10008660 <_strtod_l+0x370>
10008d18:	00000000 	.word	0x00000000
10008d1c:	3ff00000 	.word	0x3ff00000
10008d20:	00000000 	.word	0x00000000
10008d24:	bff00000 	.word	0xbff00000
10008d28:	94a03595 	.word	0x94a03595
10008d2c:	3fcfffff 	.word	0x3fcfffff
10008d30:	1000c6d0 	.word	0x1000c6d0
10008d34:	3fe00000 	.word	0x3fe00000
10008d38:	fffffbe2 	.word	0xfffffbe2
10008d3c:	7ff00000 	.word	0x7ff00000
10008d40:	7c9fffff 	.word	0x7c9fffff
10008d44:	7fefffff 	.word	0x7fefffff
10008d48:	1000bb28 	.word	0x1000bb28
10008d4c:	1000c458 	.word	0x1000c458
10008d50:	a3ce      	add	r3, pc, #824	@ (adr r3, 1000908c <_strtod_l+0xd9c>)
10008d52:	e9d3 2300 	ldrd	r2, r3, [r3]
10008d56:	f7f9 fd41 	bl	100027dc <__wrap___aeabi_dcmplt>
10008d5a:	2800      	cmp	r0, #0
10008d5c:	d194      	bne.n	10008c88 <_strtod_l+0x998>
10008d5e:	4620      	mov	r0, r4
10008d60:	4629      	mov	r1, r5
10008d62:	a3cc      	add	r3, pc, #816	@ (adr r3, 10009094 <_strtod_l+0xda4>)
10008d64:	e9d3 2300 	ldrd	r2, r3, [r3]
10008d68:	f7f9 fd74 	bl	10002854 <__wrap___aeabi_dcmpgt>
10008d6c:	2800      	cmp	r0, #0
10008d6e:	f43f ae0f 	beq.w	10008990 <_strtod_l+0x6a0>
10008d72:	e789      	b.n	10008c88 <_strtod_l+0x998>
10008d74:	9b04      	ldr	r3, [sp, #16]
10008d76:	2b01      	cmp	r3, #1
10008d78:	f47f af29 	bne.w	10008bce <_strtod_l+0x8de>
10008d7c:	2e00      	cmp	r6, #0
10008d7e:	f47f af26 	bne.w	10008bce <_strtod_l+0x8de>
10008d82:	464f      	mov	r7, r9
10008d84:	2322      	movs	r3, #34	@ 0x22
10008d86:	991c      	ldr	r1, [sp, #112]	@ 0x70
10008d88:	f04f 0800 	mov.w	r8, #0
10008d8c:	f04f 0900 	mov.w	r9, #0
10008d90:	f8cb 3000 	str.w	r3, [fp]
10008d94:	e6ab      	b.n	10008aee <_strtod_l+0x7fe>
10008d96:	f04f 0900 	mov.w	r9, #0
10008d9a:	9b0a      	ldr	r3, [sp, #40]	@ 0x28
10008d9c:	f04f 0a01 	mov.w	sl, #1
10008da0:	464c      	mov	r4, r9
10008da2:	464f      	mov	r7, r9
10008da4:	464d      	mov	r5, r9
10008da6:	f7ff bb58 	b.w	1000845a <_strtod_l+0x16a>
10008daa:	f101 7454 	add.w	r4, r1, #55574528	@ 0x3500000
10008dae:	9405      	str	r4, [sp, #20]
10008db0:	e5e6      	b.n	10008980 <_strtod_l+0x690>
10008db2:	ed9d 7b12 	vldr	d7, [sp, #72]	@ 0x48
10008db6:	ed8d 7b18 	vstr	d7, [sp, #96]	@ 0x60
10008dba:	e5cb      	b.n	10008954 <_strtod_l+0x664>
10008dbc:	49ac      	ldr	r1, [pc, #688]	@ (10009070 <_strtod_l+0xd80>)
10008dbe:	eb01 01ca 	add.w	r1, r1, sl, lsl #3
10008dc2:	e9dd 2304 	ldrd	r2, r3, [sp, #16]
10008dc6:	e9d1 0100 	ldrd	r0, r1, [r1]
10008dca:	f7f9 fc19 	bl	10002600 <__wrap___aeabi_dmul>
10008dce:	e9cd 0104 	strd	r0, r1, [sp, #16]
10008dd2:	2f00      	cmp	r7, #0
10008dd4:	f43f acf2 	beq.w	100087bc <_strtod_l+0x4cc>
10008dd8:	f7ff bbcd 	b.w	10008576 <_strtod_l+0x286>
10008ddc:	2b6e      	cmp	r3, #110	@ 0x6e
10008dde:	f43f acbb 	beq.w	10008758 <_strtod_l+0x468>
10008de2:	f7ff bb3e 	b.w	10008462 <_strtod_l+0x172>
10008de6:	49a3      	ldr	r1, [pc, #652]	@ (10009074 <_strtod_l+0xd84>)
10008de8:	a81b      	add	r0, sp, #108	@ 0x6c
10008dea:	f001 fa7b 	bl	1000a2e4 <__match>
10008dee:	2800      	cmp	r0, #0
10008df0:	f43f ab37 	beq.w	10008462 <_strtod_l+0x172>
10008df4:	9b1b      	ldr	r3, [sp, #108]	@ 0x6c
10008df6:	a81b      	add	r0, sp, #108	@ 0x6c
10008df8:	499f      	ldr	r1, [pc, #636]	@ (10009078 <_strtod_l+0xd88>)
10008dfa:	3b01      	subs	r3, #1
10008dfc:	931b      	str	r3, [sp, #108]	@ 0x6c
10008dfe:	f001 fa71 	bl	1000a2e4 <__match>
10008e02:	b910      	cbnz	r0, 10008e0a <_strtod_l+0xb1a>
10008e04:	9b1b      	ldr	r3, [sp, #108]	@ 0x6c
10008e06:	3301      	adds	r3, #1
10008e08:	931b      	str	r3, [sp, #108]	@ 0x6c
10008e0a:	f04f 0800 	mov.w	r8, #0
10008e0e:	f8df 926c 	ldr.w	r9, [pc, #620]	@ 1000907c <_strtod_l+0xd8c>
10008e12:	e425      	b.n	10008660 <_strtod_l+0x370>
10008e14:	f644 611f 	movw	r1, #19999	@ 0x4e1f
10008e18:	4662      	mov	r2, ip
10008e1a:	458c      	cmp	ip, r1
10008e1c:	bfa8      	it	ge
10008e1e:	460a      	movge	r2, r1
10008e20:	920e      	str	r2, [sp, #56]	@ 0x38
10008e22:	e754      	b.n	10008cce <_strtod_l+0x9de>
10008e24:	f1ca 0a00 	rsb	sl, sl, #0
10008e28:	ea4f 172a 	mov.w	r7, sl, asr #4
10008e2c:	f01a 0a0f 	ands.w	sl, sl, #15
10008e30:	f040 80a9 	bne.w	10008f86 <_strtod_l+0xc96>
10008e34:	2f1f      	cmp	r7, #31
10008e36:	dc34      	bgt.n	10008ea2 <_strtod_l+0xbb2>
10008e38:	f017 0110 	ands.w	r1, r7, #16
10008e3c:	f8df a25c 	ldr.w	sl, [pc, #604]	@ 1000909c <_strtod_l+0xdac>
10008e40:	bf18      	it	ne
10008e42:	216a      	movne	r1, #106	@ 0x6a
10008e44:	e9dd 2304 	ldrd	r2, r3, [sp, #16]
10008e48:	910d      	str	r1, [sp, #52]	@ 0x34
10008e4a:	f017 0f01 	tst.w	r7, #1
10008e4e:	4610      	mov	r0, r2
10008e50:	4619      	mov	r1, r3
10008e52:	d041      	beq.n	10008ed8 <_strtod_l+0xbe8>
10008e54:	f10a 0a08 	add.w	sl, sl, #8
10008e58:	e95a 2302 	ldrd	r2, r3, [sl, #-8]
10008e5c:	f7f9 fbd0 	bl	10002600 <__wrap___aeabi_dmul>
10008e60:	4602      	mov	r2, r0
10008e62:	107f      	asrs	r7, r7, #1
10008e64:	460b      	mov	r3, r1
10008e66:	d1f0      	bne.n	10008e4a <_strtod_l+0xb5a>
10008e68:	9b0d      	ldr	r3, [sp, #52]	@ 0x34
10008e6a:	e9cd 0104 	strd	r0, r1, [sp, #16]
10008e6e:	b17b      	cbz	r3, 10008e90 <_strtod_l+0xba0>
10008e70:	f3c1 520a 	ubfx	r2, r1, #20, #11
10008e74:	f1c2 036b 	rsb	r3, r2, #107	@ 0x6b
10008e78:	2b00      	cmp	r3, #0
10008e7a:	dd09      	ble.n	10008e90 <_strtod_l+0xba0>
10008e7c:	2b1f      	cmp	r3, #31
10008e7e:	f340 81ac 	ble.w	100091da <_strtod_l+0xeea>
10008e82:	2b34      	cmp	r3, #52	@ 0x34
10008e84:	9704      	str	r7, [sp, #16]
10008e86:	f340 81f9 	ble.w	1000927c <_strtod_l+0xf8c>
10008e8a:	f04f 735c 	mov.w	r3, #57671680	@ 0x3700000
10008e8e:	9305      	str	r3, [sp, #20]
10008e90:	2200      	movs	r2, #0
10008e92:	2300      	movs	r3, #0
10008e94:	e9dd 0104 	ldrd	r0, r1, [sp, #16]
10008e98:	f7f9 fc8e 	bl	100027b8 <__wrap___aeabi_dcmpeq>
10008e9c:	2800      	cmp	r0, #0
10008e9e:	f43f ac8f 	beq.w	100087c0 <_strtod_l+0x4d0>
10008ea2:	2322      	movs	r3, #34	@ 0x22
10008ea4:	f04f 0800 	mov.w	r8, #0
10008ea8:	f04f 0900 	mov.w	r9, #0
10008eac:	f8cb 3000 	str.w	r3, [fp]
10008eb0:	f7ff bbd6 	b.w	10008660 <_strtod_l+0x370>
10008eb4:	980c      	ldr	r0, [sp, #48]	@ 0x30
10008eb6:	496e      	ldr	r1, [pc, #440]	@ (10009070 <_strtod_l+0xd80>)
10008eb8:	eb01 01c0 	add.w	r1, r1, r0, lsl #3
10008ebc:	e9dd 2304 	ldrd	r2, r3, [sp, #16]
10008ec0:	e9d1 0100 	ldrd	r0, r1, [r1]
10008ec4:	f7f9 fb9c 	bl	10002600 <__wrap___aeabi_dmul>
10008ec8:	4680      	mov	r8, r0
10008eca:	4689      	mov	r9, r1
10008ecc:	f7ff bbc8 	b.w	10008660 <_strtod_l+0x370>
10008ed0:	2322      	movs	r3, #34	@ 0x22
10008ed2:	f8cb 3000 	str.w	r3, [fp]
10008ed6:	e798      	b.n	10008e0a <_strtod_l+0xb1a>
10008ed8:	107f      	asrs	r7, r7, #1
10008eda:	f10a 0a08 	add.w	sl, sl, #8
10008ede:	e7b4      	b.n	10008e4a <_strtod_l+0xb5a>
10008ee0:	9a1c      	ldr	r2, [sp, #112]	@ 0x70
10008ee2:	b13a      	cbz	r2, 10008ef4 <_strtod_l+0xc04>
10008ee4:	2135      	movs	r1, #53	@ 0x35
10008ee6:	a81e      	add	r0, sp, #120	@ 0x78
10008ee8:	f001 fff2 	bl	1000aed0 <__copybits>
10008eec:	4658      	mov	r0, fp
10008eee:	991c      	ldr	r1, [sp, #112]	@ 0x70
10008ef0:	f001 fb30 	bl	1000a554 <_Bfree>
10008ef4:	3d01      	subs	r5, #1
10008ef6:	2d04      	cmp	r5, #4
10008ef8:	f200 8216 	bhi.w	10009328 <_strtod_l+0x1038>
10008efc:	e8df f005 	tbb	[pc, r5]
10008f00:	202b2e03 	.word	0x202b2e03
10008f04:	03          	.byte	0x03
10008f05:	00          	.byte	0x00
10008f06:	9b1e      	ldr	r3, [sp, #120]	@ 0x78
10008f08:	9304      	str	r3, [sp, #16]
10008f0a:	9b1d      	ldr	r3, [sp, #116]	@ 0x74
10008f0c:	f203 4233 	addw	r2, r3, #1075	@ 0x433
10008f10:	9b1f      	ldr	r3, [sp, #124]	@ 0x7c
10008f12:	f423 1380 	bic.w	r3, r3, #1048576	@ 0x100000
10008f16:	ea43 5302 	orr.w	r3, r3, r2, lsl #20
10008f1a:	9305      	str	r3, [sp, #20]
10008f1c:	05e2      	lsls	r2, r4, #23
10008f1e:	d502      	bpl.n	10008f26 <_strtod_l+0xc36>
10008f20:	f043 4300 	orr.w	r3, r3, #2147483648	@ 0x80000000
10008f24:	9305      	str	r3, [sp, #20]
10008f26:	4a55      	ldr	r2, [pc, #340]	@ (1000907c <_strtod_l+0xd8c>)
10008f28:	401a      	ands	r2, r3
10008f2a:	e9dd 8904 	ldrd	r8, r9, [sp, #16]
10008f2e:	2a00      	cmp	r2, #0
10008f30:	f47f ab96 	bne.w	10008660 <_strtod_l+0x370>
10008f34:	f000 fc66 	bl	10009804 <__errno>
10008f38:	2322      	movs	r3, #34	@ 0x22
10008f3a:	6003      	str	r3, [r0, #0]
10008f3c:	f7ff bb90 	b.w	10008660 <_strtod_l+0x370>
10008f40:	f04f 32ff 	mov.w	r2, #4294967295
10008f44:	f06f 4300 	mvn.w	r3, #2147483648	@ 0x80000000
10008f48:	e9cd 2304 	strd	r2, r3, [sp, #16]
10008f4c:	05e3      	lsls	r3, r4, #23
10008f4e:	f57f ae79 	bpl.w	10008c44 <_strtod_l+0x954>
10008f52:	9b05      	ldr	r3, [sp, #20]
10008f54:	e7e4      	b.n	10008f20 <_strtod_l+0xc30>
10008f56:	4b49      	ldr	r3, [pc, #292]	@ (1000907c <_strtod_l+0xd8c>)
10008f58:	9305      	str	r3, [sp, #20]
10008f5a:	e7f7      	b.n	10008f4c <_strtod_l+0xc5c>
10008f5c:	e9dd 121e 	ldrd	r1, r2, [sp, #120]	@ 0x78
10008f60:	9b1f      	ldr	r3, [sp, #124]	@ 0x7c
10008f62:	e9cd 1204 	strd	r1, r2, [sp, #16]
10008f66:	e7d9      	b.n	10008f1c <_strtod_l+0xc2c>
10008f68:	f8cd e028 	str.w	lr, [sp, #40]	@ 0x28
10008f6c:	f7ff bb65 	b.w	1000863a <_strtod_l+0x34a>
10008f70:	f04f 0e00 	mov.w	lr, #0
10008f74:	4677      	mov	r7, lr
10008f76:	4675      	mov	r5, lr
10008f78:	46f1      	mov	r9, lr
10008f7a:	4674      	mov	r4, lr
10008f7c:	46f2      	mov	sl, lr
10008f7e:	f8cd e028 	str.w	lr, [sp, #40]	@ 0x28
10008f82:	f7ff ba68 	b.w	10008456 <_strtod_l+0x166>
10008f86:	4b3a      	ldr	r3, [pc, #232]	@ (10009070 <_strtod_l+0xd80>)
10008f88:	eb03 03ca 	add.w	r3, r3, sl, lsl #3
10008f8c:	e9dd 0104 	ldrd	r0, r1, [sp, #16]
10008f90:	e9d3 2300 	ldrd	r2, r3, [r3]
10008f94:	f7f9 fb5a 	bl	1000264c <__wrap___aeabi_ddiv>
10008f98:	e9cd 0104 	strd	r0, r1, [sp, #16]
10008f9c:	2f00      	cmp	r7, #0
10008f9e:	f43f ac0d 	beq.w	100087bc <_strtod_l+0x4cc>
10008fa2:	e747      	b.n	10008e34 <_strtod_l+0xb44>
10008fa4:	2300      	movs	r3, #0
10008fa6:	930a      	str	r3, [sp, #40]	@ 0x28
10008fa8:	e63b      	b.n	10008c22 <_strtod_l+0x932>
10008faa:	ed9f 7b2d 	vldr	d7, [pc, #180]	@ 10009060 <_strtod_l+0xd70>
10008fae:	ed8d 7b10 	vstr	d7, [sp, #64]	@ 0x40
10008fb2:	ed9f 7b2d 	vldr	d7, [pc, #180]	@ 10009068 <_strtod_l+0xd78>
10008fb6:	ed8d 7b12 	vstr	d7, [sp, #72]	@ 0x48
10008fba:	e4a3      	b.n	10008904 <_strtod_l+0x614>
10008fbc:	9c0f      	ldr	r4, [sp, #60]	@ 0x3c
10008fbe:	46be      	mov	lr, r7
10008fc0:	4633      	mov	r3, r6
10008fc2:	464f      	mov	r7, r9
10008fc4:	492e      	ldr	r1, [pc, #184]	@ (10009080 <_strtod_l+0xd90>)
10008fc6:	f3c6 0213 	ubfx	r2, r6, #0, #20
10008fca:	e9dd 890a 	ldrd	r8, r9, [sp, #40]	@ 0x28
10008fce:	2c00      	cmp	r4, #0
10008fd0:	d07a      	beq.n	100090c8 <_strtod_l+0xdd8>
10008fd2:	428a      	cmp	r2, r1
10008fd4:	f000 810f 	beq.w	100091f6 <_strtod_l+0xf06>
10008fd8:	f1be 0f00 	cmp.w	lr, #0
10008fdc:	f000 8105 	beq.w	100091ea <_strtod_l+0xefa>
10008fe0:	ea1e 0f06 	tst.w	lr, r6
10008fe4:	d033      	beq.n	1000904e <_strtod_l+0xd5e>
10008fe6:	4640      	mov	r0, r8
10008fe8:	4649      	mov	r1, r9
10008fea:	9304      	str	r3, [sp, #16]
10008fec:	f001 fe5e 	bl	1000acac <__ulp>
10008ff0:	9b0d      	ldr	r3, [sp, #52]	@ 0x34
10008ff2:	2b00      	cmp	r3, #0
10008ff4:	f000 8118 	beq.w	10009228 <_strtod_l+0xf38>
10008ff8:	9b04      	ldr	r3, [sp, #16]
10008ffa:	f3c3 530a 	ubfx	r3, r3, #20, #11
10008ffe:	f1c3 066b 	rsb	r6, r3, #107	@ 0x6b
10009002:	2e00      	cmp	r6, #0
10009004:	f340 818a 	ble.w	1000931c <_strtod_l+0x102c>
10009008:	4c1e      	ldr	r4, [pc, #120]	@ (10009084 <_strtod_l+0xd94>)
1000900a:	2200      	movs	r2, #0
1000900c:	eb04 5306 	add.w	r3, r4, r6, lsl #20
10009010:	f7f9 faf6 	bl	10002600 <__wrap___aeabi_dmul>
10009014:	4602      	mov	r2, r0
10009016:	460b      	mov	r3, r1
10009018:	4640      	mov	r0, r8
1000901a:	4649      	mov	r1, r9
1000901c:	f7f9 fac8 	bl	100025b0 <__wrap___aeabi_dadd>
10009020:	4680      	mov	r8, r0
10009022:	4689      	mov	r9, r1
10009024:	4640      	mov	r0, r8
10009026:	4649      	mov	r1, r9
10009028:	4b17      	ldr	r3, [pc, #92]	@ (10009088 <_strtod_l+0xd98>)
1000902a:	2200      	movs	r2, #0
1000902c:	f7f9 fae8 	bl	10002600 <__wrap___aeabi_dmul>
10009030:	4b12      	ldr	r3, [pc, #72]	@ (1000907c <_strtod_l+0xd8c>)
10009032:	4680      	mov	r8, r0
10009034:	4689      	mov	r9, r1
10009036:	400b      	ands	r3, r1
10009038:	2b00      	cmp	r3, #0
1000903a:	f47f ae28 	bne.w	10008c8e <_strtod_l+0x99e>
1000903e:	2322      	movs	r3, #34	@ 0x22
10009040:	f8cb 3000 	str.w	r3, [fp]
10009044:	e623      	b.n	10008c8e <_strtod_l+0x99e>
10009046:	ea1e 0f03 	tst.w	lr, r3
1000904a:	f040 8097 	bne.w	1000917c <_strtod_l+0xe8c>
1000904e:	9b0d      	ldr	r3, [sp, #52]	@ 0x34
10009050:	2b00      	cmp	r3, #0
10009052:	d1e7      	bne.n	10009024 <_strtod_l+0xd34>
10009054:	e61b      	b.n	10008c8e <_strtod_l+0x99e>
10009056:	f102 7354 	add.w	r3, r2, #55574528	@ 0x3500000
1000905a:	9305      	str	r3, [sp, #20]
1000905c:	f7ff bbae 	b.w	100087bc <_strtod_l+0x4cc>
10009060:	00000000 	.word	0x00000000
10009064:	bfe00000 	.word	0xbfe00000
10009068:	00000000 	.word	0x00000000
1000906c:	3fe00000 	.word	0x3fe00000
10009070:	1000c6d0 	.word	0x1000c6d0
10009074:	1000bb2c 	.word	0x1000bb2c
10009078:	1000bb30 	.word	0x1000bb30
1000907c:	7ff00000 	.word	0x7ff00000
10009080:	000fffff 	.word	0x000fffff
10009084:	3ff00000 	.word	0x3ff00000
10009088:	39500000 	.word	0x39500000
1000908c:	94a03595 	.word	0x94a03595
10009090:	3fdfffff 	.word	0x3fdfffff
10009094:	35afe535 	.word	0x35afe535
10009098:	3fe00000 	.word	0x3fe00000
1000909c:	1000c470 	.word	0x1000c470
100090a0:	a81b      	add	r0, sp, #108	@ 0x6c
100090a2:	aa1e      	add	r2, sp, #120	@ 0x78
100090a4:	49a7      	ldr	r1, [pc, #668]	@ (10009344 <_strtod_l+0x1054>)
100090a6:	f001 f937 	bl	1000a318 <__hexnan>
100090aa:	2805      	cmp	r0, #5
100090ac:	f47f ab60 	bne.w	10008770 <_strtod_l+0x480>
100090b0:	9b1f      	ldr	r3, [sp, #124]	@ 0x7c
100090b2:	f043 43ff 	orr.w	r3, r3, #2139095040	@ 0x7f800000
100090b6:	f443 03e0 	orr.w	r3, r3, #7340032	@ 0x700000
100090ba:	9305      	str	r3, [sp, #20]
100090bc:	9b1e      	ldr	r3, [sp, #120]	@ 0x78
100090be:	9304      	str	r3, [sp, #16]
100090c0:	e9dd 8904 	ldrd	r8, r9, [sp, #16]
100090c4:	f7ff bacc 	b.w	10008660 <_strtod_l+0x370>
100090c8:	2a00      	cmp	r2, #0
100090ca:	d14e      	bne.n	1000916a <_strtod_l+0xe7a>
100090cc:	e9dd 0104 	ldrd	r0, r1, [sp, #16]
100090d0:	4602      	mov	r2, r0
100090d2:	2800      	cmp	r0, #0
100090d4:	d178      	bne.n	100091c8 <_strtod_l+0xed8>
100090d6:	9a0d      	ldr	r2, [sp, #52]	@ 0x34
100090d8:	2a00      	cmp	r2, #0
100090da:	f000 80af 	beq.w	1000923c <_strtod_l+0xf4c>
100090de:	4c9a      	ldr	r4, [pc, #616]	@ (10009348 <_strtod_l+0x1058>)
100090e0:	4034      	ands	r4, r6
100090e2:	f1b4 6fd6 	cmp.w	r4, #112197632	@ 0x6b00000
100090e6:	d82d      	bhi.n	10009144 <_strtod_l+0xe54>
100090e8:	f1b4 7f5c 	cmp.w	r4, #57671680	@ 0x3700000
100090ec:	d89a      	bhi.n	10009024 <_strtod_l+0xd34>
100090ee:	e649      	b.n	10008d84 <_strtod_l+0xa94>
100090f0:	9b0f      	ldr	r3, [sp, #60]	@ 0x3c
100090f2:	464f      	mov	r7, r9
100090f4:	e9dd 0104 	ldrd	r0, r1, [sp, #16]
100090f8:	e9dd 890a 	ldrd	r8, r9, [sp, #40]	@ 0x28
100090fc:	4303      	orrs	r3, r0
100090fe:	d1a6      	bne.n	1000904e <_strtod_l+0xd5e>
10009100:	f3c1 0213 	ubfx	r2, r1, #0, #20
10009104:	460b      	mov	r3, r1
10009106:	2a00      	cmp	r2, #0
10009108:	d1a1      	bne.n	1000904e <_strtod_l+0xd5e>
1000910a:	f021 4400 	bic.w	r4, r1, #2147483648	@ 0x80000000
1000910e:	0d24      	lsrs	r4, r4, #20
10009110:	0524      	lsls	r4, r4, #20
10009112:	f1b4 6fd6 	cmp.w	r4, #112197632	@ 0x6b00000
10009116:	d99a      	bls.n	1000904e <_strtod_l+0xd5e>
10009118:	9909      	ldr	r1, [sp, #36]	@ 0x24
1000911a:	694a      	ldr	r2, [r1, #20]
1000911c:	b912      	cbnz	r2, 10009124 <_strtod_l+0xe34>
1000911e:	690a      	ldr	r2, [r1, #16]
10009120:	2a01      	cmp	r2, #1
10009122:	dd94      	ble.n	1000904e <_strtod_l+0xd5e>
10009124:	9909      	ldr	r1, [sp, #36]	@ 0x24
10009126:	2201      	movs	r2, #1
10009128:	4658      	mov	r0, fp
1000912a:	930a      	str	r3, [sp, #40]	@ 0x28
1000912c:	f001 fc72 	bl	1000aa14 <__lshift>
10009130:	4651      	mov	r1, sl
10009132:	9009      	str	r0, [sp, #36]	@ 0x24
10009134:	f001 fce0 	bl	1000aaf8 <__mcmp>
10009138:	2800      	cmp	r0, #0
1000913a:	dd88      	ble.n	1000904e <_strtod_l+0xd5e>
1000913c:	9a0d      	ldr	r2, [sp, #52]	@ 0x34
1000913e:	9b0a      	ldr	r3, [sp, #40]	@ 0x28
10009140:	2a00      	cmp	r2, #0
10009142:	d07b      	beq.n	1000923c <_strtod_l+0xf4c>
10009144:	f5a4 1480 	sub.w	r4, r4, #1048576	@ 0x100000
10009148:	ea6f 5314 	mvn.w	r3, r4, lsr #20
1000914c:	ea6f 5303 	mvn.w	r3, r3, lsl #20
10009150:	9305      	str	r3, [sp, #20]
10009152:	f04f 33ff 	mov.w	r3, #4294967295
10009156:	9304      	str	r3, [sp, #16]
10009158:	e9dd 8904 	ldrd	r8, r9, [sp, #16]
1000915c:	e762      	b.n	10009024 <_strtod_l+0xd34>
1000915e:	2300      	movs	r3, #0
10009160:	f8df e1f0 	ldr.w	lr, [pc, #496]	@ 10009354 <_strtod_l+0x1064>
10009164:	4619      	mov	r1, r3
10009166:	f7ff ba37 	b.w	100085d8 <_strtod_l+0x2e8>
1000916a:	f1be 0f00 	cmp.w	lr, #0
1000916e:	f47f af6a 	bne.w	10009046 <_strtod_l+0xd56>
10009172:	9a12      	ldr	r2, [sp, #72]	@ 0x48
10009174:	9904      	ldr	r1, [sp, #16]
10009176:	420a      	tst	r2, r1
10009178:	f43f af69 	beq.w	1000904e <_strtod_l+0xd5e>
1000917c:	4640      	mov	r0, r8
1000917e:	4649      	mov	r1, r9
10009180:	9304      	str	r3, [sp, #16]
10009182:	f001 fd93 	bl	1000acac <__ulp>
10009186:	9b0d      	ldr	r3, [sp, #52]	@ 0x34
10009188:	2b00      	cmp	r3, #0
1000918a:	d067      	beq.n	1000925c <_strtod_l+0xf6c>
1000918c:	9b04      	ldr	r3, [sp, #16]
1000918e:	f3c3 530a 	ubfx	r3, r3, #20, #11
10009192:	f1c3 066b 	rsb	r6, r3, #107	@ 0x6b
10009196:	2e00      	cmp	r6, #0
10009198:	f340 80c3 	ble.w	10009322 <_strtod_l+0x1032>
1000919c:	4c6b      	ldr	r4, [pc, #428]	@ (1000934c <_strtod_l+0x105c>)
1000919e:	2200      	movs	r2, #0
100091a0:	eb04 5306 	add.w	r3, r4, r6, lsl #20
100091a4:	f7f9 fa2c 	bl	10002600 <__wrap___aeabi_dmul>
100091a8:	4602      	mov	r2, r0
100091aa:	460b      	mov	r3, r1
100091ac:	4640      	mov	r0, r8
100091ae:	4649      	mov	r1, r9
100091b0:	f7f9 fa12 	bl	100025d8 <__wrap___aeabi_dsub>
100091b4:	2200      	movs	r2, #0
100091b6:	2300      	movs	r3, #0
100091b8:	4680      	mov	r8, r0
100091ba:	4689      	mov	r9, r1
100091bc:	f7f9 fafc 	bl	100027b8 <__wrap___aeabi_dcmpeq>
100091c0:	2800      	cmp	r0, #0
100091c2:	f43f af2f 	beq.w	10009024 <_strtod_l+0xd34>
100091c6:	e5dd      	b.n	10008d84 <_strtod_l+0xa94>
100091c8:	f1be 0f00 	cmp.w	lr, #0
100091cc:	f47f af3b 	bne.w	10009046 <_strtod_l+0xd56>
100091d0:	9912      	ldr	r1, [sp, #72]	@ 0x48
100091d2:	420a      	tst	r2, r1
100091d4:	f43f af3b 	beq.w	1000904e <_strtod_l+0xd5e>
100091d8:	e7d0      	b.n	1000917c <_strtod_l+0xe8c>
100091da:	f04f 32ff 	mov.w	r2, #4294967295
100091de:	fa02 f303 	lsl.w	r3, r2, r3
100091e2:	9a04      	ldr	r2, [sp, #16]
100091e4:	401a      	ands	r2, r3
100091e6:	9204      	str	r2, [sp, #16]
100091e8:	e652      	b.n	10008e90 <_strtod_l+0xba0>
100091ea:	9a12      	ldr	r2, [sp, #72]	@ 0x48
100091ec:	9904      	ldr	r1, [sp, #16]
100091ee:	420a      	tst	r2, r1
100091f0:	f43f af2d 	beq.w	1000904e <_strtod_l+0xd5e>
100091f4:	e6f7      	b.n	10008fe6 <_strtod_l+0xcf6>
100091f6:	9a0d      	ldr	r2, [sp, #52]	@ 0x34
100091f8:	9d04      	ldr	r5, [sp, #16]
100091fa:	2a00      	cmp	r2, #0
100091fc:	d055      	beq.n	100092aa <_strtod_l+0xfba>
100091fe:	4c52      	ldr	r4, [pc, #328]	@ (10009348 <_strtod_l+0x1058>)
10009200:	4034      	ands	r4, r6
10009202:	f1b4 6fd4 	cmp.w	r4, #111149056	@ 0x6a00000
10009206:	d841      	bhi.n	1000928c <_strtod_l+0xf9c>
10009208:	0d21      	lsrs	r1, r4, #20
1000920a:	f04f 32ff 	mov.w	r2, #4294967295
1000920e:	f1c1 016b 	rsb	r1, r1, #107	@ 0x6b
10009212:	408a      	lsls	r2, r1
10009214:	4295      	cmp	r5, r2
10009216:	d053      	beq.n	100092c0 <_strtod_l+0xfd0>
10009218:	f1be 0f00 	cmp.w	lr, #0
1000921c:	d05c      	beq.n	100092d8 <_strtod_l+0xfe8>
1000921e:	ea1e 0f03 	tst.w	lr, r3
10009222:	f43f aeff 	beq.w	10009024 <_strtod_l+0xd34>
10009226:	e6de      	b.n	10008fe6 <_strtod_l+0xcf6>
10009228:	4602      	mov	r2, r0
1000922a:	460b      	mov	r3, r1
1000922c:	4640      	mov	r0, r8
1000922e:	4649      	mov	r1, r9
10009230:	f7f9 f9be 	bl	100025b0 <__wrap___aeabi_dadd>
10009234:	4689      	mov	r9, r1
10009236:	4680      	mov	r8, r0
10009238:	991c      	ldr	r1, [sp, #112]	@ 0x70
1000923a:	e458      	b.n	10008aee <_strtod_l+0x7fe>
1000923c:	4a42      	ldr	r2, [pc, #264]	@ (10009348 <_strtod_l+0x1058>)
1000923e:	991c      	ldr	r1, [sp, #112]	@ 0x70
10009240:	401a      	ands	r2, r3
10009242:	f5a2 1280 	sub.w	r2, r2, #1048576	@ 0x100000
10009246:	ea6f 5312 	mvn.w	r3, r2, lsr #20
1000924a:	ea6f 5303 	mvn.w	r3, r3, lsl #20
1000924e:	9305      	str	r3, [sp, #20]
10009250:	f04f 33ff 	mov.w	r3, #4294967295
10009254:	9304      	str	r3, [sp, #16]
10009256:	e9dd 8904 	ldrd	r8, r9, [sp, #16]
1000925a:	e448      	b.n	10008aee <_strtod_l+0x7fe>
1000925c:	4602      	mov	r2, r0
1000925e:	460b      	mov	r3, r1
10009260:	4640      	mov	r0, r8
10009262:	4649      	mov	r1, r9
10009264:	f7f9 f9b8 	bl	100025d8 <__wrap___aeabi_dsub>
10009268:	2200      	movs	r2, #0
1000926a:	2300      	movs	r3, #0
1000926c:	4680      	mov	r8, r0
1000926e:	4689      	mov	r9, r1
10009270:	f7f9 faa2 	bl	100027b8 <__wrap___aeabi_dcmpeq>
10009274:	2800      	cmp	r0, #0
10009276:	f43f ad0a 	beq.w	10008c8e <_strtod_l+0x99e>
1000927a:	e583      	b.n	10008d84 <_strtod_l+0xa94>
1000927c:	f1c2 024b 	rsb	r2, r2, #75	@ 0x4b
10009280:	f04f 33ff 	mov.w	r3, #4294967295
10009284:	4093      	lsls	r3, r2
10009286:	400b      	ands	r3, r1
10009288:	9305      	str	r3, [sp, #20]
1000928a:	e601      	b.n	10008e90 <_strtod_l+0xba0>
1000928c:	1c6a      	adds	r2, r5, #1
1000928e:	d1c3      	bne.n	10009218 <_strtod_l+0xf28>
10009290:	4a2f      	ldr	r2, [pc, #188]	@ (10009350 <_strtod_l+0x1060>)
10009292:	4293      	cmp	r3, r2
10009294:	d025      	beq.n	100092e2 <_strtod_l+0xff2>
10009296:	3201      	adds	r2, #1
10009298:	401a      	ands	r2, r3
1000929a:	f502 1380 	add.w	r3, r2, #1048576	@ 0x100000
1000929e:	9305      	str	r3, [sp, #20]
100092a0:	2300      	movs	r3, #0
100092a2:	9304      	str	r3, [sp, #16]
100092a4:	e9dd 8904 	ldrd	r8, r9, [sp, #16]
100092a8:	e6d1      	b.n	1000904e <_strtod_l+0xd5e>
100092aa:	9a04      	ldr	r2, [sp, #16]
100092ac:	3201      	adds	r2, #1
100092ae:	d0ef      	beq.n	10009290 <_strtod_l+0xfa0>
100092b0:	f1be 0f00 	cmp.w	lr, #0
100092b4:	d00b      	beq.n	100092ce <_strtod_l+0xfde>
100092b6:	ea1e 0f06 	tst.w	lr, r6
100092ba:	f43f ace8 	beq.w	10008c8e <_strtod_l+0x99e>
100092be:	e692      	b.n	10008fe6 <_strtod_l+0xcf6>
100092c0:	f504 1380 	add.w	r3, r4, #1048576	@ 0x100000
100092c4:	e9cd 0304 	strd	r0, r3, [sp, #16]
100092c8:	e9dd 8904 	ldrd	r8, r9, [sp, #16]
100092cc:	e6aa      	b.n	10009024 <_strtod_l+0xd34>
100092ce:	9a12      	ldr	r2, [sp, #72]	@ 0x48
100092d0:	4215      	tst	r5, r2
100092d2:	f43f acdc 	beq.w	10008c8e <_strtod_l+0x99e>
100092d6:	e686      	b.n	10008fe6 <_strtod_l+0xcf6>
100092d8:	9a12      	ldr	r2, [sp, #72]	@ 0x48
100092da:	4215      	tst	r5, r2
100092dc:	f43f aea2 	beq.w	10009024 <_strtod_l+0xd34>
100092e0:	e681      	b.n	10008fe6 <_strtod_l+0xcf6>
100092e2:	2322      	movs	r3, #34	@ 0x22
100092e4:	991c      	ldr	r1, [sp, #112]	@ 0x70
100092e6:	f04f 0800 	mov.w	r8, #0
100092ea:	f8df 905c 	ldr.w	r9, [pc, #92]	@ 10009348 <_strtod_l+0x1058>
100092ee:	f8cb 3000 	str.w	r3, [fp]
100092f2:	f7ff bbfc 	b.w	10008aee <_strtod_l+0x7fe>
100092f6:	4622      	mov	r2, r4
100092f8:	2a08      	cmp	r2, #8
100092fa:	f102 0401 	add.w	r4, r2, #1
100092fe:	dd09      	ble.n	10009314 <_strtod_l+0x1024>
10009300:	2c10      	cmp	r4, #16
10009302:	f73f ae4f 	bgt.w	10008fa4 <_strtod_l+0xcb4>
10009306:	eb07 0787 	add.w	r7, r7, r7, lsl #2
1000930a:	2300      	movs	r3, #0
1000930c:	eb0c 0747 	add.w	r7, ip, r7, lsl #1
10009310:	930a      	str	r3, [sp, #40]	@ 0x28
10009312:	e486      	b.n	10008c22 <_strtod_l+0x932>
10009314:	230a      	movs	r3, #10
10009316:	fb05 f303 	mul.w	r3, r5, r3
1000931a:	e47f      	b.n	10008c1c <_strtod_l+0x92c>
1000931c:	4602      	mov	r2, r0
1000931e:	460b      	mov	r3, r1
10009320:	e67a      	b.n	10009018 <_strtod_l+0xd28>
10009322:	4602      	mov	r2, r0
10009324:	460b      	mov	r3, r1
10009326:	e741      	b.n	100091ac <_strtod_l+0xebc>
10009328:	05e1      	lsls	r1, r4, #23
1000932a:	d505      	bpl.n	10009338 <_strtod_l+0x1048>
1000932c:	f04f 4300 	mov.w	r3, #2147483648	@ 0x80000000
10009330:	9305      	str	r3, [sp, #20]
10009332:	e9dd 8904 	ldrd	r8, r9, [sp, #16]
10009336:	e5fd      	b.n	10008f34 <_strtod_l+0xc44>
10009338:	f04f 0800 	mov.w	r8, #0
1000933c:	f04f 0900 	mov.w	r9, #0
10009340:	e5f8      	b.n	10008f34 <_strtod_l+0xc44>
10009342:	bf00      	nop
10009344:	1000c444 	.word	0x1000c444
10009348:	7ff00000 	.word	0x7ff00000
1000934c:	3ff00000 	.word	0x3ff00000
10009350:	7fefffff 	.word	0x7fefffff
10009354:	1000c6a8 	.word	0x1000c6a8

10009358 <strtof>:
10009358:	e92d 43f8 	stmdb	sp!, {r3, r4, r5, r6, r7, r8, r9, lr}
1000935c:	4f25      	ldr	r7, [pc, #148]	@ (100093f4 <strtof+0x9c>)
1000935e:	460a      	mov	r2, r1
10009360:	4b25      	ldr	r3, [pc, #148]	@ (100093f8 <strtof+0xa0>)
10009362:	4601      	mov	r1, r0
10009364:	6838      	ldr	r0, [r7, #0]
10009366:	f7fe ffc3 	bl	100082f0 <_strtod_l>
1000936a:	4602      	mov	r2, r0
1000936c:	460b      	mov	r3, r1
1000936e:	4604      	mov	r4, r0
10009370:	460d      	mov	r5, r1
10009372:	f7f9 fa0f 	bl	10002794 <__wrap___aeabi_dcmpun>
10009376:	bb88      	cbnz	r0, 100093dc <strtof+0x84>
10009378:	4620      	mov	r0, r4
1000937a:	4629      	mov	r1, r5
1000937c:	f7f9 f9b4 	bl	100026e8 <__wrap___aeabi_d2f>
10009380:	ee07 0a10 	vmov	s14, r0
10009384:	eddf 7a1d 	vldr	s15, [pc, #116]	@ 100093fc <strtof+0xa4>
10009388:	4606      	mov	r6, r0
1000938a:	eeb0 7ac7 	vabs.f32	s14, s14
1000938e:	eeb4 7a67 	vcmp.f32	s14, s15
10009392:	eef1 fa10 	vmrs	APSR_nzcv, fpscr
10009396:	dd17      	ble.n	100093c8 <strtof+0x70>
10009398:	f025 4900 	bic.w	r9, r5, #2147483648	@ 0x80000000
1000939c:	f04f 32ff 	mov.w	r2, #4294967295
100093a0:	4b17      	ldr	r3, [pc, #92]	@ (10009400 <strtof+0xa8>)
100093a2:	4620      	mov	r0, r4
100093a4:	4649      	mov	r1, r9
100093a6:	f7f9 f9f5 	bl	10002794 <__wrap___aeabi_dcmpun>
100093aa:	b938      	cbnz	r0, 100093bc <strtof+0x64>
100093ac:	4620      	mov	r0, r4
100093ae:	4649      	mov	r1, r9
100093b0:	f04f 32ff 	mov.w	r2, #4294967295
100093b4:	4b12      	ldr	r3, [pc, #72]	@ (10009400 <strtof+0xa8>)
100093b6:	f7f9 fa25 	bl	10002804 <__wrap___aeabi_dcmple>
100093ba:	b128      	cbz	r0, 100093c8 <strtof+0x70>
100093bc:	683b      	ldr	r3, [r7, #0]
100093be:	2222      	movs	r2, #34	@ 0x22
100093c0:	601a      	str	r2, [r3, #0]
100093c2:	4630      	mov	r0, r6
100093c4:	e8bd 83f8 	ldmia.w	sp!, {r3, r4, r5, r6, r7, r8, r9, pc}
100093c8:	f016 4fff 	tst.w	r6, #2139095040	@ 0x7f800000
100093cc:	d1f9      	bne.n	100093c2 <strtof+0x6a>
100093ce:	4b0d      	ldr	r3, [pc, #52]	@ (10009404 <strtof+0xac>)
100093d0:	402b      	ands	r3, r5
100093d2:	2b00      	cmp	r3, #0
100093d4:	d1f2      	bne.n	100093bc <strtof+0x64>
100093d6:	4630      	mov	r0, r6
100093d8:	e8bd 83f8 	ldmia.w	sp!, {r3, r4, r5, r6, r7, r8, r9, pc}
100093dc:	2d00      	cmp	r5, #0
100093de:	480a      	ldr	r0, [pc, #40]	@ (10009408 <strtof+0xb0>)
100093e0:	da04      	bge.n	100093ec <strtof+0x94>
100093e2:	f000 fad1 	bl	10009988 <nanf>
100093e6:	f080 4600 	eor.w	r6, r0, #2147483648	@ 0x80000000
100093ea:	e7ea      	b.n	100093c2 <strtof+0x6a>
100093ec:	e8bd 43f8 	ldmia.w	sp!, {r3, r4, r5, r6, r7, r8, r9, lr}
100093f0:	f000 baca 	b.w	10009988 <nanf>
100093f4:	20001844 	.word	0x20001844
100093f8:	200016d8 	.word	0x200016d8
100093fc:	7f7fffff 	.word	0x7f7fffff
10009400:	7fefffff 	.word	0x7fefffff
10009404:	7ff00000 	.word	0x7ff00000
10009408:	1000b0d8 	.word	0x1000b0d8

1000940c <_strtol_l.part.0>:
1000940c:	e92d 4ff0 	stmdb	sp!, {r4, r5, r6, r7, r8, r9, sl, fp, lr}
10009410:	4681      	mov	r9, r0
10009412:	468e      	mov	lr, r1
10009414:	486d      	ldr	r0, [pc, #436]	@ (100095cc <_strtol_l.part.0+0x1c0>)
10009416:	4675      	mov	r5, lr
10009418:	f81e bb01 	ldrb.w	fp, [lr], #1
1000941c:	f810 400b 	ldrb.w	r4, [r0, fp]
10009420:	f014 0408 	ands.w	r4, r4, #8
10009424:	d1f7      	bne.n	10009416 <_strtol_l.part.0+0xa>
10009426:	f1bb 0f2d 	cmp.w	fp, #45	@ 0x2d
1000942a:	f023 0710 	bic.w	r7, r3, #16
1000942e:	d05d      	beq.n	100094ec <_strtol_l.part.0+0xe0>
10009430:	f1bb 0f2b 	cmp.w	fp, #43	@ 0x2b
10009434:	d010      	beq.n	10009458 <_strtol_l.part.0+0x4c>
10009436:	b9af      	cbnz	r7, 10009464 <_strtol_l.part.0+0x58>
10009438:	f1bb 0f30 	cmp.w	fp, #48	@ 0x30
1000943c:	f000 808d 	beq.w	1000955a <_strtol_l.part.0+0x14e>
10009440:	2b00      	cmp	r3, #0
10009442:	f000 8085 	beq.w	10009550 <_strtol_l.part.0+0x144>
10009446:	2310      	movs	r3, #16
10009448:	f06f 4678 	mvn.w	r6, #4160749568	@ 0xf8000000
1000944c:	270f      	movs	r7, #15
1000944e:	4698      	mov	r8, r3
10009450:	2400      	movs	r4, #0
10009452:	f06f 4a00 	mvn.w	sl, #2147483648	@ 0x80000000
10009456:	e00d      	b.n	10009474 <_strtol_l.part.0+0x68>
10009458:	f89e b000 	ldrb.w	fp, [lr]
1000945c:	f105 0e02 	add.w	lr, r5, #2
10009460:	2f00      	cmp	r7, #0
10009462:	d060      	beq.n	10009526 <_strtol_l.part.0+0x11a>
10009464:	f06f 4700 	mvn.w	r7, #2147483648	@ 0x80000000
10009468:	4698      	mov	r8, r3
1000946a:	fbb7 f6f3 	udiv	r6, r7, r3
1000946e:	46ba      	mov	sl, r7
10009470:	fb03 7716 	mls	r7, r3, r6, r7
10009474:	2500      	movs	r5, #0
10009476:	4628      	mov	r0, r5
10009478:	e00e      	b.n	10009498 <_strtol_l.part.0+0x8c>
1000947a:	f1ab 0c37 	sub.w	ip, fp, #55	@ 0x37
1000947e:	459c      	cmp	ip, r3
10009480:	da1d      	bge.n	100094be <_strtol_l.part.0+0xb2>
10009482:	3501      	adds	r5, #1
10009484:	d004      	beq.n	10009490 <_strtol_l.part.0+0x84>
10009486:	42b0      	cmp	r0, r6
10009488:	d802      	bhi.n	10009490 <_strtol_l.part.0+0x84>
1000948a:	d122      	bne.n	100094d2 <_strtol_l.part.0+0xc6>
1000948c:	45bc      	cmp	ip, r7
1000948e:	dd20      	ble.n	100094d2 <_strtol_l.part.0+0xc6>
10009490:	f04f 35ff 	mov.w	r5, #4294967295
10009494:	f81e bb01 	ldrb.w	fp, [lr], #1
10009498:	f1ab 0c30 	sub.w	ip, fp, #48	@ 0x30
1000949c:	f1bc 0f09 	cmp.w	ip, #9
100094a0:	d9ed      	bls.n	1000947e <_strtol_l.part.0+0x72>
100094a2:	f1ab 0c41 	sub.w	ip, fp, #65	@ 0x41
100094a6:	f1bc 0f19 	cmp.w	ip, #25
100094aa:	d9e6      	bls.n	1000947a <_strtol_l.part.0+0x6e>
100094ac:	f1ab 0c61 	sub.w	ip, fp, #97	@ 0x61
100094b0:	f1bc 0f19 	cmp.w	ip, #25
100094b4:	d803      	bhi.n	100094be <_strtol_l.part.0+0xb2>
100094b6:	f1ab 0c57 	sub.w	ip, fp, #87	@ 0x57
100094ba:	459c      	cmp	ip, r3
100094bc:	dbe1      	blt.n	10009482 <_strtol_l.part.0+0x76>
100094be:	1c6b      	adds	r3, r5, #1
100094c0:	d00b      	beq.n	100094da <_strtol_l.part.0+0xce>
100094c2:	b104      	cbz	r4, 100094c6 <_strtol_l.part.0+0xba>
100094c4:	4240      	negs	r0, r0
100094c6:	b112      	cbz	r2, 100094ce <_strtol_l.part.0+0xc2>
100094c8:	2d00      	cmp	r5, #0
100094ca:	d157      	bne.n	1000957c <_strtol_l.part.0+0x170>
100094cc:	6011      	str	r1, [r2, #0]
100094ce:	e8bd 8ff0 	ldmia.w	sp!, {r4, r5, r6, r7, r8, r9, sl, fp, pc}
100094d2:	fb08 c000 	mla	r0, r8, r0, ip
100094d6:	2501      	movs	r5, #1
100094d8:	e7dc      	b.n	10009494 <_strtol_l.part.0+0x88>
100094da:	2322      	movs	r3, #34	@ 0x22
100094dc:	f8c9 3000 	str.w	r3, [r9]
100094e0:	2a00      	cmp	r2, #0
100094e2:	d04d      	beq.n	10009580 <_strtol_l.part.0+0x174>
100094e4:	f10e 31ff 	add.w	r1, lr, #4294967295
100094e8:	4650      	mov	r0, sl
100094ea:	e7ef      	b.n	100094cc <_strtol_l.part.0+0xc0>
100094ec:	f89e b000 	ldrb.w	fp, [lr]
100094f0:	f105 0e02 	add.w	lr, r5, #2
100094f4:	b967      	cbnz	r7, 10009510 <_strtol_l.part.0+0x104>
100094f6:	f1bb 0f30 	cmp.w	fp, #48	@ 0x30
100094fa:	d044      	beq.n	10009586 <_strtol_l.part.0+0x17a>
100094fc:	2b00      	cmp	r3, #0
100094fe:	d150      	bne.n	100095a2 <_strtol_l.part.0+0x196>
10009500:	230a      	movs	r3, #10
10009502:	4e33      	ldr	r6, [pc, #204]	@ (100095d0 <_strtol_l.part.0+0x1c4>)
10009504:	2708      	movs	r7, #8
10009506:	2401      	movs	r4, #1
10009508:	4698      	mov	r8, r3
1000950a:	f04f 4a00 	mov.w	sl, #2147483648	@ 0x80000000
1000950e:	e7b1      	b.n	10009474 <_strtol_l.part.0+0x68>
10009510:	f04f 4a00 	mov.w	sl, #2147483648	@ 0x80000000
10009514:	4698      	mov	r8, r3
10009516:	2401      	movs	r4, #1
10009518:	fbba f6f3 	udiv	r6, sl, r3
1000951c:	fb03 f706 	mul.w	r7, r3, r6
10009520:	ebaa 0707 	sub.w	r7, sl, r7
10009524:	e7a6      	b.n	10009474 <_strtol_l.part.0+0x68>
10009526:	f1bb 0f30 	cmp.w	fp, #48	@ 0x30
1000952a:	d189      	bne.n	10009440 <_strtol_l.part.0+0x34>
1000952c:	78a8      	ldrb	r0, [r5, #2]
1000952e:	f000 00df 	and.w	r0, r0, #223	@ 0xdf
10009532:	2858      	cmp	r0, #88	@ 0x58
10009534:	d11e      	bne.n	10009574 <_strtol_l.part.0+0x168>
10009536:	2310      	movs	r3, #16
10009538:	f895 b003 	ldrb.w	fp, [r5, #3]
1000953c:	f105 0e04 	add.w	lr, r5, #4
10009540:	4698      	mov	r8, r3
10009542:	f06f 4700 	mvn.w	r7, #2147483648	@ 0x80000000
10009546:	fbb7 f6f8 	udiv	r6, r7, r8
1000954a:	fb08 7716 	mls	r7, r8, r6, r7
1000954e:	e77f      	b.n	10009450 <_strtol_l.part.0+0x44>
10009550:	230a      	movs	r3, #10
10009552:	4e1f      	ldr	r6, [pc, #124]	@ (100095d0 <_strtol_l.part.0+0x1c4>)
10009554:	2707      	movs	r7, #7
10009556:	4698      	mov	r8, r3
10009558:	e77a      	b.n	10009450 <_strtol_l.part.0+0x44>
1000955a:	f89e 0000 	ldrb.w	r0, [lr]
1000955e:	f000 00df 	and.w	r0, r0, #223	@ 0xdf
10009562:	2858      	cmp	r0, #88	@ 0x58
10009564:	d106      	bne.n	10009574 <_strtol_l.part.0+0x168>
10009566:	2310      	movs	r3, #16
10009568:	f89e b001 	ldrb.w	fp, [lr, #1]
1000956c:	f105 0e03 	add.w	lr, r5, #3
10009570:	4698      	mov	r8, r3
10009572:	e7e6      	b.n	10009542 <_strtol_l.part.0+0x136>
10009574:	bb23      	cbnz	r3, 100095c0 <_strtol_l.part.0+0x1b4>
10009576:	2308      	movs	r3, #8
10009578:	4698      	mov	r8, r3
1000957a:	e7e2      	b.n	10009542 <_strtol_l.part.0+0x136>
1000957c:	4682      	mov	sl, r0
1000957e:	e7b1      	b.n	100094e4 <_strtol_l.part.0+0xd8>
10009580:	4650      	mov	r0, sl
10009582:	e8bd 8ff0 	ldmia.w	sp!, {r4, r5, r6, r7, r8, r9, sl, fp, pc}
10009586:	78a8      	ldrb	r0, [r5, #2]
10009588:	f000 00df 	and.w	r0, r0, #223	@ 0xdf
1000958c:	2858      	cmp	r0, #88	@ 0x58
1000958e:	d010      	beq.n	100095b2 <_strtol_l.part.0+0x1a6>
10009590:	b1cb      	cbz	r3, 100095c6 <_strtol_l.part.0+0x1ba>
10009592:	2310      	movs	r3, #16
10009594:	4698      	mov	r8, r3
10009596:	f04f 4a00 	mov.w	sl, #2147483648	@ 0x80000000
1000959a:	2401      	movs	r4, #1
1000959c:	fbba f6f8 	udiv	r6, sl, r8
100095a0:	e768      	b.n	10009474 <_strtol_l.part.0+0x68>
100095a2:	2310      	movs	r3, #16
100095a4:	f04f 6600 	mov.w	r6, #134217728	@ 0x8000000
100095a8:	2401      	movs	r4, #1
100095aa:	f04f 4a00 	mov.w	sl, #2147483648	@ 0x80000000
100095ae:	4698      	mov	r8, r3
100095b0:	e760      	b.n	10009474 <_strtol_l.part.0+0x68>
100095b2:	2310      	movs	r3, #16
100095b4:	f895 b003 	ldrb.w	fp, [r5, #3]
100095b8:	f105 0e04 	add.w	lr, r5, #4
100095bc:	4698      	mov	r8, r3
100095be:	e7ea      	b.n	10009596 <_strtol_l.part.0+0x18a>
100095c0:	2310      	movs	r3, #16
100095c2:	4698      	mov	r8, r3
100095c4:	e7bd      	b.n	10009542 <_strtol_l.part.0+0x136>
100095c6:	2308      	movs	r3, #8
100095c8:	4698      	mov	r8, r3
100095ca:	e7e4      	b.n	10009596 <_strtol_l.part.0+0x18a>
100095cc:	1000c499 	.word	0x1000c499
100095d0:	0ccccccc 	.word	0x0ccccccc

100095d4 <strtol>:
100095d4:	2a24      	cmp	r2, #36	@ 0x24
100095d6:	4613      	mov	r3, r2
100095d8:	b510      	push	{r4, lr}
100095da:	d809      	bhi.n	100095f0 <strtol+0x1c>
100095dc:	2a01      	cmp	r2, #1
100095de:	d007      	beq.n	100095f0 <strtol+0x1c>
100095e0:	4c06      	ldr	r4, [pc, #24]	@ (100095fc <strtol+0x28>)
100095e2:	460a      	mov	r2, r1
100095e4:	4601      	mov	r1, r0
100095e6:	6820      	ldr	r0, [r4, #0]
100095e8:	e8bd 4010 	ldmia.w	sp!, {r4, lr}
100095ec:	f7ff bf0e 	b.w	1000940c <_strtol_l.part.0>
100095f0:	f000 f908 	bl	10009804 <__errno>
100095f4:	2316      	movs	r3, #22
100095f6:	6003      	str	r3, [r0, #0]
100095f8:	2000      	movs	r0, #0
100095fa:	bd10      	pop	{r4, pc}
100095fc:	20001844 	.word	0x20001844

10009600 <memset>:
10009600:	0783      	lsls	r3, r0, #30
10009602:	b530      	push	{r4, r5, lr}
10009604:	d046      	beq.n	10009694 <memset+0x94>
10009606:	1884      	adds	r4, r0, r2
10009608:	4684      	mov	ip, r0
1000960a:	e004      	b.n	10009616 <memset+0x16>
1000960c:	f803 1b01 	strb.w	r1, [r3], #1
10009610:	079d      	lsls	r5, r3, #30
10009612:	d004      	beq.n	1000961e <memset+0x1e>
10009614:	469c      	mov	ip, r3
10009616:	45a4      	cmp	ip, r4
10009618:	4663      	mov	r3, ip
1000961a:	d1f7      	bne.n	1000960c <memset+0xc>
1000961c:	bd30      	pop	{r4, r5, pc}
1000961e:	3a01      	subs	r2, #1
10009620:	4402      	add	r2, r0
10009622:	eba2 020c 	sub.w	r2, r2, ip
10009626:	2a03      	cmp	r2, #3
10009628:	d929      	bls.n	1000967e <memset+0x7e>
1000962a:	b2cc      	uxtb	r4, r1
1000962c:	2a0f      	cmp	r2, #15
1000962e:	eb04 2404 	add.w	r4, r4, r4, lsl #8
10009632:	eb04 4404 	add.w	r4, r4, r4, lsl #16
10009636:	d92f      	bls.n	10009698 <memset+0x98>
10009638:	f1a2 0c10 	sub.w	ip, r2, #16
1000963c:	f103 0510 	add.w	r5, r3, #16
10009640:	f02c 0c0f 	bic.w	ip, ip, #15
10009644:	44ac      	add	ip, r5
10009646:	e9c3 4400 	strd	r4, r4, [r3]
1000964a:	e9c3 4402 	strd	r4, r4, [r3, #8]
1000964e:	3310      	adds	r3, #16
10009650:	4563      	cmp	r3, ip
10009652:	d1f8      	bne.n	10009646 <memset+0x46>
10009654:	f012 0f0c 	tst.w	r2, #12
10009658:	f002 0e0f 	and.w	lr, r2, #15
1000965c:	d018      	beq.n	10009690 <memset+0x90>
1000965e:	f02e 0c03 	bic.w	ip, lr, #3
10009662:	f1ae 0504 	sub.w	r5, lr, #4
10009666:	461a      	mov	r2, r3
10009668:	449c      	add	ip, r3
1000966a:	f842 4b04 	str.w	r4, [r2], #4
1000966e:	4562      	cmp	r2, ip
10009670:	d1fb      	bne.n	1000966a <memset+0x6a>
10009672:	f025 0403 	bic.w	r4, r5, #3
10009676:	3304      	adds	r3, #4
10009678:	f00e 0203 	and.w	r2, lr, #3
1000967c:	4423      	add	r3, r4
1000967e:	2a00      	cmp	r2, #0
10009680:	d0cc      	beq.n	1000961c <memset+0x1c>
10009682:	b2c9      	uxtb	r1, r1
10009684:	441a      	add	r2, r3
10009686:	f803 1b01 	strb.w	r1, [r3], #1
1000968a:	4293      	cmp	r3, r2
1000968c:	d1fb      	bne.n	10009686 <memset+0x86>
1000968e:	bd30      	pop	{r4, r5, pc}
10009690:	4672      	mov	r2, lr
10009692:	e7f4      	b.n	1000967e <memset+0x7e>
10009694:	4603      	mov	r3, r0
10009696:	e7c6      	b.n	10009626 <memset+0x26>
10009698:	4696      	mov	lr, r2
1000969a:	e7e0      	b.n	1000965e <memset+0x5e>

1000969c <strchr>:
1000969c:	f011 01ff 	ands.w	r1, r1, #255	@ 0xff
100096a0:	4603      	mov	r3, r0
100096a2:	f000 0203 	and.w	r2, r0, #3
100096a6:	d039      	beq.n	1000971c <strchr+0x80>
100096a8:	bb8a      	cbnz	r2, 1000970e <strchr+0x72>
100096aa:	b510      	push	{r4, lr}
100096ac:	eb01 2e01 	add.w	lr, r1, r1, lsl #8
100096b0:	6802      	ldr	r2, [r0, #0]
100096b2:	eb0e 4e0e 	add.w	lr, lr, lr, lsl #16
100096b6:	f1a2 3301 	sub.w	r3, r2, #16843009	@ 0x1010101
100096ba:	ea8e 0402 	eor.w	r4, lr, r2
100096be:	ea23 0302 	bic.w	r3, r3, r2
100096c2:	f1a4 3201 	sub.w	r2, r4, #16843009	@ 0x1010101
100096c6:	ea22 0204 	bic.w	r2, r2, r4
100096ca:	4313      	orrs	r3, r2
100096cc:	f013 3f80 	tst.w	r3, #2155905152	@ 0x80808080
100096d0:	d10f      	bne.n	100096f2 <strchr+0x56>
100096d2:	f850 4f04 	ldr.w	r4, [r0, #4]!
100096d6:	ea84 0c0e 	eor.w	ip, r4, lr
100096da:	f1a4 3301 	sub.w	r3, r4, #16843009	@ 0x1010101
100096de:	f1ac 3201 	sub.w	r2, ip, #16843009	@ 0x1010101
100096e2:	ea23 0304 	bic.w	r3, r3, r4
100096e6:	ea22 020c 	bic.w	r2, r2, ip
100096ea:	4313      	orrs	r3, r2
100096ec:	f013 3f80 	tst.w	r3, #2155905152	@ 0x80808080
100096f0:	d0ef      	beq.n	100096d2 <strchr+0x36>
100096f2:	7803      	ldrb	r3, [r0, #0]
100096f4:	b923      	cbnz	r3, 10009700 <strchr+0x64>
100096f6:	e036      	b.n	10009766 <strchr+0xca>
100096f8:	f810 3f01 	ldrb.w	r3, [r0, #1]!
100096fc:	2b00      	cmp	r3, #0
100096fe:	d032      	beq.n	10009766 <strchr+0xca>
10009700:	4299      	cmp	r1, r3
10009702:	d1f9      	bne.n	100096f8 <strchr+0x5c>
10009704:	bd10      	pop	{r4, pc}
10009706:	428a      	cmp	r2, r1
10009708:	d028      	beq.n	1000975c <strchr+0xc0>
1000970a:	079a      	lsls	r2, r3, #30
1000970c:	d029      	beq.n	10009762 <strchr+0xc6>
1000970e:	781a      	ldrb	r2, [r3, #0]
10009710:	4618      	mov	r0, r3
10009712:	3301      	adds	r3, #1
10009714:	2a00      	cmp	r2, #0
10009716:	d1f6      	bne.n	10009706 <strchr+0x6a>
10009718:	4610      	mov	r0, r2
1000971a:	4770      	bx	lr
1000971c:	b9ca      	cbnz	r2, 10009752 <strchr+0xb6>
1000971e:	6802      	ldr	r2, [r0, #0]
10009720:	f1a2 3301 	sub.w	r3, r2, #16843009	@ 0x1010101
10009724:	ea23 0302 	bic.w	r3, r3, r2
10009728:	f013 3f80 	tst.w	r3, #2155905152	@ 0x80808080
1000972c:	d108      	bne.n	10009740 <strchr+0xa4>
1000972e:	f850 2f04 	ldr.w	r2, [r0, #4]!
10009732:	f1a2 3301 	sub.w	r3, r2, #16843009	@ 0x1010101
10009736:	ea23 0302 	bic.w	r3, r3, r2
1000973a:	f013 3f80 	tst.w	r3, #2155905152	@ 0x80808080
1000973e:	d0f6      	beq.n	1000972e <strchr+0x92>
10009740:	7803      	ldrb	r3, [r0, #0]
10009742:	b15b      	cbz	r3, 1000975c <strchr+0xc0>
10009744:	f810 3f01 	ldrb.w	r3, [r0, #1]!
10009748:	2b00      	cmp	r3, #0
1000974a:	d1fb      	bne.n	10009744 <strchr+0xa8>
1000974c:	4770      	bx	lr
1000974e:	0799      	lsls	r1, r3, #30
10009750:	d005      	beq.n	1000975e <strchr+0xc2>
10009752:	4618      	mov	r0, r3
10009754:	f813 2b01 	ldrb.w	r2, [r3], #1
10009758:	2a00      	cmp	r2, #0
1000975a:	d1f8      	bne.n	1000974e <strchr+0xb2>
1000975c:	4770      	bx	lr
1000975e:	4618      	mov	r0, r3
10009760:	e7dd      	b.n	1000971e <strchr+0x82>
10009762:	4618      	mov	r0, r3
10009764:	e7a1      	b.n	100096aa <strchr+0xe>
10009766:	4618      	mov	r0, r3
10009768:	bd10      	pop	{r4, pc}
1000976a:	bf00      	nop

1000976c <strncmp>:
1000976c:	b382      	cbz	r2, 100097d0 <strncmp+0x64>
1000976e:	460b      	mov	r3, r1
10009770:	b530      	push	{r4, r5, lr}
10009772:	ea40 0401 	orr.w	r4, r0, r1
10009776:	4686      	mov	lr, r0
10009778:	07a4      	lsls	r4, r4, #30
1000977a:	d117      	bne.n	100097ac <strncmp+0x40>
1000977c:	2a03      	cmp	r2, #3
1000977e:	d807      	bhi.n	10009790 <strncmp+0x24>
10009780:	e014      	b.n	100097ac <strncmp+0x40>
10009782:	3a04      	subs	r2, #4
10009784:	d022      	beq.n	100097cc <strncmp+0x60>
10009786:	f01c 3f80 	tst.w	ip, #2155905152	@ 0x80808080
1000978a:	d11f      	bne.n	100097cc <strncmp+0x60>
1000978c:	2a03      	cmp	r2, #3
1000978e:	d923      	bls.n	100097d8 <strncmp+0x6c>
10009790:	f8de 4000 	ldr.w	r4, [lr]
10009794:	4619      	mov	r1, r3
10009796:	f853 5b04 	ldr.w	r5, [r3], #4
1000979a:	4670      	mov	r0, lr
1000979c:	f1a4 3c01 	sub.w	ip, r4, #16843009	@ 0x1010101
100097a0:	f10e 0e04 	add.w	lr, lr, #4
100097a4:	42ac      	cmp	r4, r5
100097a6:	ea2c 0c04 	bic.w	ip, ip, r4
100097aa:	d0ea      	beq.n	10009782 <strncmp+0x16>
100097ac:	7803      	ldrb	r3, [r0, #0]
100097ae:	3a01      	subs	r2, #1
100097b0:	780c      	ldrb	r4, [r1, #0]
100097b2:	42a3      	cmp	r3, r4
100097b4:	d10e      	bne.n	100097d4 <strncmp+0x68>
100097b6:	4402      	add	r2, r0
100097b8:	e006      	b.n	100097c8 <strncmp+0x5c>
100097ba:	b13b      	cbz	r3, 100097cc <strncmp+0x60>
100097bc:	f810 3f01 	ldrb.w	r3, [r0, #1]!
100097c0:	f811 4f01 	ldrb.w	r4, [r1, #1]!
100097c4:	42a3      	cmp	r3, r4
100097c6:	d105      	bne.n	100097d4 <strncmp+0x68>
100097c8:	4290      	cmp	r0, r2
100097ca:	d1f6      	bne.n	100097ba <strncmp+0x4e>
100097cc:	2000      	movs	r0, #0
100097ce:	bd30      	pop	{r4, r5, pc}
100097d0:	4610      	mov	r0, r2
100097d2:	4770      	bx	lr
100097d4:	1b18      	subs	r0, r3, r4
100097d6:	bd30      	pop	{r4, r5, pc}
100097d8:	4670      	mov	r0, lr
100097da:	4619      	mov	r1, r3
100097dc:	e7e6      	b.n	100097ac <strncmp+0x40>
100097de:	bf00      	nop

100097e0 <_sbrk_r>:
100097e0:	b538      	push	{r3, r4, r5, lr}
100097e2:	2200      	movs	r2, #0
100097e4:	4d06      	ldr	r5, [pc, #24]	@ (10009800 <_sbrk_r+0x20>)
100097e6:	4604      	mov	r4, r0
100097e8:	4608      	mov	r0, r1
100097ea:	602a      	str	r2, [r5, #0]
100097ec:	f7fa fae0 	bl	10003db0 <_sbrk>
100097f0:	1c43      	adds	r3, r0, #1
100097f2:	d000      	beq.n	100097f6 <_sbrk_r+0x16>
100097f4:	bd38      	pop	{r3, r4, r5, pc}
100097f6:	682b      	ldr	r3, [r5, #0]
100097f8:	2b00      	cmp	r3, #0
100097fa:	d0fb      	beq.n	100097f4 <_sbrk_r+0x14>
100097fc:	6023      	str	r3, [r4, #0]
100097fe:	bd38      	pop	{r3, r4, r5, pc}
10009800:	200022d8 	.word	0x200022d8

10009804 <__errno>:
10009804:	4b01      	ldr	r3, [pc, #4]	@ (1000980c <__errno+0x8>)
10009806:	6818      	ldr	r0, [r3, #0]
10009808:	4770      	bx	lr
1000980a:	bf00      	nop
1000980c:	20001844 	.word	0x20001844

10009810 <__retarget_lock_acquire_recursive>:
10009810:	4770      	bx	lr
10009812:	bf00      	nop

10009814 <__retarget_lock_release_recursive>:
10009814:	4770      	bx	lr
10009816:	bf00      	nop

10009818 <sysconf>:
10009818:	2808      	cmp	r0, #8
1000981a:	d102      	bne.n	10009822 <sysconf+0xa>
1000981c:	f44f 5080 	mov.w	r0, #4096	@ 0x1000
10009820:	4770      	bx	lr
10009822:	b508      	push	{r3, lr}
10009824:	f7ff ffee 	bl	10009804 <__errno>
10009828:	2216      	movs	r2, #22
1000982a:	4603      	mov	r3, r0
1000982c:	f04f 30ff 	mov.w	r0, #4294967295
10009830:	601a      	str	r2, [r3, #0]
10009832:	bd08      	pop	{r3, pc}

10009834 <memcpy>:
10009834:	4684      	mov	ip, r0
10009836:	ea41 0300 	orr.w	r3, r1, r0
1000983a:	f013 0303 	ands.w	r3, r3, #3
1000983e:	d149      	bne.n	100098d4 <memcpy+0xa0>
10009840:	3a40      	subs	r2, #64	@ 0x40
10009842:	d323      	bcc.n	1000988c <memcpy+0x58>
10009844:	680b      	ldr	r3, [r1, #0]
10009846:	6003      	str	r3, [r0, #0]
10009848:	684b      	ldr	r3, [r1, #4]
1000984a:	6043      	str	r3, [r0, #4]
1000984c:	688b      	ldr	r3, [r1, #8]
1000984e:	6083      	str	r3, [r0, #8]
10009850:	68cb      	ldr	r3, [r1, #12]
10009852:	60c3      	str	r3, [r0, #12]
10009854:	690b      	ldr	r3, [r1, #16]
10009856:	6103      	str	r3, [r0, #16]
10009858:	694b      	ldr	r3, [r1, #20]
1000985a:	6143      	str	r3, [r0, #20]
1000985c:	698b      	ldr	r3, [r1, #24]
1000985e:	6183      	str	r3, [r0, #24]
10009860:	69cb      	ldr	r3, [r1, #28]
10009862:	61c3      	str	r3, [r0, #28]
10009864:	6a0b      	ldr	r3, [r1, #32]
10009866:	6203      	str	r3, [r0, #32]
10009868:	6a4b      	ldr	r3, [r1, #36]	@ 0x24
1000986a:	6243      	str	r3, [r0, #36]	@ 0x24
1000986c:	6a8b      	ldr	r3, [r1, #40]	@ 0x28
1000986e:	6283      	str	r3, [r0, #40]	@ 0x28
10009870:	6acb      	ldr	r3, [r1, #44]	@ 0x2c
10009872:	62c3      	str	r3, [r0, #44]	@ 0x2c
10009874:	6b0b      	ldr	r3, [r1, #48]	@ 0x30
10009876:	6303      	str	r3, [r0, #48]	@ 0x30
10009878:	6b4b      	ldr	r3, [r1, #52]	@ 0x34
1000987a:	6343      	str	r3, [r0, #52]	@ 0x34
1000987c:	6b8b      	ldr	r3, [r1, #56]	@ 0x38
1000987e:	6383      	str	r3, [r0, #56]	@ 0x38
10009880:	6bcb      	ldr	r3, [r1, #60]	@ 0x3c
10009882:	63c3      	str	r3, [r0, #60]	@ 0x3c
10009884:	3040      	adds	r0, #64	@ 0x40
10009886:	3140      	adds	r1, #64	@ 0x40
10009888:	3a40      	subs	r2, #64	@ 0x40
1000988a:	d2db      	bcs.n	10009844 <memcpy+0x10>
1000988c:	3230      	adds	r2, #48	@ 0x30
1000988e:	d30b      	bcc.n	100098a8 <memcpy+0x74>
10009890:	680b      	ldr	r3, [r1, #0]
10009892:	6003      	str	r3, [r0, #0]
10009894:	684b      	ldr	r3, [r1, #4]
10009896:	6043      	str	r3, [r0, #4]
10009898:	688b      	ldr	r3, [r1, #8]
1000989a:	6083      	str	r3, [r0, #8]
1000989c:	68cb      	ldr	r3, [r1, #12]
1000989e:	60c3      	str	r3, [r0, #12]
100098a0:	3010      	adds	r0, #16
100098a2:	3110      	adds	r1, #16
100098a4:	3a10      	subs	r2, #16
100098a6:	d2f3      	bcs.n	10009890 <memcpy+0x5c>
100098a8:	320c      	adds	r2, #12
100098aa:	d305      	bcc.n	100098b8 <memcpy+0x84>
100098ac:	f851 3b04 	ldr.w	r3, [r1], #4
100098b0:	f840 3b04 	str.w	r3, [r0], #4
100098b4:	3a04      	subs	r2, #4
100098b6:	d2f9      	bcs.n	100098ac <memcpy+0x78>
100098b8:	3204      	adds	r2, #4
100098ba:	d008      	beq.n	100098ce <memcpy+0x9a>
100098bc:	07d2      	lsls	r2, r2, #31
100098be:	bf1c      	itt	ne
100098c0:	f811 3b01 	ldrbne.w	r3, [r1], #1
100098c4:	f800 3b01 	strbne.w	r3, [r0], #1
100098c8:	d301      	bcc.n	100098ce <memcpy+0x9a>
100098ca:	880b      	ldrh	r3, [r1, #0]
100098cc:	8003      	strh	r3, [r0, #0]
100098ce:	4660      	mov	r0, ip
100098d0:	4770      	bx	lr
100098d2:	bf00      	nop
100098d4:	2a08      	cmp	r2, #8
100098d6:	d313      	bcc.n	10009900 <memcpy+0xcc>
100098d8:	078b      	lsls	r3, r1, #30
100098da:	d0b1      	beq.n	10009840 <memcpy+0xc>
100098dc:	f010 0303 	ands.w	r3, r0, #3
100098e0:	d0ae      	beq.n	10009840 <memcpy+0xc>
100098e2:	f1c3 0304 	rsb	r3, r3, #4
100098e6:	1ad2      	subs	r2, r2, r3
100098e8:	07db      	lsls	r3, r3, #31
100098ea:	bf1c      	itt	ne
100098ec:	f811 3b01 	ldrbne.w	r3, [r1], #1
100098f0:	f800 3b01 	strbne.w	r3, [r0], #1
100098f4:	d3a4      	bcc.n	10009840 <memcpy+0xc>
100098f6:	f831 3b02 	ldrh.w	r3, [r1], #2
100098fa:	f820 3b02 	strh.w	r3, [r0], #2
100098fe:	e79f      	b.n	10009840 <memcpy+0xc>
10009900:	3a04      	subs	r2, #4
10009902:	d3d9      	bcc.n	100098b8 <memcpy+0x84>
10009904:	3a01      	subs	r2, #1
10009906:	f811 3b01 	ldrb.w	r3, [r1], #1
1000990a:	f800 3b01 	strb.w	r3, [r0], #1
1000990e:	d2f9      	bcs.n	10009904 <memcpy+0xd0>
10009910:	780b      	ldrb	r3, [r1, #0]
10009912:	7003      	strb	r3, [r0, #0]
10009914:	784b      	ldrb	r3, [r1, #1]
10009916:	7043      	strb	r3, [r0, #1]
10009918:	788b      	ldrb	r3, [r1, #2]
1000991a:	7083      	strb	r3, [r0, #2]
1000991c:	4660      	mov	r0, ip
1000991e:	4770      	bx	lr

10009920 <strlen>:
10009920:	f020 0103 	bic.w	r1, r0, #3
10009924:	f010 0003 	ands.w	r0, r0, #3
10009928:	f1c0 0000 	rsb	r0, r0, #0
1000992c:	f851 3b04 	ldr.w	r3, [r1], #4
10009930:	f100 0c04 	add.w	ip, r0, #4
10009934:	ea4f 0ccc 	mov.w	ip, ip, lsl #3
10009938:	f06f 0200 	mvn.w	r2, #0
1000993c:	bf1c      	itt	ne
1000993e:	fa22 f20c 	lsrne.w	r2, r2, ip
10009942:	4313      	orrne	r3, r2
10009944:	f04f 0c01 	mov.w	ip, #1
10009948:	ea4c 2c0c 	orr.w	ip, ip, ip, lsl #8
1000994c:	ea4c 4c0c 	orr.w	ip, ip, ip, lsl #16
10009950:	eba3 020c 	sub.w	r2, r3, ip
10009954:	ea22 0203 	bic.w	r2, r2, r3
10009958:	ea12 12cc 	ands.w	r2, r2, ip, lsl #7
1000995c:	bf04      	itt	eq
1000995e:	f851 3b04 	ldreq.w	r3, [r1], #4
10009962:	3004      	addeq	r0, #4
10009964:	d0f4      	beq.n	10009950 <strlen+0x30>
10009966:	f1c2 0100 	rsb	r1, r2, #0
1000996a:	ea02 0201 	and.w	r2, r2, r1
1000996e:	fab2 f282 	clz	r2, r2
10009972:	f1c2 021f 	rsb	r2, r2, #31
10009976:	eb00 00d2 	add.w	r0, r0, r2, lsr #3
1000997a:	4770      	bx	lr

1000997c <nan>:
1000997c:	2000      	movs	r0, #0
1000997e:	4901      	ldr	r1, [pc, #4]	@ (10009984 <nan+0x8>)
10009980:	4770      	bx	lr
10009982:	bf00      	nop
10009984:	7ff80000 	.word	0x7ff80000

10009988 <nanf>:
10009988:	4800      	ldr	r0, [pc, #0]	@ (1000998c <nanf+0x4>)
1000998a:	4770      	bx	lr
1000998c:	7fc00000 	.word	0x7fc00000

10009990 <_malloc_trim_r>:
10009990:	e92d 43f8 	stmdb	sp!, {r3, r4, r5, r6, r7, r8, r9, lr}
10009994:	4606      	mov	r6, r0
10009996:	f8df 80ac 	ldr.w	r8, [pc, #172]	@ 10009a44 <_malloc_trim_r+0xb4>
1000999a:	2008      	movs	r0, #8
1000999c:	4689      	mov	r9, r1
1000999e:	f7ff ff3b 	bl	10009818 <sysconf>
100099a2:	4605      	mov	r5, r0
100099a4:	4630      	mov	r0, r6
100099a6:	f7fe fc97 	bl	100082d8 <__malloc_lock>
100099aa:	f8d8 3008 	ldr.w	r3, [r8, #8]
100099ae:	685f      	ldr	r7, [r3, #4]
100099b0:	f027 0703 	bic.w	r7, r7, #3
100099b4:	f1a7 0411 	sub.w	r4, r7, #17
100099b8:	eba4 0409 	sub.w	r4, r4, r9
100099bc:	442c      	add	r4, r5
100099be:	fbb4 f4f5 	udiv	r4, r4, r5
100099c2:	3c01      	subs	r4, #1
100099c4:	fb05 f404 	mul.w	r4, r5, r4
100099c8:	42a5      	cmp	r5, r4
100099ca:	dc08      	bgt.n	100099de <_malloc_trim_r+0x4e>
100099cc:	2100      	movs	r1, #0
100099ce:	4630      	mov	r0, r6
100099d0:	f7ff ff06 	bl	100097e0 <_sbrk_r>
100099d4:	f8d8 3008 	ldr.w	r3, [r8, #8]
100099d8:	443b      	add	r3, r7
100099da:	4298      	cmp	r0, r3
100099dc:	d005      	beq.n	100099ea <_malloc_trim_r+0x5a>
100099de:	4630      	mov	r0, r6
100099e0:	f7fe fc80 	bl	100082e4 <__malloc_unlock>
100099e4:	2000      	movs	r0, #0
100099e6:	e8bd 83f8 	ldmia.w	sp!, {r3, r4, r5, r6, r7, r8, r9, pc}
100099ea:	4261      	negs	r1, r4
100099ec:	4630      	mov	r0, r6
100099ee:	f7ff fef7 	bl	100097e0 <_sbrk_r>
100099f2:	3001      	adds	r0, #1
100099f4:	d00f      	beq.n	10009a16 <_malloc_trim_r+0x86>
100099f6:	1b3f      	subs	r7, r7, r4
100099f8:	4a10      	ldr	r2, [pc, #64]	@ (10009a3c <_malloc_trim_r+0xac>)
100099fa:	f8d8 3008 	ldr.w	r3, [r8, #8]
100099fe:	4630      	mov	r0, r6
10009a00:	f047 0701 	orr.w	r7, r7, #1
10009a04:	605f      	str	r7, [r3, #4]
10009a06:	6813      	ldr	r3, [r2, #0]
10009a08:	1b1b      	subs	r3, r3, r4
10009a0a:	6013      	str	r3, [r2, #0]
10009a0c:	f7fe fc6a 	bl	100082e4 <__malloc_unlock>
10009a10:	2001      	movs	r0, #1
10009a12:	e8bd 83f8 	ldmia.w	sp!, {r3, r4, r5, r6, r7, r8, r9, pc}
10009a16:	2100      	movs	r1, #0
10009a18:	4630      	mov	r0, r6
10009a1a:	f7ff fee1 	bl	100097e0 <_sbrk_r>
10009a1e:	f8d8 2008 	ldr.w	r2, [r8, #8]
10009a22:	1a83      	subs	r3, r0, r2
10009a24:	2b0f      	cmp	r3, #15
10009a26:	ddda      	ble.n	100099de <_malloc_trim_r+0x4e>
10009a28:	f043 0301 	orr.w	r3, r3, #1
10009a2c:	4903      	ldr	r1, [pc, #12]	@ (10009a3c <_malloc_trim_r+0xac>)
10009a2e:	6053      	str	r3, [r2, #4]
10009a30:	4b03      	ldr	r3, [pc, #12]	@ (10009a40 <_malloc_trim_r+0xb0>)
10009a32:	681b      	ldr	r3, [r3, #0]
10009a34:	1ac0      	subs	r0, r0, r3
10009a36:	6008      	str	r0, [r1, #0]
10009a38:	e7d1      	b.n	100099de <_malloc_trim_r+0x4e>
10009a3a:	bf00      	nop
10009a3c:	20001b3c 	.word	0x20001b3c
10009a40:	200012c4 	.word	0x200012c4
10009a44:	200012d0 	.word	0x200012d0

10009a48 <_free_r>:
10009a48:	2900      	cmp	r1, #0
10009a4a:	d05a      	beq.n	10009b02 <_free_r+0xba>
10009a4c:	b5f8      	push	{r3, r4, r5, r6, r7, lr}
10009a4e:	460c      	mov	r4, r1
10009a50:	4607      	mov	r7, r0
10009a52:	f7fe fc41 	bl	100082d8 <__malloc_lock>
10009a56:	4d73      	ldr	r5, [pc, #460]	@ (10009c24 <_free_r+0x1dc>)
10009a58:	f854 cc04 	ldr.w	ip, [r4, #-4]
10009a5c:	f1a4 0208 	sub.w	r2, r4, #8
10009a60:	68a8      	ldr	r0, [r5, #8]
10009a62:	f02c 0301 	bic.w	r3, ip, #1
10009a66:	f00c 0e01 	and.w	lr, ip, #1
10009a6a:	18d1      	adds	r1, r2, r3
10009a6c:	684e      	ldr	r6, [r1, #4]
10009a6e:	4288      	cmp	r0, r1
10009a70:	f026 0603 	bic.w	r6, r6, #3
10009a74:	d07c      	beq.n	10009b70 <_free_r+0x128>
10009a76:	1988      	adds	r0, r1, r6
10009a78:	604e      	str	r6, [r1, #4]
10009a7a:	6840      	ldr	r0, [r0, #4]
10009a7c:	f000 0001 	and.w	r0, r0, #1
10009a80:	f1be 0f00 	cmp.w	lr, #0
10009a84:	d12e      	bne.n	10009ae4 <_free_r+0x9c>
10009a86:	f854 4c08 	ldr.w	r4, [r4, #-8]
10009a8a:	f105 0c08 	add.w	ip, r5, #8
10009a8e:	1b12      	subs	r2, r2, r4
10009a90:	4423      	add	r3, r4
10009a92:	6894      	ldr	r4, [r2, #8]
10009a94:	4564      	cmp	r4, ip
10009a96:	d060      	beq.n	10009b5a <_free_r+0x112>
10009a98:	f8d2 e00c 	ldr.w	lr, [r2, #12]
10009a9c:	f8c4 e00c 	str.w	lr, [r4, #12]
10009aa0:	f8ce 4008 	str.w	r4, [lr, #8]
10009aa4:	2800      	cmp	r0, #0
10009aa6:	d07d      	beq.n	10009ba4 <_free_r+0x15c>
10009aa8:	f043 0001 	orr.w	r0, r3, #1
10009aac:	6050      	str	r0, [r2, #4]
10009aae:	600b      	str	r3, [r1, #0]
10009ab0:	f5b3 7f00 	cmp.w	r3, #512	@ 0x200
10009ab4:	d22e      	bcs.n	10009b14 <_free_r+0xcc>
10009ab6:	0958      	lsrs	r0, r3, #5
10009ab8:	08d9      	lsrs	r1, r3, #3
10009aba:	2301      	movs	r3, #1
10009abc:	4083      	lsls	r3, r0
10009abe:	6868      	ldr	r0, [r5, #4]
10009ac0:	3101      	adds	r1, #1
10009ac2:	4303      	orrs	r3, r0
10009ac4:	f855 0031 	ldr.w	r0, [r5, r1, lsl #3]
10009ac8:	606b      	str	r3, [r5, #4]
10009aca:	eb05 03c1 	add.w	r3, r5, r1, lsl #3
10009ace:	3b08      	subs	r3, #8
10009ad0:	e9c2 0302 	strd	r0, r3, [r2, #8]
10009ad4:	f845 2031 	str.w	r2, [r5, r1, lsl #3]
10009ad8:	60c2      	str	r2, [r0, #12]
10009ada:	4638      	mov	r0, r7
10009adc:	e8bd 40f8 	ldmia.w	sp!, {r3, r4, r5, r6, r7, lr}
10009ae0:	f7fe bc00 	b.w	100082e4 <__malloc_unlock>
10009ae4:	b970      	cbnz	r0, 10009b04 <_free_r+0xbc>
10009ae6:	4433      	add	r3, r6
10009ae8:	f105 0c08 	add.w	ip, r5, #8
10009aec:	6888      	ldr	r0, [r1, #8]
10009aee:	f043 0401 	orr.w	r4, r3, #1
10009af2:	4560      	cmp	r0, ip
10009af4:	d06e      	beq.n	10009bd4 <_free_r+0x18c>
10009af6:	68c9      	ldr	r1, [r1, #12]
10009af8:	60c1      	str	r1, [r0, #12]
10009afa:	6088      	str	r0, [r1, #8]
10009afc:	6054      	str	r4, [r2, #4]
10009afe:	50d3      	str	r3, [r2, r3]
10009b00:	e7d6      	b.n	10009ab0 <_free_r+0x68>
10009b02:	4770      	bx	lr
10009b04:	f04c 0101 	orr.w	r1, ip, #1
10009b08:	f5b3 7f00 	cmp.w	r3, #512	@ 0x200
10009b0c:	f844 1c04 	str.w	r1, [r4, #-4]
10009b10:	50d3      	str	r3, [r2, r3]
10009b12:	d3d0      	bcc.n	10009ab6 <_free_r+0x6e>
10009b14:	f5b3 6f20 	cmp.w	r3, #2560	@ 0xa00
10009b18:	ea4f 2153 	mov.w	r1, r3, lsr #9
10009b1c:	d244      	bcs.n	10009ba8 <_free_r+0x160>
10009b1e:	0999      	lsrs	r1, r3, #6
10009b20:	f101 0039 	add.w	r0, r1, #57	@ 0x39
10009b24:	f101 0438 	add.w	r4, r1, #56	@ 0x38
10009b28:	00c1      	lsls	r1, r0, #3
10009b2a:	1868      	adds	r0, r5, r1
10009b2c:	5869      	ldr	r1, [r5, r1]
10009b2e:	3808      	subs	r0, #8
10009b30:	4288      	cmp	r0, r1
10009b32:	d103      	bne.n	10009b3c <_free_r+0xf4>
10009b34:	e055      	b.n	10009be2 <_free_r+0x19a>
10009b36:	6889      	ldr	r1, [r1, #8]
10009b38:	4288      	cmp	r0, r1
10009b3a:	d004      	beq.n	10009b46 <_free_r+0xfe>
10009b3c:	684c      	ldr	r4, [r1, #4]
10009b3e:	f024 0403 	bic.w	r4, r4, #3
10009b42:	429c      	cmp	r4, r3
10009b44:	d8f7      	bhi.n	10009b36 <_free_r+0xee>
10009b46:	68c8      	ldr	r0, [r1, #12]
10009b48:	e9c2 1002 	strd	r1, r0, [r2, #8]
10009b4c:	6082      	str	r2, [r0, #8]
10009b4e:	4638      	mov	r0, r7
10009b50:	60ca      	str	r2, [r1, #12]
10009b52:	e8bd 40f8 	ldmia.w	sp!, {r3, r4, r5, r6, r7, lr}
10009b56:	f7fe bbc5 	b.w	100082e4 <__malloc_unlock>
10009b5a:	bb80      	cbnz	r0, 10009bbe <_free_r+0x176>
10009b5c:	441e      	add	r6, r3
10009b5e:	e9d1 1302 	ldrd	r1, r3, [r1, #8]
10009b62:	60cb      	str	r3, [r1, #12]
10009b64:	6099      	str	r1, [r3, #8]
10009b66:	f046 0301 	orr.w	r3, r6, #1
10009b6a:	6053      	str	r3, [r2, #4]
10009b6c:	5196      	str	r6, [r2, r6]
10009b6e:	e7b4      	b.n	10009ada <_free_r+0x92>
10009b70:	441e      	add	r6, r3
10009b72:	f1be 0f00 	cmp.w	lr, #0
10009b76:	d107      	bne.n	10009b88 <_free_r+0x140>
10009b78:	f854 3c08 	ldr.w	r3, [r4, #-8]
10009b7c:	1ad2      	subs	r2, r2, r3
10009b7e:	441e      	add	r6, r3
10009b80:	e9d2 1302 	ldrd	r1, r3, [r2, #8]
10009b84:	60cb      	str	r3, [r1, #12]
10009b86:	6099      	str	r1, [r3, #8]
10009b88:	f046 0301 	orr.w	r3, r6, #1
10009b8c:	6053      	str	r3, [r2, #4]
10009b8e:	4b26      	ldr	r3, [pc, #152]	@ (10009c28 <_free_r+0x1e0>)
10009b90:	60aa      	str	r2, [r5, #8]
10009b92:	681b      	ldr	r3, [r3, #0]
10009b94:	42b3      	cmp	r3, r6
10009b96:	d8a0      	bhi.n	10009ada <_free_r+0x92>
10009b98:	4b24      	ldr	r3, [pc, #144]	@ (10009c2c <_free_r+0x1e4>)
10009b9a:	4638      	mov	r0, r7
10009b9c:	6819      	ldr	r1, [r3, #0]
10009b9e:	f7ff fef7 	bl	10009990 <_malloc_trim_r>
10009ba2:	e79a      	b.n	10009ada <_free_r+0x92>
10009ba4:	4433      	add	r3, r6
10009ba6:	e7a1      	b.n	10009aec <_free_r+0xa4>
10009ba8:	2914      	cmp	r1, #20
10009baa:	d90d      	bls.n	10009bc8 <_free_r+0x180>
10009bac:	2954      	cmp	r1, #84	@ 0x54
10009bae:	d81f      	bhi.n	10009bf0 <_free_r+0x1a8>
10009bb0:	0b19      	lsrs	r1, r3, #12
10009bb2:	f101 006f 	add.w	r0, r1, #111	@ 0x6f
10009bb6:	f101 046e 	add.w	r4, r1, #110	@ 0x6e
10009bba:	00c1      	lsls	r1, r0, #3
10009bbc:	e7b5      	b.n	10009b2a <_free_r+0xe2>
10009bbe:	f043 0001 	orr.w	r0, r3, #1
10009bc2:	6050      	str	r0, [r2, #4]
10009bc4:	600b      	str	r3, [r1, #0]
10009bc6:	e788      	b.n	10009ada <_free_r+0x92>
10009bc8:	f101 005c 	add.w	r0, r1, #92	@ 0x5c
10009bcc:	f101 045b 	add.w	r4, r1, #91	@ 0x5b
10009bd0:	00c1      	lsls	r1, r0, #3
10009bd2:	e7aa      	b.n	10009b2a <_free_r+0xe2>
10009bd4:	e9c5 2204 	strd	r2, r2, [r5, #16]
10009bd8:	e9c2 cc02 	strd	ip, ip, [r2, #8]
10009bdc:	6054      	str	r4, [r2, #4]
10009bde:	50d3      	str	r3, [r2, r3]
10009be0:	e77b      	b.n	10009ada <_free_r+0x92>
10009be2:	10a4      	asrs	r4, r4, #2
10009be4:	2301      	movs	r3, #1
10009be6:	40a3      	lsls	r3, r4
10009be8:	686c      	ldr	r4, [r5, #4]
10009bea:	4323      	orrs	r3, r4
10009bec:	606b      	str	r3, [r5, #4]
10009bee:	e7ab      	b.n	10009b48 <_free_r+0x100>
10009bf0:	f5b1 7faa 	cmp.w	r1, #340	@ 0x154
10009bf4:	d806      	bhi.n	10009c04 <_free_r+0x1bc>
10009bf6:	0bd9      	lsrs	r1, r3, #15
10009bf8:	f101 0078 	add.w	r0, r1, #120	@ 0x78
10009bfc:	f101 0477 	add.w	r4, r1, #119	@ 0x77
10009c00:	00c1      	lsls	r1, r0, #3
10009c02:	e792      	b.n	10009b2a <_free_r+0xe2>
10009c04:	f240 5054 	movw	r0, #1364	@ 0x554
10009c08:	4281      	cmp	r1, r0
10009c0a:	d806      	bhi.n	10009c1a <_free_r+0x1d2>
10009c0c:	0c99      	lsrs	r1, r3, #18
10009c0e:	f101 007d 	add.w	r0, r1, #125	@ 0x7d
10009c12:	f101 047c 	add.w	r4, r1, #124	@ 0x7c
10009c16:	00c1      	lsls	r1, r0, #3
10009c18:	e787      	b.n	10009b2a <_free_r+0xe2>
10009c1a:	f44f 717e 	mov.w	r1, #1016	@ 0x3f8
10009c1e:	247e      	movs	r4, #126	@ 0x7e
10009c20:	e783      	b.n	10009b2a <_free_r+0xe2>
10009c22:	bf00      	nop
10009c24:	200012d0 	.word	0x200012d0
10009c28:	200012c8 	.word	0x200012c8
10009c2c:	20001b6c 	.word	0x20001b6c

10009c30 <rshift>:
10009c30:	e92d 41f0 	stmdb	sp!, {r4, r5, r6, r7, r8, lr}
10009c34:	6904      	ldr	r4, [r0, #16]
10009c36:	ebb4 1f61 	cmp.w	r4, r1, asr #5
10009c3a:	dc05      	bgt.n	10009c48 <rshift+0x18>
10009c3c:	2300      	movs	r3, #0
10009c3e:	6103      	str	r3, [r0, #16]
10009c40:	2300      	movs	r3, #0
10009c42:	6143      	str	r3, [r0, #20]
10009c44:	e8bd 81f0 	ldmia.w	sp!, {r4, r5, r6, r7, r8, pc}
10009c48:	f100 0c14 	add.w	ip, r0, #20
10009c4c:	114e      	asrs	r6, r1, #5
10009c4e:	f011 0e1f 	ands.w	lr, r1, #31
10009c52:	eb0c 0584 	add.w	r5, ip, r4, lsl #2
10009c56:	eb0c 0386 	add.w	r3, ip, r6, lsl #2
10009c5a:	d023      	beq.n	10009ca4 <rshift+0x74>
10009c5c:	3304      	adds	r3, #4
10009c5e:	f85c 1026 	ldr.w	r1, [ip, r6, lsl #2]
10009c62:	f1ce 0820 	rsb	r8, lr, #32
10009c66:	429d      	cmp	r5, r3
10009c68:	fa21 f10e 	lsr.w	r1, r1, lr
10009c6c:	d930      	bls.n	10009cd0 <rshift+0xa0>
10009c6e:	4667      	mov	r7, ip
10009c70:	681a      	ldr	r2, [r3, #0]
10009c72:	fa02 f208 	lsl.w	r2, r2, r8
10009c76:	430a      	orrs	r2, r1
10009c78:	f847 2b04 	str.w	r2, [r7], #4
10009c7c:	f853 1b04 	ldr.w	r1, [r3], #4
10009c80:	429d      	cmp	r5, r3
10009c82:	fa21 f10e 	lsr.w	r1, r1, lr
10009c86:	d8f3      	bhi.n	10009c70 <rshift+0x40>
10009c88:	1ba3      	subs	r3, r4, r6
10009c8a:	f10c 0204 	add.w	r2, ip, #4
10009c8e:	009b      	lsls	r3, r3, #2
10009c90:	3b05      	subs	r3, #5
10009c92:	089c      	lsrs	r4, r3, #2
10009c94:	f023 0303 	bic.w	r3, r3, #3
10009c98:	f842 1024 	str.w	r1, [r2, r4, lsl #2]
10009c9c:	4413      	add	r3, r2
10009c9e:	b171      	cbz	r1, 10009cbe <rshift+0x8e>
10009ca0:	3304      	adds	r3, #4
10009ca2:	e00c      	b.n	10009cbe <rshift+0x8e>
10009ca4:	429d      	cmp	r5, r3
10009ca6:	d9c9      	bls.n	10009c3c <rshift+0xc>
10009ca8:	f100 0210 	add.w	r2, r0, #16
10009cac:	f853 1b04 	ldr.w	r1, [r3], #4
10009cb0:	429d      	cmp	r5, r3
10009cb2:	f842 1f04 	str.w	r1, [r2, #4]!
10009cb6:	d8f9      	bhi.n	10009cac <rshift+0x7c>
10009cb8:	1ba3      	subs	r3, r4, r6
10009cba:	eb0c 0383 	add.w	r3, ip, r3, lsl #2
10009cbe:	eba3 020c 	sub.w	r2, r3, ip
10009cc2:	4563      	cmp	r3, ip
10009cc4:	ea4f 02a2 	mov.w	r2, r2, asr #2
10009cc8:	6102      	str	r2, [r0, #16]
10009cca:	d0b9      	beq.n	10009c40 <rshift+0x10>
10009ccc:	e8bd 81f0 	ldmia.w	sp!, {r4, r5, r6, r7, r8, pc}
10009cd0:	6141      	str	r1, [r0, #20]
10009cd2:	2900      	cmp	r1, #0
10009cd4:	d0b2      	beq.n	10009c3c <rshift+0xc>
10009cd6:	4663      	mov	r3, ip
10009cd8:	e7e2      	b.n	10009ca0 <rshift+0x70>
10009cda:	bf00      	nop

10009cdc <__gethex>:
10009cdc:	e92d 4ff0 	stmdb	sp!, {r4, r5, r6, r7, r8, r9, sl, fp, lr}
10009ce0:	468a      	mov	sl, r1
10009ce2:	b085      	sub	sp, #20
10009ce4:	6809      	ldr	r1, [r1, #0]
10009ce6:	9303      	str	r3, [sp, #12]
10009ce8:	788b      	ldrb	r3, [r1, #2]
10009cea:	2b30      	cmp	r3, #48	@ 0x30
10009cec:	e9cd 2000 	strd	r2, r0, [sp]
10009cf0:	f040 81f8 	bne.w	1000a0e4 <__gethex+0x408>
10009cf4:	1cca      	adds	r2, r1, #3
10009cf6:	7813      	ldrb	r3, [r2, #0]
10009cf8:	4614      	mov	r4, r2
10009cfa:	3201      	adds	r2, #1
10009cfc:	2b30      	cmp	r3, #48	@ 0x30
10009cfe:	d0fa      	beq.n	10009cf6 <__gethex+0x1a>
10009d00:	eba4 0901 	sub.w	r9, r4, r1
10009d04:	f1a9 0902 	sub.w	r9, r9, #2
10009d08:	f8df 830c 	ldr.w	r8, [pc, #780]	@ 1000a018 <__gethex+0x33c>
10009d0c:	f818 3003 	ldrb.w	r3, [r8, r3]
10009d10:	2b00      	cmp	r3, #0
10009d12:	f000 80d3 	beq.w	10009ebc <__gethex+0x1e0>
10009d16:	7823      	ldrb	r3, [r4, #0]
10009d18:	2700      	movs	r7, #0
10009d1a:	f818 3003 	ldrb.w	r3, [r8, r3]
10009d1e:	463d      	mov	r5, r7
10009d20:	2b00      	cmp	r3, #0
10009d22:	f000 816a 	beq.w	10009ffa <__gethex+0x31e>
10009d26:	4626      	mov	r6, r4
10009d28:	f816 3f01 	ldrb.w	r3, [r6, #1]!
10009d2c:	f818 3003 	ldrb.w	r3, [r8, r3]
10009d30:	2b00      	cmp	r3, #0
10009d32:	d1f9      	bne.n	10009d28 <__gethex+0x4c>
10009d34:	2201      	movs	r2, #1
10009d36:	49b7      	ldr	r1, [pc, #732]	@ (1000a014 <__gethex+0x338>)
10009d38:	4630      	mov	r0, r6
10009d3a:	f7ff fd17 	bl	1000976c <strncmp>
10009d3e:	4683      	mov	fp, r0
10009d40:	2800      	cmp	r0, #0
10009d42:	d043      	beq.n	10009dcc <__gethex+0xf0>
10009d44:	7832      	ldrb	r2, [r6, #0]
10009d46:	2d00      	cmp	r5, #0
10009d48:	f000 81a2 	beq.w	1000a090 <__gethex+0x3b4>
10009d4c:	1bab      	subs	r3, r5, r6
10009d4e:	ea4f 0b83 	mov.w	fp, r3, lsl #2
10009d52:	f002 02df 	and.w	r2, r2, #223	@ 0xdf
10009d56:	4635      	mov	r5, r6
10009d58:	2a50      	cmp	r2, #80	@ 0x50
10009d5a:	d043      	beq.n	10009de4 <__gethex+0x108>
10009d5c:	f8ca 6000 	str.w	r6, [sl]
10009d60:	2f00      	cmp	r7, #0
10009d62:	d154      	bne.n	10009e0e <__gethex+0x132>
10009d64:	1b2a      	subs	r2, r5, r4
10009d66:	4639      	mov	r1, r7
10009d68:	3a01      	subs	r2, #1
10009d6a:	2a07      	cmp	r2, #7
10009d6c:	dd03      	ble.n	10009d76 <__gethex+0x9a>
10009d6e:	1052      	asrs	r2, r2, #1
10009d70:	3101      	adds	r1, #1
10009d72:	2a07      	cmp	r2, #7
10009d74:	dcfb      	bgt.n	10009d6e <__gethex+0x92>
10009d76:	9801      	ldr	r0, [sp, #4]
10009d78:	f000 fbc6 	bl	1000a508 <_Balloc>
10009d7c:	4682      	mov	sl, r0
10009d7e:	2800      	cmp	r0, #0
10009d80:	f000 82a5 	beq.w	1000a2ce <__gethex+0x5f2>
10009d84:	f100 0614 	add.w	r6, r0, #20
10009d88:	42ac      	cmp	r4, r5
10009d8a:	9602      	str	r6, [sp, #8]
10009d8c:	f080 81e3 	bcs.w	1000a156 <__gethex+0x47a>
10009d90:	2700      	movs	r7, #0
10009d92:	46b9      	mov	r9, r7
10009d94:	e00c      	b.n	10009db0 <__gethex+0xd4>
10009d96:	463a      	mov	r2, r7
10009d98:	3704      	adds	r7, #4
10009d9a:	782b      	ldrb	r3, [r5, #0]
10009d9c:	42a5      	cmp	r5, r4
10009d9e:	f818 3003 	ldrb.w	r3, [r8, r3]
10009da2:	f003 030f 	and.w	r3, r3, #15
10009da6:	fa03 f302 	lsl.w	r3, r3, r2
10009daa:	ea49 0903 	orr.w	r9, r9, r3
10009dae:	d040      	beq.n	10009e32 <__gethex+0x156>
10009db0:	f815 3d01 	ldrb.w	r3, [r5, #-1]!
10009db4:	2b2e      	cmp	r3, #46	@ 0x2e
10009db6:	d101      	bne.n	10009dbc <__gethex+0xe0>
10009db8:	42a5      	cmp	r5, r4
10009dba:	d231      	bcs.n	10009e20 <__gethex+0x144>
10009dbc:	2f20      	cmp	r7, #32
10009dbe:	d1ea      	bne.n	10009d96 <__gethex+0xba>
10009dc0:	2200      	movs	r2, #0
10009dc2:	f846 9b04 	str.w	r9, [r6], #4
10009dc6:	2704      	movs	r7, #4
10009dc8:	4691      	mov	r9, r2
10009dca:	e7e6      	b.n	10009d9a <__gethex+0xbe>
10009dcc:	2d00      	cmp	r5, #0
10009dce:	f000 817a 	beq.w	1000a0c6 <__gethex+0x3ea>
10009dd2:	7832      	ldrb	r2, [r6, #0]
10009dd4:	1bab      	subs	r3, r5, r6
10009dd6:	4635      	mov	r5, r6
10009dd8:	f002 02df 	and.w	r2, r2, #223	@ 0xdf
10009ddc:	ea4f 0b83 	mov.w	fp, r3, lsl #2
10009de0:	2a50      	cmp	r2, #80	@ 0x50
10009de2:	d1bb      	bne.n	10009d5c <__gethex+0x80>
10009de4:	786a      	ldrb	r2, [r5, #1]
10009de6:	2a2b      	cmp	r2, #43	@ 0x2b
10009de8:	f000 8150 	beq.w	1000a08c <__gethex+0x3b0>
10009dec:	2a2d      	cmp	r2, #45	@ 0x2d
10009dee:	f040 80d6 	bne.w	10009f9e <__gethex+0x2c2>
10009df2:	2001      	movs	r0, #1
10009df4:	78aa      	ldrb	r2, [r5, #2]
10009df6:	1cae      	adds	r6, r5, #2
10009df8:	f818 1002 	ldrb.w	r1, [r8, r2]
10009dfc:	1e4a      	subs	r2, r1, #1
10009dfe:	2a18      	cmp	r2, #24
10009e00:	f240 80d5 	bls.w	10009fae <__gethex+0x2d2>
10009e04:	462e      	mov	r6, r5
10009e06:	f8ca 6000 	str.w	r6, [sl]
10009e0a:	2f00      	cmp	r7, #0
10009e0c:	d0aa      	beq.n	10009d64 <__gethex+0x88>
10009e0e:	f1b9 0f00 	cmp.w	r9, #0
10009e12:	bf0c      	ite	eq
10009e14:	2406      	moveq	r4, #6
10009e16:	2400      	movne	r4, #0
10009e18:	4620      	mov	r0, r4
10009e1a:	b005      	add	sp, #20
10009e1c:	e8bd 8ff0 	ldmia.w	sp!, {r4, r5, r6, r7, r8, r9, sl, fp, pc}
10009e20:	2201      	movs	r2, #1
10009e22:	497c      	ldr	r1, [pc, #496]	@ (1000a014 <__gethex+0x338>)
10009e24:	4628      	mov	r0, r5
10009e26:	f7ff fca1 	bl	1000976c <strncmp>
10009e2a:	2800      	cmp	r0, #0
10009e2c:	d1c6      	bne.n	10009dbc <__gethex+0xe0>
10009e2e:	42a5      	cmp	r5, r4
10009e30:	d1be      	bne.n	10009db0 <__gethex+0xd4>
10009e32:	9b02      	ldr	r3, [sp, #8]
10009e34:	4648      	mov	r0, r9
10009e36:	f846 9b04 	str.w	r9, [r6], #4
10009e3a:	1af6      	subs	r6, r6, r3
10009e3c:	10b6      	asrs	r6, r6, #2
10009e3e:	f8ca 6010 	str.w	r6, [sl, #16]
10009e42:	0176      	lsls	r6, r6, #5
10009e44:	f000 fc3a 	bl	1000a6bc <__hi0bits>
10009e48:	9b00      	ldr	r3, [sp, #0]
10009e4a:	1a36      	subs	r6, r6, r0
10009e4c:	681d      	ldr	r5, [r3, #0]
10009e4e:	42ae      	cmp	r6, r5
10009e50:	dc57      	bgt.n	10009f02 <__gethex+0x226>
10009e52:	f2c0 811f 	blt.w	1000a094 <__gethex+0x3b8>
10009e56:	9b00      	ldr	r3, [sp, #0]
10009e58:	689a      	ldr	r2, [r3, #8]
10009e5a:	455a      	cmp	r2, fp
10009e5c:	f2c0 810d 	blt.w	1000a07a <__gethex+0x39e>
10009e60:	685a      	ldr	r2, [r3, #4]
10009e62:	4593      	cmp	fp, r2
10009e64:	f280 80be 	bge.w	10009fe4 <__gethex+0x308>
10009e68:	eba2 0b0b 	sub.w	fp, r2, fp
10009e6c:	45ab      	cmp	fp, r5
10009e6e:	da73      	bge.n	10009f58 <__gethex+0x27c>
10009e70:	f10b 36ff 	add.w	r6, fp, #4294967295
10009e74:	2e00      	cmp	r6, #0
10009e76:	f040 8181 	bne.w	1000a17c <__gethex+0x4a0>
10009e7a:	4637      	mov	r7, r6
10009e7c:	1173      	asrs	r3, r6, #5
10009e7e:	9a02      	ldr	r2, [sp, #8]
10009e80:	f006 061f 	and.w	r6, r6, #31
10009e84:	eba5 050b 	sub.w	r5, r5, fp
10009e88:	f852 2023 	ldr.w	r2, [r2, r3, lsl #2]
10009e8c:	2301      	movs	r3, #1
10009e8e:	4659      	mov	r1, fp
10009e90:	4650      	mov	r0, sl
10009e92:	40b3      	lsls	r3, r6
10009e94:	4213      	tst	r3, r2
10009e96:	f000 8180 	beq.w	1000a19a <__gethex+0x4be>
10009e9a:	f7ff fec9 	bl	10009c30 <rshift>
10009e9e:	9b00      	ldr	r3, [sp, #0]
10009ea0:	68dc      	ldr	r4, [r3, #12]
10009ea2:	f8d3 b004 	ldr.w	fp, [r3, #4]
10009ea6:	2c02      	cmp	r4, #2
10009ea8:	f000 812f 	beq.w	1000a10a <__gethex+0x42e>
10009eac:	2c03      	cmp	r4, #3
10009eae:	f000 818f 	beq.w	1000a1d0 <__gethex+0x4f4>
10009eb2:	2c01      	cmp	r4, #1
10009eb4:	f000 8188 	beq.w	1000a1c8 <__gethex+0x4ec>
10009eb8:	2412      	movs	r4, #18
10009eba:	e094      	b.n	10009fe6 <__gethex+0x30a>
10009ebc:	2201      	movs	r2, #1
10009ebe:	4955      	ldr	r1, [pc, #340]	@ (1000a014 <__gethex+0x338>)
10009ec0:	4620      	mov	r0, r4
10009ec2:	f7ff fc53 	bl	1000976c <strncmp>
10009ec6:	4607      	mov	r7, r0
10009ec8:	2800      	cmp	r0, #0
10009eca:	f040 8098 	bne.w	10009ffe <__gethex+0x322>
10009ece:	7863      	ldrb	r3, [r4, #1]
10009ed0:	1c65      	adds	r5, r4, #1
10009ed2:	f818 2003 	ldrb.w	r2, [r8, r3]
10009ed6:	2a00      	cmp	r2, #0
10009ed8:	f000 8093 	beq.w	1000a002 <__gethex+0x326>
10009edc:	2b30      	cmp	r3, #48	@ 0x30
10009ede:	462c      	mov	r4, r5
10009ee0:	f040 8178 	bne.w	1000a1d4 <__gethex+0x4f8>
10009ee4:	f814 3f01 	ldrb.w	r3, [r4, #1]!
10009ee8:	2b30      	cmp	r3, #48	@ 0x30
10009eea:	d0fb      	beq.n	10009ee4 <__gethex+0x208>
10009eec:	f818 3003 	ldrb.w	r3, [r8, r3]
10009ef0:	f04f 0901 	mov.w	r9, #1
10009ef4:	fab3 f783 	clz	r7, r3
10009ef8:	097f      	lsrs	r7, r7, #5
10009efa:	2b00      	cmp	r3, #0
10009efc:	f47f af13 	bne.w	10009d26 <__gethex+0x4a>
10009f00:	e07b      	b.n	10009ffa <__gethex+0x31e>
10009f02:	1b76      	subs	r6, r6, r5
10009f04:	4650      	mov	r0, sl
10009f06:	4631      	mov	r1, r6
10009f08:	f001 f810 	bl	1000af2c <__any_on>
10009f0c:	4607      	mov	r7, r0
10009f0e:	b178      	cbz	r0, 10009f30 <__gethex+0x254>
10009f10:	1e71      	subs	r1, r6, #1
10009f12:	9b02      	ldr	r3, [sp, #8]
10009f14:	2701      	movs	r7, #1
10009f16:	114a      	asrs	r2, r1, #5
10009f18:	f853 0022 	ldr.w	r0, [r3, r2, lsl #2]
10009f1c:	f001 021f 	and.w	r2, r1, #31
10009f20:	fa07 f202 	lsl.w	r2, r7, r2
10009f24:	4202      	tst	r2, r0
10009f26:	d003      	beq.n	10009f30 <__gethex+0x254>
10009f28:	42b9      	cmp	r1, r7
10009f2a:	f300 812d 	bgt.w	1000a188 <__gethex+0x4ac>
10009f2e:	2702      	movs	r7, #2
10009f30:	4631      	mov	r1, r6
10009f32:	4650      	mov	r0, sl
10009f34:	f7ff fe7c 	bl	10009c30 <rshift>
10009f38:	9b00      	ldr	r3, [sp, #0]
10009f3a:	44b3      	add	fp, r6
10009f3c:	689a      	ldr	r2, [r3, #8]
10009f3e:	455a      	cmp	r2, fp
10009f40:	f2c0 809b 	blt.w	1000a07a <__gethex+0x39e>
10009f44:	9b00      	ldr	r3, [sp, #0]
10009f46:	685a      	ldr	r2, [r3, #4]
10009f48:	455a      	cmp	r2, fp
10009f4a:	f340 80cf 	ble.w	1000a0ec <__gethex+0x410>
10009f4e:	eba2 0b0b 	sub.w	fp, r2, fp
10009f52:	455d      	cmp	r5, fp
10009f54:	f300 8103 	bgt.w	1000a15e <__gethex+0x482>
10009f58:	9b00      	ldr	r3, [sp, #0]
10009f5a:	68db      	ldr	r3, [r3, #12]
10009f5c:	2b02      	cmp	r3, #2
10009f5e:	d05d      	beq.n	1000a01c <__gethex+0x340>
10009f60:	2b03      	cmp	r3, #3
10009f62:	f000 8125 	beq.w	1000a1b0 <__gethex+0x4d4>
10009f66:	2b01      	cmp	r3, #1
10009f68:	d15b      	bne.n	1000a022 <__gethex+0x346>
10009f6a:	45ab      	cmp	fp, r5
10009f6c:	d159      	bne.n	1000a022 <__gethex+0x346>
10009f6e:	f1bb 0f01 	cmp.w	fp, #1
10009f72:	d008      	beq.n	10009f86 <__gethex+0x2aa>
10009f74:	f10b 31ff 	add.w	r1, fp, #4294967295
10009f78:	4650      	mov	r0, sl
10009f7a:	f000 ffd7 	bl	1000af2c <__any_on>
10009f7e:	2800      	cmp	r0, #0
10009f80:	d04f      	beq.n	1000a022 <__gethex+0x346>
10009f82:	9b00      	ldr	r3, [sp, #0]
10009f84:	685a      	ldr	r2, [r3, #4]
10009f86:	9903      	ldr	r1, [sp, #12]
10009f88:	2301      	movs	r3, #1
10009f8a:	2462      	movs	r4, #98	@ 0x62
10009f8c:	600a      	str	r2, [r1, #0]
10009f8e:	9a02      	ldr	r2, [sp, #8]
10009f90:	f8ca 3010 	str.w	r3, [sl, #16]
10009f94:	6013      	str	r3, [r2, #0]
10009f96:	9b0e      	ldr	r3, [sp, #56]	@ 0x38
10009f98:	f8c3 a000 	str.w	sl, [r3]
10009f9c:	e73c      	b.n	10009e18 <__gethex+0x13c>
10009f9e:	f818 1002 	ldrb.w	r1, [r8, r2]
10009fa2:	1c6e      	adds	r6, r5, #1
10009fa4:	2000      	movs	r0, #0
10009fa6:	1e4a      	subs	r2, r1, #1
10009fa8:	2a18      	cmp	r2, #24
10009faa:	f63f af2b 	bhi.w	10009e04 <__gethex+0x128>
10009fae:	7872      	ldrb	r2, [r6, #1]
10009fb0:	3910      	subs	r1, #16
10009fb2:	3601      	adds	r6, #1
10009fb4:	f818 2002 	ldrb.w	r2, [r8, r2]
10009fb8:	f102 3cff 	add.w	ip, r2, #4294967295
10009fbc:	f1bc 0f18 	cmp.w	ip, #24
10009fc0:	d80c      	bhi.n	10009fdc <__gethex+0x300>
10009fc2:	eb01 0181 	add.w	r1, r1, r1, lsl #2
10009fc6:	f816 3f01 	ldrb.w	r3, [r6, #1]!
10009fca:	eb02 0241 	add.w	r2, r2, r1, lsl #1
10009fce:	f1a2 0110 	sub.w	r1, r2, #16
10009fd2:	f818 2003 	ldrb.w	r2, [r8, r3]
10009fd6:	1e53      	subs	r3, r2, #1
10009fd8:	2b18      	cmp	r3, #24
10009fda:	d9f2      	bls.n	10009fc2 <__gethex+0x2e6>
10009fdc:	b100      	cbz	r0, 10009fe0 <__gethex+0x304>
10009fde:	4249      	negs	r1, r1
10009fe0:	448b      	add	fp, r1
10009fe2:	e6bb      	b.n	10009d5c <__gethex+0x80>
10009fe4:	2401      	movs	r4, #1
10009fe6:	9b0e      	ldr	r3, [sp, #56]	@ 0x38
10009fe8:	4620      	mov	r0, r4
10009fea:	f8c3 a000 	str.w	sl, [r3]
10009fee:	9b03      	ldr	r3, [sp, #12]
10009ff0:	f8c3 b000 	str.w	fp, [r3]
10009ff4:	b005      	add	sp, #20
10009ff6:	e8bd 8ff0 	ldmia.w	sp!, {r4, r5, r6, r7, r8, r9, sl, fp, pc}
10009ffa:	4626      	mov	r6, r4
10009ffc:	e69a      	b.n	10009d34 <__gethex+0x58>
10009ffe:	7823      	ldrb	r3, [r4, #0]
1000a000:	4625      	mov	r5, r4
1000a002:	f003 03df 	and.w	r3, r3, #223	@ 0xdf
1000a006:	2b50      	cmp	r3, #80	@ 0x50
1000a008:	f000 80ce 	beq.w	1000a1a8 <__gethex+0x4cc>
1000a00c:	f8ca 5000 	str.w	r5, [sl]
1000a010:	e6fd      	b.n	10009e0e <__gethex+0x132>
1000a012:	bf00      	nop
1000a014:	1000bb28 	.word	0x1000bb28
1000a018:	1000c59c 	.word	0x1000c59c
1000a01c:	9b0f      	ldr	r3, [sp, #60]	@ 0x3c
1000a01e:	2b00      	cmp	r3, #0
1000a020:	d0b1      	beq.n	10009f86 <__gethex+0x2aa>
1000a022:	2450      	movs	r4, #80	@ 0x50
1000a024:	9801      	ldr	r0, [sp, #4]
1000a026:	4651      	mov	r1, sl
1000a028:	f000 fa94 	bl	1000a554 <_Bfree>
1000a02c:	2300      	movs	r3, #0
1000a02e:	9a0e      	ldr	r2, [sp, #56]	@ 0x38
1000a030:	4620      	mov	r0, r4
1000a032:	6013      	str	r3, [r2, #0]
1000a034:	b005      	add	sp, #20
1000a036:	e8bd 8ff0 	ldmia.w	sp!, {r4, r5, r6, r7, r8, r9, sl, fp, pc}
1000a03a:	f8da 2008 	ldr.w	r2, [sl, #8]
1000a03e:	4297      	cmp	r7, r2
1000a040:	f280 80cb 	bge.w	1000a1da <__gethex+0x4fe>
1000a044:	1c7a      	adds	r2, r7, #1
1000a046:	2101      	movs	r1, #1
1000a048:	eb0a 0787 	add.w	r7, sl, r7, lsl #2
1000a04c:	2c02      	cmp	r4, #2
1000a04e:	f8ca 2010 	str.w	r2, [sl, #16]
1000a052:	f8dd 8008 	ldr.w	r8, [sp, #8]
1000a056:	6179      	str	r1, [r7, #20]
1000a058:	f000 80af 	beq.w	1000a1ba <__gethex+0x4de>
1000a05c:	2a00      	cmp	r2, #0
1000a05e:	f300 80e2 	bgt.w	1000a226 <__gethex+0x54a>
1000a062:	2200      	movs	r2, #0
1000a064:	f8ca 2010 	str.w	r2, [sl, #16]
1000a068:	2200      	movs	r2, #0
1000a06a:	f8ca 2014 	str.w	r2, [sl, #20]
1000a06e:	9b00      	ldr	r3, [sp, #0]
1000a070:	f10b 0b01 	add.w	fp, fp, #1
1000a074:	689a      	ldr	r2, [r3, #8]
1000a076:	455a      	cmp	r2, fp
1000a078:	da6b      	bge.n	1000a152 <__gethex+0x476>
1000a07a:	4651      	mov	r1, sl
1000a07c:	9801      	ldr	r0, [sp, #4]
1000a07e:	f000 fa69 	bl	1000a554 <_Bfree>
1000a082:	2300      	movs	r3, #0
1000a084:	9a0e      	ldr	r2, [sp, #56]	@ 0x38
1000a086:	24a3      	movs	r4, #163	@ 0xa3
1000a088:	6013      	str	r3, [r2, #0]
1000a08a:	e6c5      	b.n	10009e18 <__gethex+0x13c>
1000a08c:	2000      	movs	r0, #0
1000a08e:	e6b1      	b.n	10009df4 <__gethex+0x118>
1000a090:	46ab      	mov	fp, r5
1000a092:	e65e      	b.n	10009d52 <__gethex+0x76>
1000a094:	1bae      	subs	r6, r5, r6
1000a096:	4651      	mov	r1, sl
1000a098:	9801      	ldr	r0, [sp, #4]
1000a09a:	4632      	mov	r2, r6
1000a09c:	ebab 0b06 	sub.w	fp, fp, r6
1000a0a0:	f000 fcb8 	bl	1000aa14 <__lshift>
1000a0a4:	9b00      	ldr	r3, [sp, #0]
1000a0a6:	4682      	mov	sl, r0
1000a0a8:	689a      	ldr	r2, [r3, #8]
1000a0aa:	4593      	cmp	fp, r2
1000a0ac:	dce5      	bgt.n	1000a07a <__gethex+0x39e>
1000a0ae:	685a      	ldr	r2, [r3, #4]
1000a0b0:	4593      	cmp	fp, r2
1000a0b2:	da97      	bge.n	10009fe4 <__gethex+0x308>
1000a0b4:	eba2 0b0b 	sub.w	fp, r2, fp
1000a0b8:	f100 0314 	add.w	r3, r0, #20
1000a0bc:	45ab      	cmp	fp, r5
1000a0be:	9302      	str	r3, [sp, #8]
1000a0c0:	f6bf af4a 	bge.w	10009f58 <__gethex+0x27c>
1000a0c4:	e6d4      	b.n	10009e70 <__gethex+0x194>
1000a0c6:	7872      	ldrb	r2, [r6, #1]
1000a0c8:	1c75      	adds	r5, r6, #1
1000a0ca:	f818 1002 	ldrb.w	r1, [r8, r2]
1000a0ce:	462e      	mov	r6, r5
1000a0d0:	2900      	cmp	r1, #0
1000a0d2:	f43f ae3e 	beq.w	10009d52 <__gethex+0x76>
1000a0d6:	f816 2f01 	ldrb.w	r2, [r6, #1]!
1000a0da:	f818 3002 	ldrb.w	r3, [r8, r2]
1000a0de:	2b00      	cmp	r3, #0
1000a0e0:	d1f9      	bne.n	1000a0d6 <__gethex+0x3fa>
1000a0e2:	e633      	b.n	10009d4c <__gethex+0x70>
1000a0e4:	1c8c      	adds	r4, r1, #2
1000a0e6:	f04f 0900 	mov.w	r9, #0
1000a0ea:	e60d      	b.n	10009d08 <__gethex+0x2c>
1000a0ec:	2401      	movs	r4, #1
1000a0ee:	2f00      	cmp	r7, #0
1000a0f0:	f43f af79 	beq.w	10009fe6 <__gethex+0x30a>
1000a0f4:	9b00      	ldr	r3, [sp, #0]
1000a0f6:	68da      	ldr	r2, [r3, #12]
1000a0f8:	2a02      	cmp	r2, #2
1000a0fa:	d006      	beq.n	1000a10a <__gethex+0x42e>
1000a0fc:	2a03      	cmp	r2, #3
1000a0fe:	d008      	beq.n	1000a112 <__gethex+0x436>
1000a100:	2a01      	cmp	r2, #1
1000a102:	d033      	beq.n	1000a16c <__gethex+0x490>
1000a104:	f044 0410 	orr.w	r4, r4, #16
1000a108:	e76d      	b.n	10009fe6 <__gethex+0x30a>
1000a10a:	9b0f      	ldr	r3, [sp, #60]	@ 0x3c
1000a10c:	f1c3 0301 	rsb	r3, r3, #1
1000a110:	930f      	str	r3, [sp, #60]	@ 0x3c
1000a112:	9b0f      	ldr	r3, [sp, #60]	@ 0x3c
1000a114:	2b00      	cmp	r3, #0
1000a116:	d0f5      	beq.n	1000a104 <__gethex+0x428>
1000a118:	9b02      	ldr	r3, [sp, #8]
1000a11a:	2600      	movs	r6, #0
1000a11c:	f8da 7010 	ldr.w	r7, [sl, #16]
1000a120:	4698      	mov	r8, r3
1000a122:	461a      	mov	r2, r3
1000a124:	ea4f 0987 	mov.w	r9, r7, lsl #2
1000a128:	eb03 0087 	add.w	r0, r3, r7, lsl #2
1000a12c:	e003      	b.n	1000a136 <__gethex+0x45a>
1000a12e:	4290      	cmp	r0, r2
1000a130:	f842 6c04 	str.w	r6, [r2, #-4]
1000a134:	d981      	bls.n	1000a03a <__gethex+0x35e>
1000a136:	4694      	mov	ip, r2
1000a138:	f852 1b04 	ldr.w	r1, [r2], #4
1000a13c:	1c4b      	adds	r3, r1, #1
1000a13e:	d0f6      	beq.n	1000a12e <__gethex+0x452>
1000a140:	3101      	adds	r1, #1
1000a142:	2c02      	cmp	r4, #2
1000a144:	f8cc 1000 	str.w	r1, [ip]
1000a148:	d037      	beq.n	1000a1ba <__gethex+0x4de>
1000a14a:	f015 051f 	ands.w	r5, r5, #31
1000a14e:	f040 8097 	bne.w	1000a280 <__gethex+0x5a4>
1000a152:	2421      	movs	r4, #33	@ 0x21
1000a154:	e747      	b.n	10009fe6 <__gethex+0x30a>
1000a156:	9e02      	ldr	r6, [sp, #8]
1000a158:	f04f 0900 	mov.w	r9, #0
1000a15c:	e669      	b.n	10009e32 <__gethex+0x156>
1000a15e:	f10b 36ff 	add.w	r6, fp, #4294967295
1000a162:	2f00      	cmp	r7, #0
1000a164:	f43f ae86 	beq.w	10009e74 <__gethex+0x198>
1000a168:	2701      	movs	r7, #1
1000a16a:	e687      	b.n	10009e7c <__gethex+0x1a0>
1000a16c:	07b9      	lsls	r1, r7, #30
1000a16e:	d5c9      	bpl.n	1000a104 <__gethex+0x428>
1000a170:	9b02      	ldr	r3, [sp, #8]
1000a172:	681a      	ldr	r2, [r3, #0]
1000a174:	4317      	orrs	r7, r2
1000a176:	07fa      	lsls	r2, r7, #31
1000a178:	d4ce      	bmi.n	1000a118 <__gethex+0x43c>
1000a17a:	e7c3      	b.n	1000a104 <__gethex+0x428>
1000a17c:	4631      	mov	r1, r6
1000a17e:	4650      	mov	r0, sl
1000a180:	f000 fed4 	bl	1000af2c <__any_on>
1000a184:	4607      	mov	r7, r0
1000a186:	e679      	b.n	10009e7c <__gethex+0x1a0>
1000a188:	1eb1      	subs	r1, r6, #2
1000a18a:	4650      	mov	r0, sl
1000a18c:	f000 fece 	bl	1000af2c <__any_on>
1000a190:	2800      	cmp	r0, #0
1000a192:	f43f aecc 	beq.w	10009f2e <__gethex+0x252>
1000a196:	2703      	movs	r7, #3
1000a198:	e6ca      	b.n	10009f30 <__gethex+0x254>
1000a19a:	f7ff fd49 	bl	10009c30 <rshift>
1000a19e:	9b00      	ldr	r3, [sp, #0]
1000a1a0:	2402      	movs	r4, #2
1000a1a2:	f8d3 b004 	ldr.w	fp, [r3, #4]
1000a1a6:	e7a2      	b.n	1000a0ee <__gethex+0x412>
1000a1a8:	f04f 0b00 	mov.w	fp, #0
1000a1ac:	2701      	movs	r7, #1
1000a1ae:	e619      	b.n	10009de4 <__gethex+0x108>
1000a1b0:	9b0f      	ldr	r3, [sp, #60]	@ 0x3c
1000a1b2:	2b00      	cmp	r3, #0
1000a1b4:	f47f aee7 	bne.w	10009f86 <__gethex+0x2aa>
1000a1b8:	e733      	b.n	1000a022 <__gethex+0x346>
1000a1ba:	9b00      	ldr	r3, [sp, #0]
1000a1bc:	681a      	ldr	r2, [r3, #0]
1000a1be:	3a01      	subs	r2, #1
1000a1c0:	42aa      	cmp	r2, r5
1000a1c2:	d06a      	beq.n	1000a29a <__gethex+0x5be>
1000a1c4:	2422      	movs	r4, #34	@ 0x22
1000a1c6:	e70e      	b.n	10009fe6 <__gethex+0x30a>
1000a1c8:	f047 0702 	orr.w	r7, r7, #2
1000a1cc:	2402      	movs	r4, #2
1000a1ce:	e7cf      	b.n	1000a170 <__gethex+0x494>
1000a1d0:	2402      	movs	r4, #2
1000a1d2:	e79e      	b.n	1000a112 <__gethex+0x436>
1000a1d4:	f04f 0901 	mov.w	r9, #1
1000a1d8:	e5a5      	b.n	10009d26 <__gethex+0x4a>
1000a1da:	f8da 1004 	ldr.w	r1, [sl, #4]
1000a1de:	9801      	ldr	r0, [sp, #4]
1000a1e0:	3101      	adds	r1, #1
1000a1e2:	f000 f991 	bl	1000a508 <_Balloc>
1000a1e6:	4606      	mov	r6, r0
1000a1e8:	2800      	cmp	r0, #0
1000a1ea:	d06a      	beq.n	1000a2c2 <__gethex+0x5e6>
1000a1ec:	f8da 2010 	ldr.w	r2, [sl, #16]
1000a1f0:	f10a 010c 	add.w	r1, sl, #12
1000a1f4:	300c      	adds	r0, #12
1000a1f6:	f106 0814 	add.w	r8, r6, #20
1000a1fa:	3202      	adds	r2, #2
1000a1fc:	0092      	lsls	r2, r2, #2
1000a1fe:	f7ff fb19 	bl	10009834 <memcpy>
1000a202:	4651      	mov	r1, sl
1000a204:	9801      	ldr	r0, [sp, #4]
1000a206:	46b2      	mov	sl, r6
1000a208:	f000 f9a4 	bl	1000a554 <_Bfree>
1000a20c:	6931      	ldr	r1, [r6, #16]
1000a20e:	2001      	movs	r0, #1
1000a210:	2c02      	cmp	r4, #2
1000a212:	eb01 0200 	add.w	r2, r1, r0
1000a216:	eb06 0181 	add.w	r1, r6, r1, lsl #2
1000a21a:	6132      	str	r2, [r6, #16]
1000a21c:	6148      	str	r0, [r1, #20]
1000a21e:	d0cc      	beq.n	1000a1ba <__gethex+0x4de>
1000a220:	4297      	cmp	r7, r2
1000a222:	da92      	bge.n	1000a14a <__gethex+0x46e>
1000a224:	e71a      	b.n	1000a05c <__gethex+0x380>
1000a226:	eb08 0482 	add.w	r4, r8, r2, lsl #2
1000a22a:	f10a 0018 	add.w	r0, sl, #24
1000a22e:	f8da 2014 	ldr.w	r2, [sl, #20]
1000a232:	4284      	cmp	r4, r0
1000a234:	ea4f 0252 	mov.w	r2, r2, lsr #1
1000a238:	d93b      	bls.n	1000a2b2 <__gethex+0x5d6>
1000a23a:	4645      	mov	r5, r8
1000a23c:	6803      	ldr	r3, [r0, #0]
1000a23e:	ea42 72c3 	orr.w	r2, r2, r3, lsl #31
1000a242:	f845 2b04 	str.w	r2, [r5], #4
1000a246:	f850 2b04 	ldr.w	r2, [r0], #4
1000a24a:	4284      	cmp	r4, r0
1000a24c:	ea4f 0252 	mov.w	r2, r2, lsr #1
1000a250:	d8f4      	bhi.n	1000a23c <__gethex+0x560>
1000a252:	eba4 010a 	sub.w	r1, r4, sl
1000a256:	f108 0004 	add.w	r0, r8, #4
1000a25a:	3919      	subs	r1, #25
1000a25c:	088c      	lsrs	r4, r1, #2
1000a25e:	f021 0103 	bic.w	r1, r1, #3
1000a262:	f840 2024 	str.w	r2, [r0, r4, lsl #2]
1000a266:	4401      	add	r1, r0
1000a268:	b102      	cbz	r2, 1000a26c <__gethex+0x590>
1000a26a:	3104      	adds	r1, #4
1000a26c:	eba1 0208 	sub.w	r2, r1, r8
1000a270:	4541      	cmp	r1, r8
1000a272:	ea4f 02a2 	mov.w	r2, r2, asr #2
1000a276:	f8ca 2010 	str.w	r2, [sl, #16]
1000a27a:	f47f aef8 	bne.w	1000a06e <__gethex+0x392>
1000a27e:	e6f3      	b.n	1000a068 <__gethex+0x38c>
1000a280:	44c1      	add	r9, r8
1000a282:	f1c5 0520 	rsb	r5, r5, #32
1000a286:	f859 0c04 	ldr.w	r0, [r9, #-4]
1000a28a:	f000 fa17 	bl	1000a6bc <__hi0bits>
1000a28e:	42a8      	cmp	r0, r5
1000a290:	f6bf af5f 	bge.w	1000a152 <__gethex+0x476>
1000a294:	f8da 2010 	ldr.w	r2, [sl, #16]
1000a298:	e6e0      	b.n	1000a05c <__gethex+0x380>
1000a29a:	116a      	asrs	r2, r5, #5
1000a29c:	f005 051f 	and.w	r5, r5, #31
1000a2a0:	f858 1022 	ldr.w	r1, [r8, r2, lsl #2]
1000a2a4:	2201      	movs	r2, #1
1000a2a6:	40aa      	lsls	r2, r5
1000a2a8:	420a      	tst	r2, r1
1000a2aa:	bf14      	ite	ne
1000a2ac:	2421      	movne	r4, #33	@ 0x21
1000a2ae:	2422      	moveq	r4, #34	@ 0x22
1000a2b0:	e699      	b.n	10009fe6 <__gethex+0x30a>
1000a2b2:	f8c8 2000 	str.w	r2, [r8]
1000a2b6:	b10a      	cbz	r2, 1000a2bc <__gethex+0x5e0>
1000a2b8:	4641      	mov	r1, r8
1000a2ba:	e7d6      	b.n	1000a26a <__gethex+0x58e>
1000a2bc:	f8ca 2010 	str.w	r2, [sl, #16]
1000a2c0:	e6d2      	b.n	1000a068 <__gethex+0x38c>
1000a2c2:	4602      	mov	r2, r0
1000a2c4:	4b05      	ldr	r3, [pc, #20]	@ (1000a2dc <__gethex+0x600>)
1000a2c6:	2184      	movs	r1, #132	@ 0x84
1000a2c8:	4805      	ldr	r0, [pc, #20]	@ (1000a2e0 <__gethex+0x604>)
1000a2ca:	f7f9 fd8f 	bl	10003dec <__assert_func>
1000a2ce:	4602      	mov	r2, r0
1000a2d0:	4b02      	ldr	r3, [pc, #8]	@ (1000a2dc <__gethex+0x600>)
1000a2d2:	21e4      	movs	r1, #228	@ 0xe4
1000a2d4:	4802      	ldr	r0, [pc, #8]	@ (1000a2e0 <__gethex+0x604>)
1000a2d6:	f7f9 fd89 	bl	10003dec <__assert_func>
1000a2da:	bf00      	nop
1000a2dc:	1000bb80 	.word	0x1000bb80
1000a2e0:	1000bb94 	.word	0x1000bb94

1000a2e4 <__match>:
1000a2e4:	b510      	push	{r4, lr}
1000a2e6:	6804      	ldr	r4, [r0, #0]
1000a2e8:	4686      	mov	lr, r0
1000a2ea:	3401      	adds	r4, #1
1000a2ec:	e009      	b.n	1000a302 <__match+0x1e>
1000a2ee:	f814 3b01 	ldrb.w	r3, [r4], #1
1000a2f2:	f1a3 0c41 	sub.w	ip, r3, #65	@ 0x41
1000a2f6:	f1bc 0f19 	cmp.w	ip, #25
1000a2fa:	bf98      	it	ls
1000a2fc:	3320      	addls	r3, #32
1000a2fe:	4293      	cmp	r3, r2
1000a300:	d107      	bne.n	1000a312 <__match+0x2e>
1000a302:	f811 2b01 	ldrb.w	r2, [r1], #1
1000a306:	2a00      	cmp	r2, #0
1000a308:	d1f1      	bne.n	1000a2ee <__match+0xa>
1000a30a:	2001      	movs	r0, #1
1000a30c:	f8ce 4000 	str.w	r4, [lr]
1000a310:	bd10      	pop	{r4, pc}
1000a312:	2000      	movs	r0, #0
1000a314:	bd10      	pop	{r4, pc}
1000a316:	bf00      	nop

1000a318 <__hexnan>:
1000a318:	6809      	ldr	r1, [r1, #0]
1000a31a:	e92d 4ff0 	stmdb	sp!, {r4, r5, r6, r7, r8, r9, sl, fp, lr}
1000a31e:	114b      	asrs	r3, r1, #5
1000a320:	b085      	sub	sp, #20
1000a322:	f011 011f 	ands.w	r1, r1, #31
1000a326:	4604      	mov	r4, r0
1000a328:	eb02 0383 	add.w	r3, r2, r3, lsl #2
1000a32c:	9102      	str	r1, [sp, #8]
1000a32e:	f040 809b 	bne.w	1000a468 <__hexnan+0x150>
1000a332:	1f18      	subs	r0, r3, #4
1000a334:	4619      	mov	r1, r3
1000a336:	6825      	ldr	r5, [r4, #0]
1000a338:	2600      	movs	r6, #0
1000a33a:	f841 6c04 	str.w	r6, [r1, #-4]
1000a33e:	3501      	adds	r5, #1
1000a340:	782b      	ldrb	r3, [r5, #0]
1000a342:	2b00      	cmp	r3, #0
1000a344:	f000 80a8 	beq.w	1000a498 <__hexnan+0x180>
1000a348:	46b4      	mov	ip, r6
1000a34a:	9101      	str	r1, [sp, #4]
1000a34c:	4606      	mov	r6, r0
1000a34e:	4686      	mov	lr, r0
1000a350:	f8df 8184 	ldr.w	r8, [pc, #388]	@ 1000a4d8 <__hexnan+0x1c0>
1000a354:	46e1      	mov	r9, ip
1000a356:	4667      	mov	r7, ip
1000a358:	46e3      	mov	fp, ip
1000a35a:	46aa      	mov	sl, r5
1000a35c:	4601      	mov	r1, r0
1000a35e:	9403      	str	r4, [sp, #12]
1000a360:	f818 0003 	ldrb.w	r0, [r8, r3]
1000a364:	2800      	cmp	r0, #0
1000a366:	d15d      	bne.n	1000a424 <__hexnan+0x10c>
1000a368:	2b20      	cmp	r3, #32
1000a36a:	f200 808f 	bhi.w	1000a48c <__hexnan+0x174>
1000a36e:	454f      	cmp	r7, r9
1000a370:	dd20      	ble.n	1000a3b4 <__hexnan+0x9c>
1000a372:	45b6      	cmp	lr, r6
1000a374:	d21a      	bcs.n	1000a3ac <__hexnan+0x94>
1000a376:	f1bc 0f07 	cmp.w	ip, #7
1000a37a:	dc17      	bgt.n	1000a3ac <__hexnan+0x94>
1000a37c:	f1cc 0408 	rsb	r4, ip, #8
1000a380:	f8de 3000 	ldr.w	r3, [lr]
1000a384:	4670      	mov	r0, lr
1000a386:	f8cd e000 	str.w	lr, [sp]
1000a38a:	00a4      	lsls	r4, r4, #2
1000a38c:	f1c4 0c20 	rsb	ip, r4, #32
1000a390:	46a6      	mov	lr, r4
1000a392:	6844      	ldr	r4, [r0, #4]
1000a394:	fa04 f50c 	lsl.w	r5, r4, ip
1000a398:	431d      	orrs	r5, r3
1000a39a:	fa24 f30e 	lsr.w	r3, r4, lr
1000a39e:	6005      	str	r5, [r0, #0]
1000a3a0:	f840 3f04 	str.w	r3, [r0, #4]!
1000a3a4:	42b0      	cmp	r0, r6
1000a3a6:	d3f4      	bcc.n	1000a392 <__hexnan+0x7a>
1000a3a8:	f8dd e000 	ldr.w	lr, [sp]
1000a3ac:	4572      	cmp	r2, lr
1000a3ae:	d352      	bcc.n	1000a456 <__hexnan+0x13e>
1000a3b0:	f04f 0c08 	mov.w	ip, #8
1000a3b4:	f81a 3f01 	ldrb.w	r3, [sl, #1]!
1000a3b8:	2b00      	cmp	r3, #0
1000a3ba:	d1d1      	bne.n	1000a360 <__hexnan+0x48>
1000a3bc:	4608      	mov	r0, r1
1000a3be:	9901      	ldr	r1, [sp, #4]
1000a3c0:	2f00      	cmp	r7, #0
1000a3c2:	d069      	beq.n	1000a498 <__hexnan+0x180>
1000a3c4:	45b6      	cmp	lr, r6
1000a3c6:	d202      	bcs.n	1000a3ce <__hexnan+0xb6>
1000a3c8:	f1bc 0f07 	cmp.w	ip, #7
1000a3cc:	dd68      	ble.n	1000a4a0 <__hexnan+0x188>
1000a3ce:	4572      	cmp	r2, lr
1000a3d0:	d24d      	bcs.n	1000a46e <__hexnan+0x156>
1000a3d2:	1f14      	subs	r4, r2, #4
1000a3d4:	4673      	mov	r3, lr
1000a3d6:	f853 5b04 	ldr.w	r5, [r3], #4
1000a3da:	4283      	cmp	r3, r0
1000a3dc:	f844 5f04 	str.w	r5, [r4, #4]!
1000a3e0:	d9f9      	bls.n	1000a3d6 <__hexnan+0xbe>
1000a3e2:	eba0 030e 	sub.w	r3, r0, lr
1000a3e6:	1c44      	adds	r4, r0, #1
1000a3e8:	f10e 0e01 	add.w	lr, lr, #1
1000a3ec:	2500      	movs	r5, #0
1000a3ee:	f023 0303 	bic.w	r3, r3, #3
1000a3f2:	45a6      	cmp	lr, r4
1000a3f4:	bf88      	it	hi
1000a3f6:	2300      	movhi	r3, #0
1000a3f8:	1d14      	adds	r4, r2, #4
1000a3fa:	4423      	add	r3, r4
1000a3fc:	461c      	mov	r4, r3
1000a3fe:	3304      	adds	r3, #4
1000a400:	4283      	cmp	r3, r0
1000a402:	6025      	str	r5, [r4, #0]
1000a404:	d9fa      	bls.n	1000a3fc <__hexnan+0xe4>
1000a406:	f851 4c04 	ldr.w	r4, [r1, #-4]
1000a40a:	b11c      	cbz	r4, 1000a414 <__hexnan+0xfc>
1000a40c:	e006      	b.n	1000a41c <__hexnan+0x104>
1000a40e:	f850 3d04 	ldr.w	r3, [r0, #-4]!
1000a412:	b91b      	cbnz	r3, 1000a41c <__hexnan+0x104>
1000a414:	4282      	cmp	r2, r0
1000a416:	d1fa      	bne.n	1000a40e <__hexnan+0xf6>
1000a418:	2301      	movs	r3, #1
1000a41a:	6013      	str	r3, [r2, #0]
1000a41c:	2005      	movs	r0, #5
1000a41e:	b005      	add	sp, #20
1000a420:	e8bd 8ff0 	ldmia.w	sp!, {r4, r5, r6, r7, r8, r9, sl, fp, pc}
1000a424:	f10c 0c01 	add.w	ip, ip, #1
1000a428:	3701      	adds	r7, #1
1000a42a:	f1bc 0f08 	cmp.w	ip, #8
1000a42e:	dc08      	bgt.n	1000a442 <__hexnan+0x12a>
1000a430:	f8de 3000 	ldr.w	r3, [lr]
1000a434:	011b      	lsls	r3, r3, #4
1000a436:	f000 000f 	and.w	r0, r0, #15
1000a43a:	4318      	orrs	r0, r3
1000a43c:	f8ce 0000 	str.w	r0, [lr]
1000a440:	e7b8      	b.n	1000a3b4 <__hexnan+0x9c>
1000a442:	4572      	cmp	r2, lr
1000a444:	d2b6      	bcs.n	1000a3b4 <__hexnan+0x9c>
1000a446:	f84e bc04 	str.w	fp, [lr, #-4]
1000a44a:	2300      	movs	r3, #0
1000a44c:	f1ae 0e04 	sub.w	lr, lr, #4
1000a450:	f04f 0c01 	mov.w	ip, #1
1000a454:	e7ef      	b.n	1000a436 <__hexnan+0x11e>
1000a456:	f1ae 0604 	sub.w	r6, lr, #4
1000a45a:	f84e bc04 	str.w	fp, [lr, #-4]
1000a45e:	46b9      	mov	r9, r7
1000a460:	f04f 0c00 	mov.w	ip, #0
1000a464:	46b6      	mov	lr, r6
1000a466:	e7a5      	b.n	1000a3b4 <__hexnan+0x9c>
1000a468:	1d19      	adds	r1, r3, #4
1000a46a:	4618      	mov	r0, r3
1000a46c:	e763      	b.n	1000a336 <__hexnan+0x1e>
1000a46e:	9b02      	ldr	r3, [sp, #8]
1000a470:	f851 4c04 	ldr.w	r4, [r1, #-4]
1000a474:	2b00      	cmp	r3, #0
1000a476:	d0c8      	beq.n	1000a40a <__hexnan+0xf2>
1000a478:	f1c3 0320 	rsb	r3, r3, #32
1000a47c:	f04f 35ff 	mov.w	r5, #4294967295
1000a480:	fa25 f303 	lsr.w	r3, r5, r3
1000a484:	401c      	ands	r4, r3
1000a486:	f841 4c04 	str.w	r4, [r1, #-4]
1000a48a:	e7be      	b.n	1000a40a <__hexnan+0xf2>
1000a48c:	2b29      	cmp	r3, #41	@ 0x29
1000a48e:	4608      	mov	r0, r1
1000a490:	4655      	mov	r5, sl
1000a492:	9901      	ldr	r1, [sp, #4]
1000a494:	9c03      	ldr	r4, [sp, #12]
1000a496:	d01b      	beq.n	1000a4d0 <__hexnan+0x1b8>
1000a498:	2004      	movs	r0, #4
1000a49a:	b005      	add	sp, #20
1000a49c:	e8bd 8ff0 	ldmia.w	sp!, {r4, r5, r6, r7, r8, r9, sl, fp, pc}
1000a4a0:	f1cc 0308 	rsb	r3, ip, #8
1000a4a4:	f8de 4000 	ldr.w	r4, [lr]
1000a4a8:	4677      	mov	r7, lr
1000a4aa:	009b      	lsls	r3, r3, #2
1000a4ac:	4625      	mov	r5, r4
1000a4ae:	f1c3 0820 	rsb	r8, r3, #32
1000a4b2:	469c      	mov	ip, r3
1000a4b4:	687b      	ldr	r3, [r7, #4]
1000a4b6:	fa03 f408 	lsl.w	r4, r3, r8
1000a4ba:	432c      	orrs	r4, r5
1000a4bc:	fa23 f50c 	lsr.w	r5, r3, ip
1000a4c0:	603c      	str	r4, [r7, #0]
1000a4c2:	f847 5f04 	str.w	r5, [r7, #4]!
1000a4c6:	42b7      	cmp	r7, r6
1000a4c8:	d3f4      	bcc.n	1000a4b4 <__hexnan+0x19c>
1000a4ca:	4572      	cmp	r2, lr
1000a4cc:	d381      	bcc.n	1000a3d2 <__hexnan+0xba>
1000a4ce:	e7ce      	b.n	1000a46e <__hexnan+0x156>
1000a4d0:	3501      	adds	r5, #1
1000a4d2:	6025      	str	r5, [r4, #0]
1000a4d4:	e774      	b.n	1000a3c0 <__hexnan+0xa8>
1000a4d6:	bf00      	nop
1000a4d8:	1000c59c 	.word	0x1000c59c

1000a4dc <__ascii_mbtowc>:
1000a4dc:	b082      	sub	sp, #8
1000a4de:	b149      	cbz	r1, 1000a4f4 <__ascii_mbtowc+0x18>
1000a4e0:	b15a      	cbz	r2, 1000a4fa <__ascii_mbtowc+0x1e>
1000a4e2:	b16b      	cbz	r3, 1000a500 <__ascii_mbtowc+0x24>
1000a4e4:	7813      	ldrb	r3, [r2, #0]
1000a4e6:	600b      	str	r3, [r1, #0]
1000a4e8:	7812      	ldrb	r2, [r2, #0]
1000a4ea:	1e10      	subs	r0, r2, #0
1000a4ec:	bf18      	it	ne
1000a4ee:	2001      	movne	r0, #1
1000a4f0:	b002      	add	sp, #8
1000a4f2:	4770      	bx	lr
1000a4f4:	a901      	add	r1, sp, #4
1000a4f6:	2a00      	cmp	r2, #0
1000a4f8:	d1f3      	bne.n	1000a4e2 <__ascii_mbtowc+0x6>
1000a4fa:	4610      	mov	r0, r2
1000a4fc:	b002      	add	sp, #8
1000a4fe:	4770      	bx	lr
1000a500:	f06f 0001 	mvn.w	r0, #1
1000a504:	e7f4      	b.n	1000a4f0 <__ascii_mbtowc+0x14>
1000a506:	bf00      	nop

1000a508 <_Balloc>:
1000a508:	b538      	push	{r3, r4, r5, lr}
1000a50a:	6c43      	ldr	r3, [r0, #68]	@ 0x44
1000a50c:	4605      	mov	r5, r0
1000a50e:	460c      	mov	r4, r1
1000a510:	b14b      	cbz	r3, 1000a526 <_Balloc+0x1e>
1000a512:	f853 0024 	ldr.w	r0, [r3, r4, lsl #2]
1000a516:	b180      	cbz	r0, 1000a53a <_Balloc+0x32>
1000a518:	6802      	ldr	r2, [r0, #0]
1000a51a:	f843 2024 	str.w	r2, [r3, r4, lsl #2]
1000a51e:	2300      	movs	r3, #0
1000a520:	e9c0 3303 	strd	r3, r3, [r0, #12]
1000a524:	bd38      	pop	{r3, r4, r5, pc}
1000a526:	2221      	movs	r2, #33	@ 0x21
1000a528:	2104      	movs	r1, #4
1000a52a:	f7fd fbe1 	bl	10007cf0 <_calloc_r>
1000a52e:	4603      	mov	r3, r0
1000a530:	6468      	str	r0, [r5, #68]	@ 0x44
1000a532:	2800      	cmp	r0, #0
1000a534:	d1ed      	bne.n	1000a512 <_Balloc+0xa>
1000a536:	2000      	movs	r0, #0
1000a538:	bd38      	pop	{r3, r4, r5, pc}
1000a53a:	2101      	movs	r1, #1
1000a53c:	4628      	mov	r0, r5
1000a53e:	fa01 f504 	lsl.w	r5, r1, r4
1000a542:	1d6a      	adds	r2, r5, #5
1000a544:	0092      	lsls	r2, r2, #2
1000a546:	f7fd fbd3 	bl	10007cf0 <_calloc_r>
1000a54a:	2800      	cmp	r0, #0
1000a54c:	d0f3      	beq.n	1000a536 <_Balloc+0x2e>
1000a54e:	e9c0 4501 	strd	r4, r5, [r0, #4]
1000a552:	e7e4      	b.n	1000a51e <_Balloc+0x16>

1000a554 <_Bfree>:
1000a554:	b131      	cbz	r1, 1000a564 <_Bfree+0x10>
1000a556:	6c43      	ldr	r3, [r0, #68]	@ 0x44
1000a558:	684a      	ldr	r2, [r1, #4]
1000a55a:	f853 0022 	ldr.w	r0, [r3, r2, lsl #2]
1000a55e:	6008      	str	r0, [r1, #0]
1000a560:	f843 1022 	str.w	r1, [r3, r2, lsl #2]
1000a564:	4770      	bx	lr
1000a566:	bf00      	nop

1000a568 <__multadd>:
1000a568:	e92d 41f0 	stmdb	sp!, {r4, r5, r6, r7, r8, lr}
1000a56c:	4607      	mov	r7, r0
1000a56e:	460e      	mov	r6, r1
1000a570:	461c      	mov	r4, r3
1000a572:	690d      	ldr	r5, [r1, #16]
1000a574:	f101 0e14 	add.w	lr, r1, #20
1000a578:	2000      	movs	r0, #0
1000a57a:	f8de 1000 	ldr.w	r1, [lr]
1000a57e:	3001      	adds	r0, #1
1000a580:	b28b      	uxth	r3, r1
1000a582:	4285      	cmp	r5, r0
1000a584:	ea4f 4111 	mov.w	r1, r1, lsr #16
1000a588:	fb02 4303 	mla	r3, r2, r3, r4
1000a58c:	ea4f 4c13 	mov.w	ip, r3, lsr #16
1000a590:	b29b      	uxth	r3, r3
1000a592:	fb02 cc01 	mla	ip, r2, r1, ip
1000a596:	eb03 430c 	add.w	r3, r3, ip, lsl #16
1000a59a:	ea4f 441c 	mov.w	r4, ip, lsr #16
1000a59e:	f84e 3b04 	str.w	r3, [lr], #4
1000a5a2:	dcea      	bgt.n	1000a57a <__multadd+0x12>
1000a5a4:	b13c      	cbz	r4, 1000a5b6 <__multadd+0x4e>
1000a5a6:	68b3      	ldr	r3, [r6, #8]
1000a5a8:	42ab      	cmp	r3, r5
1000a5aa:	dd07      	ble.n	1000a5bc <__multadd+0x54>
1000a5ac:	eb06 0385 	add.w	r3, r6, r5, lsl #2
1000a5b0:	3501      	adds	r5, #1
1000a5b2:	615c      	str	r4, [r3, #20]
1000a5b4:	6135      	str	r5, [r6, #16]
1000a5b6:	4630      	mov	r0, r6
1000a5b8:	e8bd 81f0 	ldmia.w	sp!, {r4, r5, r6, r7, r8, pc}
1000a5bc:	6871      	ldr	r1, [r6, #4]
1000a5be:	4638      	mov	r0, r7
1000a5c0:	3101      	adds	r1, #1
1000a5c2:	f7ff ffa1 	bl	1000a508 <_Balloc>
1000a5c6:	4680      	mov	r8, r0
1000a5c8:	b1a8      	cbz	r0, 1000a5f6 <__multadd+0x8e>
1000a5ca:	6932      	ldr	r2, [r6, #16]
1000a5cc:	f106 010c 	add.w	r1, r6, #12
1000a5d0:	300c      	adds	r0, #12
1000a5d2:	3202      	adds	r2, #2
1000a5d4:	0092      	lsls	r2, r2, #2
1000a5d6:	f7ff f92d 	bl	10009834 <memcpy>
1000a5da:	6c7b      	ldr	r3, [r7, #68]	@ 0x44
1000a5dc:	6872      	ldr	r2, [r6, #4]
1000a5de:	f853 1022 	ldr.w	r1, [r3, r2, lsl #2]
1000a5e2:	6031      	str	r1, [r6, #0]
1000a5e4:	f843 6022 	str.w	r6, [r3, r2, lsl #2]
1000a5e8:	4646      	mov	r6, r8
1000a5ea:	eb06 0385 	add.w	r3, r6, r5, lsl #2
1000a5ee:	3501      	adds	r5, #1
1000a5f0:	615c      	str	r4, [r3, #20]
1000a5f2:	6135      	str	r5, [r6, #16]
1000a5f4:	e7df      	b.n	1000a5b6 <__multadd+0x4e>
1000a5f6:	4602      	mov	r2, r0
1000a5f8:	4b02      	ldr	r3, [pc, #8]	@ (1000a604 <__multadd+0x9c>)
1000a5fa:	21ba      	movs	r1, #186	@ 0xba
1000a5fc:	4802      	ldr	r0, [pc, #8]	@ (1000a608 <__multadd+0xa0>)
1000a5fe:	f7f9 fbf5 	bl	10003dec <__assert_func>
1000a602:	bf00      	nop
1000a604:	1000bb80 	.word	0x1000bb80
1000a608:	1000bbf8 	.word	0x1000bbf8

1000a60c <__s2b>:
1000a60c:	e92d 43f8 	stmdb	sp!, {r3, r4, r5, r6, r7, r8, r9, lr}
1000a610:	461e      	mov	r6, r3
1000a612:	4617      	mov	r7, r2
1000a614:	3308      	adds	r3, #8
1000a616:	4a26      	ldr	r2, [pc, #152]	@ (1000a6b0 <__s2b+0xa4>)
1000a618:	460c      	mov	r4, r1
1000a61a:	2e09      	cmp	r6, #9
1000a61c:	fb82 1203 	smull	r1, r2, r2, r3
1000a620:	ea4f 73e3 	mov.w	r3, r3, asr #31
1000a624:	4605      	mov	r5, r0
1000a626:	ebc3 0362 	rsb	r3, r3, r2, asr #1
1000a62a:	dd38      	ble.n	1000a69e <__s2b+0x92>
1000a62c:	f04f 0c01 	mov.w	ip, #1
1000a630:	2100      	movs	r1, #0
1000a632:	ea4f 0c4c 	mov.w	ip, ip, lsl #1
1000a636:	3101      	adds	r1, #1
1000a638:	4563      	cmp	r3, ip
1000a63a:	dcfa      	bgt.n	1000a632 <__s2b+0x26>
1000a63c:	4628      	mov	r0, r5
1000a63e:	f7ff ff63 	bl	1000a508 <_Balloc>
1000a642:	4601      	mov	r1, r0
1000a644:	b368      	cbz	r0, 1000a6a2 <__s2b+0x96>
1000a646:	9b08      	ldr	r3, [sp, #32]
1000a648:	2f09      	cmp	r7, #9
1000a64a:	6143      	str	r3, [r0, #20]
1000a64c:	f04f 0301 	mov.w	r3, #1
1000a650:	6103      	str	r3, [r0, #16]
1000a652:	dc12      	bgt.n	1000a67a <__s2b+0x6e>
1000a654:	340a      	adds	r4, #10
1000a656:	2709      	movs	r7, #9
1000a658:	42be      	cmp	r6, r7
1000a65a:	dd0b      	ble.n	1000a674 <__s2b+0x68>
1000a65c:	1bf6      	subs	r6, r6, r7
1000a65e:	4426      	add	r6, r4
1000a660:	f814 3b01 	ldrb.w	r3, [r4], #1
1000a664:	220a      	movs	r2, #10
1000a666:	4628      	mov	r0, r5
1000a668:	3b30      	subs	r3, #48	@ 0x30
1000a66a:	f7ff ff7d 	bl	1000a568 <__multadd>
1000a66e:	42b4      	cmp	r4, r6
1000a670:	4601      	mov	r1, r0
1000a672:	d1f5      	bne.n	1000a660 <__s2b+0x54>
1000a674:	4608      	mov	r0, r1
1000a676:	e8bd 83f8 	ldmia.w	sp!, {r3, r4, r5, r6, r7, r8, r9, pc}
1000a67a:	f104 0909 	add.w	r9, r4, #9
1000a67e:	443c      	add	r4, r7
1000a680:	46c8      	mov	r8, r9
1000a682:	f818 3b01 	ldrb.w	r3, [r8], #1
1000a686:	220a      	movs	r2, #10
1000a688:	4628      	mov	r0, r5
1000a68a:	3b30      	subs	r3, #48	@ 0x30
1000a68c:	f7ff ff6c 	bl	1000a568 <__multadd>
1000a690:	45a0      	cmp	r8, r4
1000a692:	4601      	mov	r1, r0
1000a694:	d1f5      	bne.n	1000a682 <__s2b+0x76>
1000a696:	44b9      	add	r9, r7
1000a698:	f1a9 0408 	sub.w	r4, r9, #8
1000a69c:	e7dc      	b.n	1000a658 <__s2b+0x4c>
1000a69e:	2100      	movs	r1, #0
1000a6a0:	e7cc      	b.n	1000a63c <__s2b+0x30>
1000a6a2:	4602      	mov	r2, r0
1000a6a4:	4b03      	ldr	r3, [pc, #12]	@ (1000a6b4 <__s2b+0xa8>)
1000a6a6:	21d3      	movs	r1, #211	@ 0xd3
1000a6a8:	4803      	ldr	r0, [pc, #12]	@ (1000a6b8 <__s2b+0xac>)
1000a6aa:	f7f9 fb9f 	bl	10003dec <__assert_func>
1000a6ae:	bf00      	nop
1000a6b0:	38e38e39 	.word	0x38e38e39
1000a6b4:	1000bb80 	.word	0x1000bb80
1000a6b8:	1000bbf8 	.word	0x1000bbf8

1000a6bc <__hi0bits>:
1000a6bc:	f5b0 3f80 	cmp.w	r0, #65536	@ 0x10000
1000a6c0:	4603      	mov	r3, r0
1000a6c2:	d210      	bcs.n	1000a6e6 <__hi0bits+0x2a>
1000a6c4:	0403      	lsls	r3, r0, #16
1000a6c6:	2010      	movs	r0, #16
1000a6c8:	f1b3 7f80 	cmp.w	r3, #16777216	@ 0x1000000
1000a6cc:	d201      	bcs.n	1000a6d2 <__hi0bits+0x16>
1000a6ce:	3008      	adds	r0, #8
1000a6d0:	021b      	lsls	r3, r3, #8
1000a6d2:	f1b3 5f80 	cmp.w	r3, #268435456	@ 0x10000000
1000a6d6:	d308      	bcc.n	1000a6ea <__hi0bits+0x2e>
1000a6d8:	f1b3 4f80 	cmp.w	r3, #1073741824	@ 0x40000000
1000a6dc:	d210      	bcs.n	1000a700 <__hi0bits+0x44>
1000a6de:	009a      	lsls	r2, r3, #2
1000a6e0:	d413      	bmi.n	1000a70a <__hi0bits+0x4e>
1000a6e2:	3003      	adds	r0, #3
1000a6e4:	4770      	bx	lr
1000a6e6:	2000      	movs	r0, #0
1000a6e8:	e7ee      	b.n	1000a6c8 <__hi0bits+0xc>
1000a6ea:	011a      	lsls	r2, r3, #4
1000a6ec:	3004      	adds	r0, #4
1000a6ee:	f1b2 4f80 	cmp.w	r2, #1073741824	@ 0x40000000
1000a6f2:	d206      	bcs.n	1000a702 <__hi0bits+0x46>
1000a6f4:	019b      	lsls	r3, r3, #6
1000a6f6:	d408      	bmi.n	1000a70a <__hi0bits+0x4e>
1000a6f8:	005b      	lsls	r3, r3, #1
1000a6fa:	d4f2      	bmi.n	1000a6e2 <__hi0bits+0x26>
1000a6fc:	2020      	movs	r0, #32
1000a6fe:	4770      	bx	lr
1000a700:	461a      	mov	r2, r3
1000a702:	2a00      	cmp	r2, #0
1000a704:	dbfb      	blt.n	1000a6fe <__hi0bits+0x42>
1000a706:	3001      	adds	r0, #1
1000a708:	4770      	bx	lr
1000a70a:	3002      	adds	r0, #2
1000a70c:	4770      	bx	lr
1000a70e:	bf00      	nop

1000a710 <__lo0bits>:
1000a710:	6803      	ldr	r3, [r0, #0]
1000a712:	4602      	mov	r2, r0
1000a714:	0759      	lsls	r1, r3, #29
1000a716:	d007      	beq.n	1000a728 <__lo0bits+0x18>
1000a718:	07d8      	lsls	r0, r3, #31
1000a71a:	d41d      	bmi.n	1000a758 <__lo0bits+0x48>
1000a71c:	0799      	lsls	r1, r3, #30
1000a71e:	d52a      	bpl.n	1000a776 <__lo0bits+0x66>
1000a720:	085b      	lsrs	r3, r3, #1
1000a722:	2001      	movs	r0, #1
1000a724:	6013      	str	r3, [r2, #0]
1000a726:	4770      	bx	lr
1000a728:	b299      	uxth	r1, r3
1000a72a:	b979      	cbnz	r1, 1000a74c <__lo0bits+0x3c>
1000a72c:	0c1b      	lsrs	r3, r3, #16
1000a72e:	b2d9      	uxtb	r1, r3
1000a730:	b1a1      	cbz	r1, 1000a75c <__lo0bits+0x4c>
1000a732:	2010      	movs	r0, #16
1000a734:	0719      	lsls	r1, r3, #28
1000a736:	d101      	bne.n	1000a73c <__lo0bits+0x2c>
1000a738:	3004      	adds	r0, #4
1000a73a:	091b      	lsrs	r3, r3, #4
1000a73c:	0799      	lsls	r1, r3, #30
1000a73e:	d012      	beq.n	1000a766 <__lo0bits+0x56>
1000a740:	07d9      	lsls	r1, r3, #31
1000a742:	d401      	bmi.n	1000a748 <__lo0bits+0x38>
1000a744:	3001      	adds	r0, #1
1000a746:	085b      	lsrs	r3, r3, #1
1000a748:	6013      	str	r3, [r2, #0]
1000a74a:	4770      	bx	lr
1000a74c:	b2d9      	uxtb	r1, r3
1000a74e:	b141      	cbz	r1, 1000a762 <__lo0bits+0x52>
1000a750:	0718      	lsls	r0, r3, #28
1000a752:	d118      	bne.n	1000a786 <__lo0bits+0x76>
1000a754:	2004      	movs	r0, #4
1000a756:	e7f0      	b.n	1000a73a <__lo0bits+0x2a>
1000a758:	2000      	movs	r0, #0
1000a75a:	4770      	bx	lr
1000a75c:	2018      	movs	r0, #24
1000a75e:	0a1b      	lsrs	r3, r3, #8
1000a760:	e7e8      	b.n	1000a734 <__lo0bits+0x24>
1000a762:	2008      	movs	r0, #8
1000a764:	e7fb      	b.n	1000a75e <__lo0bits+0x4e>
1000a766:	f013 0f04 	tst.w	r3, #4
1000a76a:	ea4f 0193 	mov.w	r1, r3, lsr #2
1000a76e:	d006      	beq.n	1000a77e <__lo0bits+0x6e>
1000a770:	3002      	adds	r0, #2
1000a772:	460b      	mov	r3, r1
1000a774:	e7e8      	b.n	1000a748 <__lo0bits+0x38>
1000a776:	089b      	lsrs	r3, r3, #2
1000a778:	2002      	movs	r0, #2
1000a77a:	6013      	str	r3, [r2, #0]
1000a77c:	4770      	bx	lr
1000a77e:	08db      	lsrs	r3, r3, #3
1000a780:	d104      	bne.n	1000a78c <__lo0bits+0x7c>
1000a782:	2020      	movs	r0, #32
1000a784:	4770      	bx	lr
1000a786:	08db      	lsrs	r3, r3, #3
1000a788:	2003      	movs	r0, #3
1000a78a:	e7dd      	b.n	1000a748 <__lo0bits+0x38>
1000a78c:	3003      	adds	r0, #3
1000a78e:	e7db      	b.n	1000a748 <__lo0bits+0x38>

1000a790 <__i2b>:
1000a790:	b538      	push	{r3, r4, r5, lr}
1000a792:	6c43      	ldr	r3, [r0, #68]	@ 0x44
1000a794:	4604      	mov	r4, r0
1000a796:	460d      	mov	r5, r1
1000a798:	b14b      	cbz	r3, 1000a7ae <__i2b+0x1e>
1000a79a:	6858      	ldr	r0, [r3, #4]
1000a79c:	b1b0      	cbz	r0, 1000a7cc <__i2b+0x3c>
1000a79e:	6802      	ldr	r2, [r0, #0]
1000a7a0:	605a      	str	r2, [r3, #4]
1000a7a2:	2200      	movs	r2, #0
1000a7a4:	2301      	movs	r3, #1
1000a7a6:	6145      	str	r5, [r0, #20]
1000a7a8:	e9c0 2303 	strd	r2, r3, [r0, #12]
1000a7ac:	bd38      	pop	{r3, r4, r5, pc}
1000a7ae:	2221      	movs	r2, #33	@ 0x21
1000a7b0:	2104      	movs	r1, #4
1000a7b2:	f7fd fa9d 	bl	10007cf0 <_calloc_r>
1000a7b6:	4603      	mov	r3, r0
1000a7b8:	6460      	str	r0, [r4, #68]	@ 0x44
1000a7ba:	2800      	cmp	r0, #0
1000a7bc:	d1ed      	bne.n	1000a79a <__i2b+0xa>
1000a7be:	4b09      	ldr	r3, [pc, #36]	@ (1000a7e4 <__i2b+0x54>)
1000a7c0:	2200      	movs	r2, #0
1000a7c2:	f240 1145 	movw	r1, #325	@ 0x145
1000a7c6:	4808      	ldr	r0, [pc, #32]	@ (1000a7e8 <__i2b+0x58>)
1000a7c8:	f7f9 fb10 	bl	10003dec <__assert_func>
1000a7cc:	221c      	movs	r2, #28
1000a7ce:	2101      	movs	r1, #1
1000a7d0:	4620      	mov	r0, r4
1000a7d2:	f7fd fa8d 	bl	10007cf0 <_calloc_r>
1000a7d6:	2800      	cmp	r0, #0
1000a7d8:	d0f1      	beq.n	1000a7be <__i2b+0x2e>
1000a7da:	2201      	movs	r2, #1
1000a7dc:	2302      	movs	r3, #2
1000a7de:	e9c0 2301 	strd	r2, r3, [r0, #4]
1000a7e2:	e7de      	b.n	1000a7a2 <__i2b+0x12>
1000a7e4:	1000bb80 	.word	0x1000bb80
1000a7e8:	1000bbf8 	.word	0x1000bbf8

1000a7ec <__multiply>:
1000a7ec:	e92d 4ff0 	stmdb	sp!, {r4, r5, r6, r7, r8, r9, sl, fp, lr}
1000a7f0:	f8d1 8010 	ldr.w	r8, [r1, #16]
1000a7f4:	b085      	sub	sp, #20
1000a7f6:	6915      	ldr	r5, [r2, #16]
1000a7f8:	460e      	mov	r6, r1
1000a7fa:	4692      	mov	sl, r2
1000a7fc:	45a8      	cmp	r8, r5
1000a7fe:	db05      	blt.n	1000a80c <__multiply+0x20>
1000a800:	462a      	mov	r2, r5
1000a802:	4653      	mov	r3, sl
1000a804:	4645      	mov	r5, r8
1000a806:	468a      	mov	sl, r1
1000a808:	4690      	mov	r8, r2
1000a80a:	461e      	mov	r6, r3
1000a80c:	eb05 0408 	add.w	r4, r5, r8
1000a810:	e9da 1301 	ldrd	r1, r3, [sl, #4]
1000a814:	42a3      	cmp	r3, r4
1000a816:	bfb8      	it	lt
1000a818:	3101      	addlt	r1, #1
1000a81a:	f7ff fe75 	bl	1000a508 <_Balloc>
1000a81e:	2800      	cmp	r0, #0
1000a820:	f000 808c 	beq.w	1000a93c <__multiply+0x150>
1000a824:	f100 0714 	add.w	r7, r0, #20
1000a828:	eb07 0e84 	add.w	lr, r7, r4, lsl #2
1000a82c:	4577      	cmp	r7, lr
1000a82e:	d205      	bcs.n	1000a83c <__multiply+0x50>
1000a830:	463b      	mov	r3, r7
1000a832:	2200      	movs	r2, #0
1000a834:	f843 2b04 	str.w	r2, [r3], #4
1000a838:	459e      	cmp	lr, r3
1000a83a:	d8fb      	bhi.n	1000a834 <__multiply+0x48>
1000a83c:	3614      	adds	r6, #20
1000a83e:	f10a 0914 	add.w	r9, sl, #20
1000a842:	eb06 0888 	add.w	r8, r6, r8, lsl #2
1000a846:	eb09 0585 	add.w	r5, r9, r5, lsl #2
1000a84a:	4546      	cmp	r6, r8
1000a84c:	d269      	bcs.n	1000a922 <__multiply+0x136>
1000a84e:	eba5 030a 	sub.w	r3, r5, sl
1000a852:	f10a 0a15 	add.w	sl, sl, #21
1000a856:	f8cd e008 	str.w	lr, [sp, #8]
1000a85a:	46ae      	mov	lr, r5
1000a85c:	3b15      	subs	r3, #21
1000a85e:	9403      	str	r4, [sp, #12]
1000a860:	f023 0303 	bic.w	r3, r3, #3
1000a864:	45aa      	cmp	sl, r5
1000a866:	bf94      	ite	ls
1000a868:	469b      	movls	fp, r3
1000a86a:	f04f 0b00 	movhi.w	fp, #0
1000a86e:	4682      	mov	sl, r0
1000a870:	e005      	b.n	1000a87e <__multiply+0x92>
1000a872:	0c09      	lsrs	r1, r1, #16
1000a874:	d12d      	bne.n	1000a8d2 <__multiply+0xe6>
1000a876:	45b0      	cmp	r8, r6
1000a878:	f107 0704 	add.w	r7, r7, #4
1000a87c:	d94e      	bls.n	1000a91c <__multiply+0x130>
1000a87e:	f856 1b04 	ldr.w	r1, [r6], #4
1000a882:	b28d      	uxth	r5, r1
1000a884:	2d00      	cmp	r5, #0
1000a886:	d0f4      	beq.n	1000a872 <__multiply+0x86>
1000a888:	46cc      	mov	ip, r9
1000a88a:	463c      	mov	r4, r7
1000a88c:	2300      	movs	r3, #0
1000a88e:	9601      	str	r6, [sp, #4]
1000a890:	f85c 0b04 	ldr.w	r0, [ip], #4
1000a894:	6821      	ldr	r1, [r4, #0]
1000a896:	b286      	uxth	r6, r0
1000a898:	45e6      	cmp	lr, ip
1000a89a:	b28a      	uxth	r2, r1
1000a89c:	ea4f 4010 	mov.w	r0, r0, lsr #16
1000a8a0:	fb05 2206 	mla	r2, r5, r6, r2
1000a8a4:	ea4f 4111 	mov.w	r1, r1, lsr #16
1000a8a8:	441a      	add	r2, r3
1000a8aa:	fb05 1100 	mla	r1, r5, r0, r1
1000a8ae:	eb01 4112 	add.w	r1, r1, r2, lsr #16
1000a8b2:	b292      	uxth	r2, r2
1000a8b4:	ea4f 4311 	mov.w	r3, r1, lsr #16
1000a8b8:	ea42 4201 	orr.w	r2, r2, r1, lsl #16
1000a8bc:	f844 2b04 	str.w	r2, [r4], #4
1000a8c0:	d8e6      	bhi.n	1000a890 <__multiply+0xa4>
1000a8c2:	9e01      	ldr	r6, [sp, #4]
1000a8c4:	eb07 020b 	add.w	r2, r7, fp
1000a8c8:	6053      	str	r3, [r2, #4]
1000a8ca:	f856 1c04 	ldr.w	r1, [r6, #-4]
1000a8ce:	0c09      	lsrs	r1, r1, #16
1000a8d0:	d0d1      	beq.n	1000a876 <__multiply+0x8a>
1000a8d2:	683b      	ldr	r3, [r7, #0]
1000a8d4:	2200      	movs	r2, #0
1000a8d6:	4648      	mov	r0, r9
1000a8d8:	463d      	mov	r5, r7
1000a8da:	461c      	mov	r4, r3
1000a8dc:	4694      	mov	ip, r2
1000a8de:	8802      	ldrh	r2, [r0, #0]
1000a8e0:	b29b      	uxth	r3, r3
1000a8e2:	fb01 c202 	mla	r2, r1, r2, ip
1000a8e6:	eb02 4214 	add.w	r2, r2, r4, lsr #16
1000a8ea:	ea43 4302 	orr.w	r3, r3, r2, lsl #16
1000a8ee:	f845 3b04 	str.w	r3, [r5], #4
1000a8f2:	f850 3b04 	ldr.w	r3, [r0], #4
1000a8f6:	682c      	ldr	r4, [r5, #0]
1000a8f8:	ea4f 4c13 	mov.w	ip, r3, lsr #16
1000a8fc:	4586      	cmp	lr, r0
1000a8fe:	b2a3      	uxth	r3, r4
1000a900:	fb01 330c 	mla	r3, r1, ip, r3
1000a904:	eb03 4312 	add.w	r3, r3, r2, lsr #16
1000a908:	ea4f 4c13 	mov.w	ip, r3, lsr #16
1000a90c:	d8e7      	bhi.n	1000a8de <__multiply+0xf2>
1000a90e:	eb07 020b 	add.w	r2, r7, fp
1000a912:	45b0      	cmp	r8, r6
1000a914:	f107 0704 	add.w	r7, r7, #4
1000a918:	6053      	str	r3, [r2, #4]
1000a91a:	d8b0      	bhi.n	1000a87e <__multiply+0x92>
1000a91c:	4650      	mov	r0, sl
1000a91e:	e9dd e402 	ldrd	lr, r4, [sp, #8]
1000a922:	2c00      	cmp	r4, #0
1000a924:	dc02      	bgt.n	1000a92c <__multiply+0x140>
1000a926:	e005      	b.n	1000a934 <__multiply+0x148>
1000a928:	3c01      	subs	r4, #1
1000a92a:	d003      	beq.n	1000a934 <__multiply+0x148>
1000a92c:	f85e 3d04 	ldr.w	r3, [lr, #-4]!
1000a930:	2b00      	cmp	r3, #0
1000a932:	d0f9      	beq.n	1000a928 <__multiply+0x13c>
1000a934:	6104      	str	r4, [r0, #16]
1000a936:	b005      	add	sp, #20
1000a938:	e8bd 8ff0 	ldmia.w	sp!, {r4, r5, r6, r7, r8, r9, sl, fp, pc}
1000a93c:	4602      	mov	r2, r0
1000a93e:	4b03      	ldr	r3, [pc, #12]	@ (1000a94c <__multiply+0x160>)
1000a940:	f44f 71b1 	mov.w	r1, #354	@ 0x162
1000a944:	4802      	ldr	r0, [pc, #8]	@ (1000a950 <__multiply+0x164>)
1000a946:	f7f9 fa51 	bl	10003dec <__assert_func>
1000a94a:	bf00      	nop
1000a94c:	1000bb80 	.word	0x1000bb80
1000a950:	1000bbf8 	.word	0x1000bbf8

1000a954 <__pow5mult>:
1000a954:	f012 0303 	ands.w	r3, r2, #3
1000a958:	e92d 41f0 	stmdb	sp!, {r4, r5, r6, r7, r8, lr}
1000a95c:	4614      	mov	r4, r2
1000a95e:	4607      	mov	r7, r0
1000a960:	d132      	bne.n	1000a9c8 <__pow5mult+0x74>
1000a962:	460e      	mov	r6, r1
1000a964:	10a4      	asrs	r4, r4, #2
1000a966:	d02c      	beq.n	1000a9c2 <__pow5mult+0x6e>
1000a968:	6c3d      	ldr	r5, [r7, #64]	@ 0x40
1000a96a:	2d00      	cmp	r5, #0
1000a96c:	d035      	beq.n	1000a9da <__pow5mult+0x86>
1000a96e:	f004 0301 	and.w	r3, r4, #1
1000a972:	f04f 0800 	mov.w	r8, #0
1000a976:	1064      	asrs	r4, r4, #1
1000a978:	b93b      	cbnz	r3, 1000a98a <__pow5mult+0x36>
1000a97a:	6828      	ldr	r0, [r5, #0]
1000a97c:	b1b8      	cbz	r0, 1000a9ae <__pow5mult+0x5a>
1000a97e:	4605      	mov	r5, r0
1000a980:	f004 0301 	and.w	r3, r4, #1
1000a984:	1064      	asrs	r4, r4, #1
1000a986:	2b00      	cmp	r3, #0
1000a988:	d0f7      	beq.n	1000a97a <__pow5mult+0x26>
1000a98a:	462a      	mov	r2, r5
1000a98c:	4631      	mov	r1, r6
1000a98e:	4638      	mov	r0, r7
1000a990:	f7ff ff2c 	bl	1000a7ec <__multiply>
1000a994:	b136      	cbz	r6, 1000a9a4 <__pow5mult+0x50>
1000a996:	6c7b      	ldr	r3, [r7, #68]	@ 0x44
1000a998:	6871      	ldr	r1, [r6, #4]
1000a99a:	f853 2021 	ldr.w	r2, [r3, r1, lsl #2]
1000a99e:	6032      	str	r2, [r6, #0]
1000a9a0:	f843 6021 	str.w	r6, [r3, r1, lsl #2]
1000a9a4:	b174      	cbz	r4, 1000a9c4 <__pow5mult+0x70>
1000a9a6:	4606      	mov	r6, r0
1000a9a8:	6828      	ldr	r0, [r5, #0]
1000a9aa:	2800      	cmp	r0, #0
1000a9ac:	d1e7      	bne.n	1000a97e <__pow5mult+0x2a>
1000a9ae:	462a      	mov	r2, r5
1000a9b0:	4629      	mov	r1, r5
1000a9b2:	4638      	mov	r0, r7
1000a9b4:	f7ff ff1a 	bl	1000a7ec <__multiply>
1000a9b8:	6028      	str	r0, [r5, #0]
1000a9ba:	4605      	mov	r5, r0
1000a9bc:	f8c0 8000 	str.w	r8, [r0]
1000a9c0:	e7de      	b.n	1000a980 <__pow5mult+0x2c>
1000a9c2:	4630      	mov	r0, r6
1000a9c4:	e8bd 81f0 	ldmia.w	sp!, {r4, r5, r6, r7, r8, pc}
1000a9c8:	3b01      	subs	r3, #1
1000a9ca:	4a0f      	ldr	r2, [pc, #60]	@ (1000aa08 <__pow5mult+0xb4>)
1000a9cc:	f852 2023 	ldr.w	r2, [r2, r3, lsl #2]
1000a9d0:	2300      	movs	r3, #0
1000a9d2:	f7ff fdc9 	bl	1000a568 <__multadd>
1000a9d6:	4606      	mov	r6, r0
1000a9d8:	e7c4      	b.n	1000a964 <__pow5mult+0x10>
1000a9da:	2101      	movs	r1, #1
1000a9dc:	4638      	mov	r0, r7
1000a9de:	f7ff fd93 	bl	1000a508 <_Balloc>
1000a9e2:	4605      	mov	r5, r0
1000a9e4:	b140      	cbz	r0, 1000a9f8 <__pow5mult+0xa4>
1000a9e6:	2301      	movs	r3, #1
1000a9e8:	f240 2271 	movw	r2, #625	@ 0x271
1000a9ec:	e9c0 3204 	strd	r3, r2, [r0, #16]
1000a9f0:	2300      	movs	r3, #0
1000a9f2:	6438      	str	r0, [r7, #64]	@ 0x40
1000a9f4:	6003      	str	r3, [r0, #0]
1000a9f6:	e7ba      	b.n	1000a96e <__pow5mult+0x1a>
1000a9f8:	4602      	mov	r2, r0
1000a9fa:	4b04      	ldr	r3, [pc, #16]	@ (1000aa0c <__pow5mult+0xb8>)
1000a9fc:	f240 1145 	movw	r1, #325	@ 0x145
1000aa00:	4803      	ldr	r0, [pc, #12]	@ (1000aa10 <__pow5mult+0xbc>)
1000aa02:	f7f9 f9f3 	bl	10003dec <__assert_func>
1000aa06:	bf00      	nop
1000aa08:	1000c69c 	.word	0x1000c69c
1000aa0c:	1000bb80 	.word	0x1000bb80
1000aa10:	1000bbf8 	.word	0x1000bbf8

1000aa14 <__lshift>:
1000aa14:	e92d 47f0 	stmdb	sp!, {r4, r5, r6, r7, r8, r9, sl, lr}
1000aa18:	460c      	mov	r4, r1
1000aa1a:	4690      	mov	r8, r2
1000aa1c:	4606      	mov	r6, r0
1000aa1e:	ea4f 1962 	mov.w	r9, r2, asr #5
1000aa22:	6927      	ldr	r7, [r4, #16]
1000aa24:	68a3      	ldr	r3, [r4, #8]
1000aa26:	eb07 1762 	add.w	r7, r7, r2, asr #5
1000aa2a:	6849      	ldr	r1, [r1, #4]
1000aa2c:	1c7d      	adds	r5, r7, #1
1000aa2e:	429d      	cmp	r5, r3
1000aa30:	dd03      	ble.n	1000aa3a <__lshift+0x26>
1000aa32:	005b      	lsls	r3, r3, #1
1000aa34:	3101      	adds	r1, #1
1000aa36:	429d      	cmp	r5, r3
1000aa38:	dcfb      	bgt.n	1000aa32 <__lshift+0x1e>
1000aa3a:	4630      	mov	r0, r6
1000aa3c:	f7ff fd64 	bl	1000a508 <_Balloc>
1000aa40:	2800      	cmp	r0, #0
1000aa42:	d04d      	beq.n	1000aae0 <__lshift+0xcc>
1000aa44:	f1b9 0f00 	cmp.w	r9, #0
1000aa48:	f100 0c14 	add.w	ip, r0, #20
1000aa4c:	dd0b      	ble.n	1000aa66 <__lshift+0x52>
1000aa4e:	f109 0205 	add.w	r2, r9, #5
1000aa52:	4663      	mov	r3, ip
1000aa54:	2100      	movs	r1, #0
1000aa56:	eb00 0282 	add.w	r2, r0, r2, lsl #2
1000aa5a:	f843 1b04 	str.w	r1, [r3], #4
1000aa5e:	4293      	cmp	r3, r2
1000aa60:	d1fb      	bne.n	1000aa5a <__lshift+0x46>
1000aa62:	eb0c 0c89 	add.w	ip, ip, r9, lsl #2
1000aa66:	f104 0314 	add.w	r3, r4, #20
1000aa6a:	6921      	ldr	r1, [r4, #16]
1000aa6c:	f018 081f 	ands.w	r8, r8, #31
1000aa70:	eb03 0181 	add.w	r1, r3, r1, lsl #2
1000aa74:	d02b      	beq.n	1000aace <__lshift+0xba>
1000aa76:	f1c8 0920 	rsb	r9, r8, #32
1000aa7a:	46e6      	mov	lr, ip
1000aa7c:	f04f 0a00 	mov.w	sl, #0
1000aa80:	681a      	ldr	r2, [r3, #0]
1000aa82:	fa02 f208 	lsl.w	r2, r2, r8
1000aa86:	ea42 020a 	orr.w	r2, r2, sl
1000aa8a:	f84e 2b04 	str.w	r2, [lr], #4
1000aa8e:	f853 2b04 	ldr.w	r2, [r3], #4
1000aa92:	4299      	cmp	r1, r3
1000aa94:	fa22 fa09 	lsr.w	sl, r2, r9
1000aa98:	d8f2      	bhi.n	1000aa80 <__lshift+0x6c>
1000aa9a:	1b0b      	subs	r3, r1, r4
1000aa9c:	f104 0215 	add.w	r2, r4, #21
1000aaa0:	3b15      	subs	r3, #21
1000aaa2:	f023 0303 	bic.w	r3, r3, #3
1000aaa6:	4291      	cmp	r1, r2
1000aaa8:	bf38      	it	cc
1000aaaa:	2300      	movcc	r3, #0
1000aaac:	3304      	adds	r3, #4
1000aaae:	f84c a003 	str.w	sl, [ip, r3]
1000aab2:	f1ba 0f00 	cmp.w	sl, #0
1000aab6:	d100      	bne.n	1000aaba <__lshift+0xa6>
1000aab8:	463d      	mov	r5, r7
1000aaba:	6c73      	ldr	r3, [r6, #68]	@ 0x44
1000aabc:	6862      	ldr	r2, [r4, #4]
1000aabe:	6105      	str	r5, [r0, #16]
1000aac0:	f853 1022 	ldr.w	r1, [r3, r2, lsl #2]
1000aac4:	6021      	str	r1, [r4, #0]
1000aac6:	f843 4022 	str.w	r4, [r3, r2, lsl #2]
1000aaca:	e8bd 87f0 	ldmia.w	sp!, {r4, r5, r6, r7, r8, r9, sl, pc}
1000aace:	f1ac 0c04 	sub.w	ip, ip, #4
1000aad2:	f853 2b04 	ldr.w	r2, [r3], #4
1000aad6:	4299      	cmp	r1, r3
1000aad8:	f84c 2f04 	str.w	r2, [ip, #4]!
1000aadc:	d8f9      	bhi.n	1000aad2 <__lshift+0xbe>
1000aade:	e7eb      	b.n	1000aab8 <__lshift+0xa4>
1000aae0:	4602      	mov	r2, r0
1000aae2:	4b03      	ldr	r3, [pc, #12]	@ (1000aaf0 <__lshift+0xdc>)
1000aae4:	f44f 71ef 	mov.w	r1, #478	@ 0x1de
1000aae8:	4802      	ldr	r0, [pc, #8]	@ (1000aaf4 <__lshift+0xe0>)
1000aaea:	f7f9 f97f 	bl	10003dec <__assert_func>
1000aaee:	bf00      	nop
1000aaf0:	1000bb80 	.word	0x1000bb80
1000aaf4:	1000bbf8 	.word	0x1000bbf8

1000aaf8 <__mcmp>:
1000aaf8:	4684      	mov	ip, r0
1000aafa:	690b      	ldr	r3, [r1, #16]
1000aafc:	6900      	ldr	r0, [r0, #16]
1000aafe:	1ac0      	subs	r0, r0, r3
1000ab00:	d116      	bne.n	1000ab30 <__mcmp+0x38>
1000ab02:	f10c 0c14 	add.w	ip, ip, #20
1000ab06:	3114      	adds	r1, #20
1000ab08:	eb0c 0283 	add.w	r2, ip, r3, lsl #2
1000ab0c:	eb01 0383 	add.w	r3, r1, r3, lsl #2
1000ab10:	b410      	push	{r4}
1000ab12:	e001      	b.n	1000ab18 <__mcmp+0x20>
1000ab14:	4594      	cmp	ip, r2
1000ab16:	d208      	bcs.n	1000ab2a <__mcmp+0x32>
1000ab18:	f852 4d04 	ldr.w	r4, [r2, #-4]!
1000ab1c:	f853 1d04 	ldr.w	r1, [r3, #-4]!
1000ab20:	428c      	cmp	r4, r1
1000ab22:	d0f7      	beq.n	1000ab14 <__mcmp+0x1c>
1000ab24:	d205      	bcs.n	1000ab32 <__mcmp+0x3a>
1000ab26:	f04f 30ff 	mov.w	r0, #4294967295
1000ab2a:	f85d 4b04 	ldr.w	r4, [sp], #4
1000ab2e:	4770      	bx	lr
1000ab30:	4770      	bx	lr
1000ab32:	2001      	movs	r0, #1
1000ab34:	f85d 4b04 	ldr.w	r4, [sp], #4
1000ab38:	4770      	bx	lr
1000ab3a:	bf00      	nop

1000ab3c <__mdiff>:
1000ab3c:	e92d 4ff0 	stmdb	sp!, {r4, r5, r6, r7, r8, r9, sl, fp, lr}
1000ab40:	6913      	ldr	r3, [r2, #16]
1000ab42:	b083      	sub	sp, #12
1000ab44:	690e      	ldr	r6, [r1, #16]
1000ab46:	4689      	mov	r9, r1
1000ab48:	4615      	mov	r5, r2
1000ab4a:	1af6      	subs	r6, r6, r3
1000ab4c:	2e00      	cmp	r6, #0
1000ab4e:	d114      	bne.n	1000ab7a <__mdiff+0x3e>
1000ab50:	f101 0714 	add.w	r7, r1, #20
1000ab54:	f102 0114 	add.w	r1, r2, #20
1000ab58:	eb01 0183 	add.w	r1, r1, r3, lsl #2
1000ab5c:	eb07 0383 	add.w	r3, r7, r3, lsl #2
1000ab60:	e001      	b.n	1000ab66 <__mdiff+0x2a>
1000ab62:	429f      	cmp	r7, r3
1000ab64:	d27e      	bcs.n	1000ac64 <__mdiff+0x128>
1000ab66:	f853 4d04 	ldr.w	r4, [r3, #-4]!
1000ab6a:	f851 2d04 	ldr.w	r2, [r1, #-4]!
1000ab6e:	4294      	cmp	r4, r2
1000ab70:	d0f7      	beq.n	1000ab62 <__mdiff+0x26>
1000ab72:	f080 8082 	bcs.w	1000ac7a <__mdiff+0x13e>
1000ab76:	2601      	movs	r6, #1
1000ab78:	e003      	b.n	1000ab82 <__mdiff+0x46>
1000ab7a:	dbfc      	blt.n	1000ab76 <__mdiff+0x3a>
1000ab7c:	2600      	movs	r6, #0
1000ab7e:	460d      	mov	r5, r1
1000ab80:	4691      	mov	r9, r2
1000ab82:	6869      	ldr	r1, [r5, #4]
1000ab84:	f7ff fcc0 	bl	1000a508 <_Balloc>
1000ab88:	2800      	cmp	r0, #0
1000ab8a:	f000 8083 	beq.w	1000ac94 <__mdiff+0x158>
1000ab8e:	692f      	ldr	r7, [r5, #16]
1000ab90:	f105 0b14 	add.w	fp, r5, #20
1000ab94:	f105 0210 	add.w	r2, r5, #16
1000ab98:	f8d9 3010 	ldr.w	r3, [r9, #16]
1000ab9c:	f109 0514 	add.w	r5, r9, #20
1000aba0:	f100 0114 	add.w	r1, r0, #20
1000aba4:	eb0b 0e87 	add.w	lr, fp, r7, lsl #2
1000aba8:	4694      	mov	ip, r2
1000abaa:	eb05 0a83 	add.w	sl, r5, r3, lsl #2
1000abae:	4688      	mov	r8, r1
1000abb0:	2300      	movs	r3, #0
1000abb2:	60c6      	str	r6, [r0, #12]
1000abb4:	f8cd b004 	str.w	fp, [sp, #4]
1000abb8:	f855 6b04 	ldr.w	r6, [r5], #4
1000abbc:	f85c 2f04 	ldr.w	r2, [ip, #4]!
1000abc0:	fa1f fb86 	uxth.w	fp, r6
1000abc4:	45aa      	cmp	sl, r5
1000abc6:	b294      	uxth	r4, r2
1000abc8:	eba4 040b 	sub.w	r4, r4, fp
1000abcc:	441c      	add	r4, r3
1000abce:	ea4f 4316 	mov.w	r3, r6, lsr #16
1000abd2:	ebc3 4312 	rsb	r3, r3, r2, lsr #16
1000abd6:	eb03 4324 	add.w	r3, r3, r4, asr #16
1000abda:	b2a4      	uxth	r4, r4
1000abdc:	ea44 4403 	orr.w	r4, r4, r3, lsl #16
1000abe0:	ea4f 4323 	mov.w	r3, r3, asr #16
1000abe4:	f848 4b04 	str.w	r4, [r8], #4
1000abe8:	d8e6      	bhi.n	1000abb8 <__mdiff+0x7c>
1000abea:	ebaa 0209 	sub.w	r2, sl, r9
1000abee:	f109 0915 	add.w	r9, r9, #21
1000abf2:	f8dd b004 	ldr.w	fp, [sp, #4]
1000abf6:	4626      	mov	r6, r4
1000abf8:	3a15      	subs	r2, #21
1000abfa:	f022 0203 	bic.w	r2, r2, #3
1000abfe:	45ca      	cmp	sl, r9
1000ac00:	bf38      	it	cc
1000ac02:	2200      	movcc	r2, #0
1000ac04:	eb0b 0802 	add.w	r8, fp, r2
1000ac08:	440a      	add	r2, r1
1000ac0a:	f108 0804 	add.w	r8, r8, #4
1000ac0e:	1d14      	adds	r4, r2, #4
1000ac10:	45c6      	cmp	lr, r8
1000ac12:	4645      	mov	r5, r8
1000ac14:	d935      	bls.n	1000ac82 <__mdiff+0x146>
1000ac16:	eba1 010b 	sub.w	r1, r1, fp
1000ac1a:	eb05 0c01 	add.w	ip, r5, r1
1000ac1e:	f855 2b04 	ldr.w	r2, [r5], #4
1000ac22:	fa1f f982 	uxth.w	r9, r2
1000ac26:	18d6      	adds	r6, r2, r3
1000ac28:	0c12      	lsrs	r2, r2, #16
1000ac2a:	45ae      	cmp	lr, r5
1000ac2c:	444b      	add	r3, r9
1000ac2e:	b2b6      	uxth	r6, r6
1000ac30:	eb02 4223 	add.w	r2, r2, r3, asr #16
1000ac34:	ea46 4602 	orr.w	r6, r6, r2, lsl #16
1000ac38:	ea4f 4322 	mov.w	r3, r2, asr #16
1000ac3c:	f8cc 6000 	str.w	r6, [ip]
1000ac40:	d8eb      	bhi.n	1000ac1a <__mdiff+0xde>
1000ac42:	f10e 33ff 	add.w	r3, lr, #4294967295
1000ac46:	eba3 0308 	sub.w	r3, r3, r8
1000ac4a:	f023 0303 	bic.w	r3, r3, #3
1000ac4e:	4423      	add	r3, r4
1000ac50:	b926      	cbnz	r6, 1000ac5c <__mdiff+0x120>
1000ac52:	f853 2d04 	ldr.w	r2, [r3, #-4]!
1000ac56:	3f01      	subs	r7, #1
1000ac58:	2a00      	cmp	r2, #0
1000ac5a:	d0fa      	beq.n	1000ac52 <__mdiff+0x116>
1000ac5c:	6107      	str	r7, [r0, #16]
1000ac5e:	b003      	add	sp, #12
1000ac60:	e8bd 8ff0 	ldmia.w	sp!, {r4, r5, r6, r7, r8, r9, sl, fp, pc}
1000ac64:	2100      	movs	r1, #0
1000ac66:	f7ff fc4f 	bl	1000a508 <_Balloc>
1000ac6a:	b160      	cbz	r0, 1000ac86 <__mdiff+0x14a>
1000ac6c:	2201      	movs	r2, #1
1000ac6e:	2300      	movs	r3, #0
1000ac70:	e9c0 2304 	strd	r2, r3, [r0, #16]
1000ac74:	b003      	add	sp, #12
1000ac76:	e8bd 8ff0 	ldmia.w	sp!, {r4, r5, r6, r7, r8, r9, sl, fp, pc}
1000ac7a:	462b      	mov	r3, r5
1000ac7c:	464d      	mov	r5, r9
1000ac7e:	4699      	mov	r9, r3
1000ac80:	e77f      	b.n	1000ab82 <__mdiff+0x46>
1000ac82:	4613      	mov	r3, r2
1000ac84:	e7e4      	b.n	1000ac50 <__mdiff+0x114>
1000ac86:	4602      	mov	r2, r0
1000ac88:	4b06      	ldr	r3, [pc, #24]	@ (1000aca4 <__mdiff+0x168>)
1000ac8a:	f240 2137 	movw	r1, #567	@ 0x237
1000ac8e:	4806      	ldr	r0, [pc, #24]	@ (1000aca8 <__mdiff+0x16c>)
1000ac90:	f7f9 f8ac 	bl	10003dec <__assert_func>
1000ac94:	4602      	mov	r2, r0
1000ac96:	4b03      	ldr	r3, [pc, #12]	@ (1000aca4 <__mdiff+0x168>)
1000ac98:	f240 2145 	movw	r1, #581	@ 0x245
1000ac9c:	4802      	ldr	r0, [pc, #8]	@ (1000aca8 <__mdiff+0x16c>)
1000ac9e:	f7f9 f8a5 	bl	10003dec <__assert_func>
1000aca2:	bf00      	nop
1000aca4:	1000bb80 	.word	0x1000bb80
1000aca8:	1000bbf8 	.word	0x1000bbf8

1000acac <__ulp>:
1000acac:	4b11      	ldr	r3, [pc, #68]	@ (1000acf4 <__ulp+0x48>)
1000acae:	400b      	ands	r3, r1
1000acb0:	f1a3 7350 	sub.w	r3, r3, #54525952	@ 0x3400000
1000acb4:	2b00      	cmp	r3, #0
1000acb6:	dd03      	ble.n	1000acc0 <__ulp+0x14>
1000acb8:	2200      	movs	r2, #0
1000acba:	4619      	mov	r1, r3
1000acbc:	4610      	mov	r0, r2
1000acbe:	4770      	bx	lr
1000acc0:	425b      	negs	r3, r3
1000acc2:	f1b3 7fa0 	cmp.w	r3, #20971520	@ 0x1400000
1000acc6:	ea4f 5123 	mov.w	r1, r3, asr #20
1000acca:	da06      	bge.n	1000acda <__ulp+0x2e>
1000accc:	f44f 2300 	mov.w	r3, #524288	@ 0x80000
1000acd0:	2200      	movs	r2, #0
1000acd2:	410b      	asrs	r3, r1
1000acd4:	4610      	mov	r0, r2
1000acd6:	4619      	mov	r1, r3
1000acd8:	4770      	bx	lr
1000acda:	3914      	subs	r1, #20
1000acdc:	291e      	cmp	r1, #30
1000acde:	dd04      	ble.n	1000acea <__ulp+0x3e>
1000ace0:	2201      	movs	r2, #1
1000ace2:	2300      	movs	r3, #0
1000ace4:	4610      	mov	r0, r2
1000ace6:	4619      	mov	r1, r3
1000ace8:	4770      	bx	lr
1000acea:	f04f 4200 	mov.w	r2, #2147483648	@ 0x80000000
1000acee:	40ca      	lsrs	r2, r1
1000acf0:	e7f7      	b.n	1000ace2 <__ulp+0x36>
1000acf2:	bf00      	nop
1000acf4:	7ff00000 	.word	0x7ff00000

1000acf8 <__b2d>:
1000acf8:	e92d 43f8 	stmdb	sp!, {r3, r4, r5, r6, r7, r8, r9, lr}
1000acfc:	6906      	ldr	r6, [r0, #16]
1000acfe:	f100 0814 	add.w	r8, r0, #20
1000ad02:	eb08 0686 	add.w	r6, r8, r6, lsl #2
1000ad06:	f856 7c04 	ldr.w	r7, [r6, #-4]
1000ad0a:	f1a6 0904 	sub.w	r9, r6, #4
1000ad0e:	4638      	mov	r0, r7
1000ad10:	f7ff fcd4 	bl	1000a6bc <__hi0bits>
1000ad14:	f1c0 0320 	rsb	r3, r0, #32
1000ad18:	280a      	cmp	r0, #10
1000ad1a:	600b      	str	r3, [r1, #0]
1000ad1c:	dd34      	ble.n	1000ad88 <__b2d+0x90>
1000ad1e:	45c8      	cmp	r8, r9
1000ad20:	f1a0 020b 	sub.w	r2, r0, #11
1000ad24:	d21a      	bcs.n	1000ad5c <__b2d+0x64>
1000ad26:	f856 3c08 	ldr.w	r3, [r6, #-8]
1000ad2a:	b32a      	cbz	r2, 1000ad78 <__b2d+0x80>
1000ad2c:	f1c2 0020 	rsb	r0, r2, #32
1000ad30:	4097      	lsls	r7, r2
1000ad32:	f1a6 0108 	sub.w	r1, r6, #8
1000ad36:	fa23 f400 	lsr.w	r4, r3, r0
1000ad3a:	4093      	lsls	r3, r2
1000ad3c:	4588      	cmp	r8, r1
1000ad3e:	ea47 0704 	orr.w	r7, r7, r4
1000ad42:	f047 557f 	orr.w	r5, r7, #1069547520	@ 0x3fc00000
1000ad46:	f445 1540 	orr.w	r5, r5, #3145728	@ 0x300000
1000ad4a:	d219      	bcs.n	1000ad80 <__b2d+0x88>
1000ad4c:	f856 2c0c 	ldr.w	r2, [r6, #-12]
1000ad50:	4629      	mov	r1, r5
1000ad52:	40c2      	lsrs	r2, r0
1000ad54:	4313      	orrs	r3, r2
1000ad56:	4618      	mov	r0, r3
1000ad58:	e8bd 83f8 	ldmia.w	sp!, {r3, r4, r5, r6, r7, r8, r9, pc}
1000ad5c:	280b      	cmp	r0, #11
1000ad5e:	d00a      	beq.n	1000ad76 <__b2d+0x7e>
1000ad60:	fa07 f202 	lsl.w	r2, r7, r2
1000ad64:	2300      	movs	r3, #0
1000ad66:	f042 557f 	orr.w	r5, r2, #1069547520	@ 0x3fc00000
1000ad6a:	4618      	mov	r0, r3
1000ad6c:	f445 1540 	orr.w	r5, r5, #3145728	@ 0x300000
1000ad70:	4629      	mov	r1, r5
1000ad72:	e8bd 83f8 	ldmia.w	sp!, {r3, r4, r5, r6, r7, r8, r9, pc}
1000ad76:	2300      	movs	r3, #0
1000ad78:	f047 557f 	orr.w	r5, r7, #1069547520	@ 0x3fc00000
1000ad7c:	f445 1540 	orr.w	r5, r5, #3145728	@ 0x300000
1000ad80:	4618      	mov	r0, r3
1000ad82:	4629      	mov	r1, r5
1000ad84:	e8bd 83f8 	ldmia.w	sp!, {r3, r4, r5, r6, r7, r8, r9, pc}
1000ad88:	f1c0 030b 	rsb	r3, r0, #11
1000ad8c:	45c8      	cmp	r8, r9
1000ad8e:	fa27 f203 	lsr.w	r2, r7, r3
1000ad92:	f042 557f 	orr.w	r5, r2, #1069547520	@ 0x3fc00000
1000ad96:	f445 1540 	orr.w	r5, r5, #3145728	@ 0x300000
1000ad9a:	d309      	bcc.n	1000adb0 <__b2d+0xb8>
1000ad9c:	2200      	movs	r2, #0
1000ad9e:	f100 0315 	add.w	r3, r0, #21
1000ada2:	4629      	mov	r1, r5
1000ada4:	fa07 f303 	lsl.w	r3, r7, r3
1000ada8:	4313      	orrs	r3, r2
1000adaa:	4618      	mov	r0, r3
1000adac:	e8bd 83f8 	ldmia.w	sp!, {r3, r4, r5, r6, r7, r8, r9, pc}
1000adb0:	f856 2c08 	ldr.w	r2, [r6, #-8]
1000adb4:	40da      	lsrs	r2, r3
1000adb6:	e7f2      	b.n	1000ad9e <__b2d+0xa6>

1000adb8 <__d2b>:
1000adb8:	b5f0      	push	{r4, r5, r6, r7, lr}
1000adba:	2101      	movs	r1, #1
1000adbc:	b083      	sub	sp, #12
1000adbe:	4616      	mov	r6, r2
1000adc0:	461f      	mov	r7, r3
1000adc2:	f7ff fba1 	bl	1000a508 <_Balloc>
1000adc6:	4605      	mov	r5, r0
1000adc8:	2800      	cmp	r0, #0
1000adca:	d047      	beq.n	1000ae5c <__d2b+0xa4>
1000adcc:	f3c7 540a 	ubfx	r4, r7, #20, #11
1000add0:	f3c7 0313 	ubfx	r3, r7, #0, #20
1000add4:	b10c      	cbz	r4, 1000adda <__d2b+0x22>
1000add6:	f443 1380 	orr.w	r3, r3, #1048576	@ 0x100000
1000adda:	2e00      	cmp	r6, #0
1000addc:	9301      	str	r3, [sp, #4]
1000adde:	d115      	bne.n	1000ae0c <__d2b+0x54>
1000ade0:	a801      	add	r0, sp, #4
1000ade2:	f7ff fc95 	bl	1000a710 <__lo0bits>
1000ade6:	9a01      	ldr	r2, [sp, #4]
1000ade8:	2101      	movs	r1, #1
1000adea:	f100 0320 	add.w	r3, r0, #32
1000adee:	616a      	str	r2, [r5, #20]
1000adf0:	6129      	str	r1, [r5, #16]
1000adf2:	b31c      	cbz	r4, 1000ae3c <__d2b+0x84>
1000adf4:	f2a4 4433 	subw	r4, r4, #1075	@ 0x433
1000adf8:	f1c3 0035 	rsb	r0, r3, #53	@ 0x35
1000adfc:	441c      	add	r4, r3
1000adfe:	9b08      	ldr	r3, [sp, #32]
1000ae00:	601c      	str	r4, [r3, #0]
1000ae02:	9b09      	ldr	r3, [sp, #36]	@ 0x24
1000ae04:	6018      	str	r0, [r3, #0]
1000ae06:	4628      	mov	r0, r5
1000ae08:	b003      	add	sp, #12
1000ae0a:	bdf0      	pop	{r4, r5, r6, r7, pc}
1000ae0c:	4668      	mov	r0, sp
1000ae0e:	9600      	str	r6, [sp, #0]
1000ae10:	f7ff fc7e 	bl	1000a710 <__lo0bits>
1000ae14:	4603      	mov	r3, r0
1000ae16:	e9dd 1200 	ldrd	r1, r2, [sp]
1000ae1a:	b130      	cbz	r0, 1000ae2a <__d2b+0x72>
1000ae1c:	f1c0 0020 	rsb	r0, r0, #32
1000ae20:	fa02 f000 	lsl.w	r0, r2, r0
1000ae24:	40da      	lsrs	r2, r3
1000ae26:	4301      	orrs	r1, r0
1000ae28:	9201      	str	r2, [sp, #4]
1000ae2a:	2a00      	cmp	r2, #0
1000ae2c:	e9c5 1205 	strd	r1, r2, [r5, #20]
1000ae30:	bf0c      	ite	eq
1000ae32:	2101      	moveq	r1, #1
1000ae34:	2102      	movne	r1, #2
1000ae36:	6129      	str	r1, [r5, #16]
1000ae38:	2c00      	cmp	r4, #0
1000ae3a:	d1db      	bne.n	1000adf4 <__d2b+0x3c>
1000ae3c:	f2a3 4332 	subw	r3, r3, #1074	@ 0x432
1000ae40:	eb05 0281 	add.w	r2, r5, r1, lsl #2
1000ae44:	9808      	ldr	r0, [sp, #32]
1000ae46:	6003      	str	r3, [r0, #0]
1000ae48:	6910      	ldr	r0, [r2, #16]
1000ae4a:	f7ff fc37 	bl	1000a6bc <__hi0bits>
1000ae4e:	9b09      	ldr	r3, [sp, #36]	@ 0x24
1000ae50:	ebc0 1041 	rsb	r0, r0, r1, lsl #5
1000ae54:	6018      	str	r0, [r3, #0]
1000ae56:	4628      	mov	r0, r5
1000ae58:	b003      	add	sp, #12
1000ae5a:	bdf0      	pop	{r4, r5, r6, r7, pc}
1000ae5c:	4602      	mov	r2, r0
1000ae5e:	4b03      	ldr	r3, [pc, #12]	@ (1000ae6c <__d2b+0xb4>)
1000ae60:	f240 310f 	movw	r1, #783	@ 0x30f
1000ae64:	4802      	ldr	r0, [pc, #8]	@ (1000ae70 <__d2b+0xb8>)
1000ae66:	f7f8 ffc1 	bl	10003dec <__assert_func>
1000ae6a:	bf00      	nop
1000ae6c:	1000bb80 	.word	0x1000bb80
1000ae70:	1000bbf8 	.word	0x1000bbf8

1000ae74 <__ratio>:
1000ae74:	e92d 43f0 	stmdb	sp!, {r4, r5, r6, r7, r8, r9, lr}
1000ae78:	b083      	sub	sp, #12
1000ae7a:	4688      	mov	r8, r1
1000ae7c:	4681      	mov	r9, r0
1000ae7e:	4669      	mov	r1, sp
1000ae80:	f7ff ff3a 	bl	1000acf8 <__b2d>
1000ae84:	4604      	mov	r4, r0
1000ae86:	460d      	mov	r5, r1
1000ae88:	4640      	mov	r0, r8
1000ae8a:	a901      	add	r1, sp, #4
1000ae8c:	f7ff ff34 	bl	1000acf8 <__b2d>
1000ae90:	f8d9 3010 	ldr.w	r3, [r9, #16]
1000ae94:	f8d8 2010 	ldr.w	r2, [r8, #16]
1000ae98:	eba3 0c02 	sub.w	ip, r3, r2
1000ae9c:	e9dd 3200 	ldrd	r3, r2, [sp]
1000aea0:	1a9b      	subs	r3, r3, r2
1000aea2:	eb03 134c 	add.w	r3, r3, ip, lsl #5
1000aea6:	2b00      	cmp	r3, #0
1000aea8:	dd0b      	ble.n	1000aec2 <__ratio+0x4e>
1000aeaa:	eb05 5703 	add.w	r7, r5, r3, lsl #20
1000aeae:	463d      	mov	r5, r7
1000aeb0:	4602      	mov	r2, r0
1000aeb2:	460b      	mov	r3, r1
1000aeb4:	4620      	mov	r0, r4
1000aeb6:	4629      	mov	r1, r5
1000aeb8:	f7f7 fbc8 	bl	1000264c <__wrap___aeabi_ddiv>
1000aebc:	b003      	add	sp, #12
1000aebe:	e8bd 83f0 	ldmia.w	sp!, {r4, r5, r6, r7, r8, r9, pc}
1000aec2:	ebc3 3303 	rsb	r3, r3, r3, lsl #12
1000aec6:	eb01 5903 	add.w	r9, r1, r3, lsl #20
1000aeca:	4649      	mov	r1, r9
1000aecc:	e7f0      	b.n	1000aeb0 <__ratio+0x3c>
1000aece:	bf00      	nop

1000aed0 <__copybits>:
1000aed0:	3901      	subs	r1, #1
1000aed2:	f102 0314 	add.w	r3, r2, #20
1000aed6:	ea4f 1c61 	mov.w	ip, r1, asr #5
1000aeda:	6911      	ldr	r1, [r2, #16]
1000aedc:	eb03 0181 	add.w	r1, r3, r1, lsl #2
1000aee0:	f10c 0c01 	add.w	ip, ip, #1
1000aee4:	428b      	cmp	r3, r1
1000aee6:	eb00 0c8c 	add.w	ip, r0, ip, lsl #2
1000aeea:	d216      	bcs.n	1000af1a <__copybits+0x4a>
1000aeec:	b510      	push	{r4, lr}
1000aeee:	f1a0 0e04 	sub.w	lr, r0, #4
1000aef2:	f853 4b04 	ldr.w	r4, [r3], #4
1000aef6:	4299      	cmp	r1, r3
1000aef8:	f84e 4f04 	str.w	r4, [lr, #4]!
1000aefc:	d8f9      	bhi.n	1000aef2 <__copybits+0x22>
1000aefe:	1a89      	subs	r1, r1, r2
1000af00:	3004      	adds	r0, #4
1000af02:	3915      	subs	r1, #21
1000af04:	f021 0103 	bic.w	r1, r1, #3
1000af08:	4408      	add	r0, r1
1000af0a:	4584      	cmp	ip, r0
1000af0c:	d904      	bls.n	1000af18 <__copybits+0x48>
1000af0e:	2300      	movs	r3, #0
1000af10:	f840 3b04 	str.w	r3, [r0], #4
1000af14:	4584      	cmp	ip, r0
1000af16:	d8fb      	bhi.n	1000af10 <__copybits+0x40>
1000af18:	bd10      	pop	{r4, pc}
1000af1a:	4584      	cmp	ip, r0
1000af1c:	d905      	bls.n	1000af2a <__copybits+0x5a>
1000af1e:	2300      	movs	r3, #0
1000af20:	f840 3b04 	str.w	r3, [r0], #4
1000af24:	4584      	cmp	ip, r0
1000af26:	d8fb      	bhi.n	1000af20 <__copybits+0x50>
1000af28:	4770      	bx	lr
1000af2a:	4770      	bx	lr

1000af2c <__any_on>:
1000af2c:	6903      	ldr	r3, [r0, #16]
1000af2e:	114a      	asrs	r2, r1, #5
1000af30:	3014      	adds	r0, #20
1000af32:	4293      	cmp	r3, r2
1000af34:	da09      	bge.n	1000af4a <__any_on+0x1e>
1000af36:	eb00 0383 	add.w	r3, r0, r3, lsl #2
1000af3a:	e002      	b.n	1000af42 <__any_on+0x16>
1000af3c:	f853 2d04 	ldr.w	r2, [r3, #-4]!
1000af40:	b9aa      	cbnz	r2, 1000af6e <__any_on+0x42>
1000af42:	4283      	cmp	r3, r0
1000af44:	d8fa      	bhi.n	1000af3c <__any_on+0x10>
1000af46:	2000      	movs	r0, #0
1000af48:	4770      	bx	lr
1000af4a:	eb00 0382 	add.w	r3, r0, r2, lsl #2
1000af4e:	ddf8      	ble.n	1000af42 <__any_on+0x16>
1000af50:	f011 011f 	ands.w	r1, r1, #31
1000af54:	d0f5      	beq.n	1000af42 <__any_on+0x16>
1000af56:	b410      	push	{r4}
1000af58:	f850 4022 	ldr.w	r4, [r0, r2, lsl #2]
1000af5c:	fa24 f201 	lsr.w	r2, r4, r1
1000af60:	408a      	lsls	r2, r1
1000af62:	4294      	cmp	r4, r2
1000af64:	d009      	beq.n	1000af7a <__any_on+0x4e>
1000af66:	2001      	movs	r0, #1
1000af68:	f85d 4b04 	ldr.w	r4, [sp], #4
1000af6c:	4770      	bx	lr
1000af6e:	2001      	movs	r0, #1
1000af70:	4770      	bx	lr
1000af72:	f853 2d04 	ldr.w	r2, [r3, #-4]!
1000af76:	2a00      	cmp	r2, #0
1000af78:	d1f5      	bne.n	1000af66 <__any_on+0x3a>
1000af7a:	4283      	cmp	r3, r0
1000af7c:	d8f9      	bhi.n	1000af72 <__any_on+0x46>
1000af7e:	2000      	movs	r0, #0
1000af80:	f85d 4b04 	ldr.w	r4, [sp], #4
1000af84:	4770      	bx	lr
1000af86:	bf00      	nop

1000af88 <__ascii_wctomb>:
1000af88:	4603      	mov	r3, r0
1000af8a:	b149      	cbz	r1, 1000afa0 <__ascii_wctomb+0x18>
1000af8c:	2aff      	cmp	r2, #255	@ 0xff
1000af8e:	d802      	bhi.n	1000af96 <__ascii_wctomb+0xe>
1000af90:	2001      	movs	r0, #1
1000af92:	700a      	strb	r2, [r1, #0]
1000af94:	4770      	bx	lr
1000af96:	228a      	movs	r2, #138	@ 0x8a
1000af98:	f04f 30ff 	mov.w	r0, #4294967295
1000af9c:	601a      	str	r2, [r3, #0]
1000af9e:	4770      	bx	lr
1000afa0:	4608      	mov	r0, r1
1000afa2:	4770      	bx	lr

1000afa4 <_fini>:
1000afa4:	b5f8      	push	{r3, r4, r5, r6, r7, lr}
1000afa6:	bf00      	nop

1000afa8 <__hw_endpoint_reset_transfer_veneer>:
1000afa8:	f85f f000 	ldr.w	pc, [pc]	@ 1000afac <__hw_endpoint_reset_transfer_veneer+0x4>
1000afac:	200006eb 	.word	0x200006eb

1000afb0 <__mutex_enter_timeout_ms_veneer>:
1000afb0:	f85f f000 	ldr.w	pc, [pc]	@ 1000afb4 <__mutex_enter_timeout_ms_veneer+0x4>
1000afb4:	2000021f 	.word	0x2000021f

1000afb8 <__hw_endpoint_start_next_buffer_veneer>:
1000afb8:	f85f f000 	ldr.w	pc, [pc]	@ 1000afbc <__hw_endpoint_start_next_buffer_veneer+0x4>
1000afbc:	20000745 	.word	0x20000745

1000afc0 <__reset_non_control_endpoints_veneer>:
1000afc0:	f85f f000 	ldr.w	pc, [pc]	@ 1000afc4 <__reset_non_control_endpoints_veneer+0x4>
1000afc4:	200002c9 	.word	0x200002c9

1000afc8 <____aeabi_f2d_veneer>:
1000afc8:	f85f f000 	ldr.w	pc, [pc]	@ 1000afcc <____aeabi_f2d_veneer+0x4>
1000afcc:	20000d71 	.word	0x20000d71

1000afd0 <____aeabi_uldivmod_veneer>:
1000afd0:	f85f f000 	ldr.w	pc, [pc]	@ 1000afd4 <____aeabi_uldivmod_veneer+0x4>
1000afd4:	20000e21 	.word	0x20000e21

1000afd8 <__mutex_exit_veneer>:
1000afd8:	f85f f000 	ldr.w	pc, [pc]	@ 1000afdc <__mutex_exit_veneer+0x4>
1000afdc:	20000271 	.word	0x20000271

1000afe0 <__e15_is_bulkin_ep_veneer>:
1000afe0:	f85f f000 	ldr.w	pc, [pc]	@ 1000afe4 <__e15_is_bulkin_ep_veneer+0x4>
1000afe4:	200005f1 	.word	0x200005f1

1000afe8 <___hw_endpoint_buffer_control_update32_veneer>:
1000afe8:	f85f f000 	ldr.w	pc, [pc]	@ 1000afec <___hw_endpoint_buffer_control_update32_veneer+0x4>
1000afec:	200006f9 	.word	0x200006f9

1000aff0 <__mutex_try_enter_block_until_veneer>:
1000aff0:	f85f f000 	ldr.w	pc, [pc]	@ 1000aff4 <__mutex_try_enter_block_until_veneer+0x4>
1000aff4:	200001ed 	.word	0x200001ed

1000aff8 <__mutex_try_enter_veneer>:
1000aff8:	f85f f000 	ldr.w	pc, [pc]	@ 1000affc <__mutex_try_enter_veneer+0x4>
1000affc:	20000111 	.word	0x20000111

1000b000 <__e15_is_critical_frame_period_veneer>:
1000b000:	f85f f000 	ldr.w	pc, [pc]	@ 1000b004 <__e15_is_critical_frame_period_veneer+0x4>
1000b004:	2000061d 	.word	0x2000061d

1000b008 <__spi_write_blocking_veneer>:
1000b008:	f85f f000 	ldr.w	pc, [pc]	@ 1000b00c <__spi_write_blocking_veneer+0x4>
1000b00c:	20000a4d 	.word	0x20000a4d

1000b010 <__pre_init_runtime_init_bootrom_reset>:
1000b010:	1000240d                                .$..

1000b014 <__pre_init_runtime_init_early_resets>:
1000b014:	10002385                                .#..

1000b018 <__pre_init_runtime_init_usb_power_down>:
1000b018:	100023b1                                .#..

1000b01c <__pre_init_runtime_init_clocks>:
1000b01c:	100024a9                                .$..

1000b020 <__pre_init_runtime_init_post_clock_resets>:
1000b020:	100023ed                                .#..

1000b024 <__pre_init_runtime_init_boot_locks_reset>:
1000b024:	10002319                                .#..

1000b028 <__pre_init_runtime_init_spin_locks_reset>:
1000b028:	10002431                                1$..

1000b02c <__pre_init_runtime_init_bootrom_locking_enable>:
1000b02c:	100022e5                                ."..

1000b030 <__pre_init_runtime_init_mutex>:
1000b030:	100014bd                                ....

1000b034 <__pre_init_runtime_init_install_ram_vector_table>:
1000b034:	10002439                                9$..

1000b038 <__pre_init_runtime_init_default_alarm_pool>:
1000b038:	10001d2d                                -...

1000b03c <__pre_init_first_per_core_initializer>:
1000b03c:	10002361                                a#..

1000b040 <__pre_init_runtime_init_per_core_bootrom_reset>:
1000b040:	1000241f                                .$..

1000b044 <__pre_init_runtime_init_per_core_enable_coprocessors>:
1000b044:	100023d1                                .#..

1000b048 <__pre_init_spinlock_set_extexclall>:
1000b048:	10000f3d                                =...

1000b04c <__pre_init_runtime_init_per_core_irq_priorities>:
1000b04c:	10000f95                                ....

1000b050 <__init_array_start>:
1000b050:	10004661 	.word	0x10004661

1000b054 <__frame_dummy_init_array_entry>:
1000b054:	10000211                                ....

Disassembly of section .data:

20000110 <mutex_try_enter>:
20000110:	b500      	push	{lr}
20000112:	4603      	mov	r3, r0
20000114:	6800      	ldr	r0, [r0, #0]
20000116:	f3ef 8210 	mrs	r2, PRIMASK
2000011a:	b672      	cpsid	i
2000011c:	e8d0 efcf 	ldaexb	lr, [r0]
20000120:	f05f 0c01 	movs.w	ip, #1
20000124:	f1be 0f00 	cmp.w	lr, #0
20000128:	d1f8      	bne.n	2000011c <mutex_try_enter+0xc>
2000012a:	e8c0 cf4e 	strexb	lr, ip, [r0]
2000012e:	f1be 0f00 	cmp.w	lr, #0
20000132:	d1f3      	bne.n	2000011c <mutex_try_enter+0xc>
20000134:	f3bf 8f5f 	dmb	sy
20000138:	f993 0004 	ldrsb.w	r0, [r3, #4]
2000013c:	2800      	cmp	r0, #0
2000013e:	db0a      	blt.n	20000156 <mutex_try_enter+0x46>
20000140:	b181      	cbz	r1, 20000164 <mutex_try_enter+0x54>
20000142:	6008      	str	r0, [r1, #0]
20000144:	2000      	movs	r0, #0
20000146:	6819      	ldr	r1, [r3, #0]
20000148:	2300      	movs	r3, #0
2000014a:	e8c1 3f8f 	stlb	r3, [r1]
2000014e:	f382 8810 	msr	PRIMASK, r2
20000152:	f85d fb04 	ldr.w	pc, [sp], #4
20000156:	f04f 4150 	mov.w	r1, #3489660928	@ 0xd0000000
2000015a:	f991 1000 	ldrsb.w	r1, [r1]
2000015e:	7119      	strb	r1, [r3, #4]
20000160:	2001      	movs	r0, #1
20000162:	e7f0      	b.n	20000146 <mutex_try_enter+0x36>
20000164:	2000      	movs	r0, #0
20000166:	e7ee      	b.n	20000146 <mutex_try_enter+0x36>

20000168 <mutex_enter_block_until>:
20000168:	b5f8      	push	{r3, r4, r5, r6, r7, lr}
2000016a:	461e      	mov	r6, r3
2000016c:	6803      	ldr	r3, [r0, #0]
2000016e:	2b00      	cmp	r3, #0
20000170:	d027      	beq.n	200001c2 <mutex_enter_block_until+0x5a>
20000172:	4604      	mov	r4, r0
20000174:	4615      	mov	r5, r2
20000176:	f04f 4350 	mov.w	r3, #3489660928	@ 0xd0000000
2000017a:	f993 7000 	ldrsb.w	r7, [r3]
2000017e:	6821      	ldr	r1, [r4, #0]
20000180:	f3ef 8c10 	mrs	ip, PRIMASK
20000184:	b672      	cpsid	i
20000186:	e8d1 2fcf 	ldaexb	r2, [r1]
2000018a:	2301      	movs	r3, #1
2000018c:	2a00      	cmp	r2, #0
2000018e:	d1fa      	bne.n	20000186 <mutex_enter_block_until+0x1e>
20000190:	e8c1 3f42 	strexb	r2, r3, [r1]
20000194:	2a00      	cmp	r2, #0
20000196:	d1f6      	bne.n	20000186 <mutex_enter_block_until+0x1e>
20000198:	f3bf 8f5f 	dmb	sy
2000019c:	f994 e004 	ldrsb.w	lr, [r4, #4]
200001a0:	f1be 0f00 	cmp.w	lr, #0
200001a4:	db13      	blt.n	200001ce <mutex_enter_block_until+0x66>
200001a6:	6822      	ldr	r2, [r4, #0]
200001a8:	2300      	movs	r3, #0
200001aa:	e8c2 3f8f 	stlb	r3, [r2]
200001ae:	f38c 8810 	msr	PRIMASK, ip
200001b2:	4628      	mov	r0, r5
200001b4:	4631      	mov	r1, r6
200001b6:	f001 f80b 	bl	200011d0 <__best_effort_wfe_or_timeout_veneer>
200001ba:	2800      	cmp	r0, #0
200001bc:	d0df      	beq.n	2000017e <mutex_enter_block_until+0x16>
200001be:	2000      	movs	r0, #0
200001c0:	e00d      	b.n	200001de <mutex_enter_block_until+0x76>
200001c2:	4b07      	ldr	r3, [pc, #28]	@ (200001e0 <mutex_enter_block_until+0x78>)
200001c4:	4a07      	ldr	r2, [pc, #28]	@ (200001e4 <mutex_enter_block_until+0x7c>)
200001c6:	21a6      	movs	r1, #166	@ 0xa6
200001c8:	4807      	ldr	r0, [pc, #28]	@ (200001e8 <mutex_enter_block_until+0x80>)
200001ca:	f001 f805 	bl	200011d8 <____assert_func_veneer>
200001ce:	7127      	strb	r7, [r4, #4]
200001d0:	6822      	ldr	r2, [r4, #0]
200001d2:	2300      	movs	r3, #0
200001d4:	e8c2 3f8f 	stlb	r3, [r2]
200001d8:	f38c 8810 	msr	PRIMASK, ip
200001dc:	2001      	movs	r0, #1
200001de:	bdf8      	pop	{r3, r4, r5, r6, r7, pc}
200001e0:	1000b3f4 	.word	0x1000b3f4
200001e4:	1000bcfc 	.word	0x1000bcfc
200001e8:	1000b3a8 	.word	0x1000b3a8

200001ec <mutex_try_enter_block_until>:
200001ec:	b570      	push	{r4, r5, r6, lr}
200001ee:	b082      	sub	sp, #8
200001f0:	4606      	mov	r6, r0
200001f2:	4615      	mov	r5, r2
200001f4:	461c      	mov	r4, r3
200001f6:	a901      	add	r1, sp, #4
200001f8:	f7ff ff8a 	bl	20000110 <mutex_try_enter>
200001fc:	b938      	cbnz	r0, 2000020e <mutex_try_enter_block_until+0x22>
200001fe:	f99d 2004 	ldrsb.w	r2, [sp, #4]
20000202:	f04f 4350 	mov.w	r3, #3489660928	@ 0xd0000000
20000206:	f993 3000 	ldrsb.w	r3, [r3]
2000020a:	429a      	cmp	r2, r3
2000020c:	d101      	bne.n	20000212 <mutex_try_enter_block_until+0x26>
2000020e:	b002      	add	sp, #8
20000210:	bd70      	pop	{r4, r5, r6, pc}
20000212:	462a      	mov	r2, r5
20000214:	4623      	mov	r3, r4
20000216:	4630      	mov	r0, r6
20000218:	f7ff ffa6 	bl	20000168 <mutex_enter_block_until>
2000021c:	e7f7      	b.n	2000020e <mutex_try_enter_block_until+0x22>

2000021e <mutex_enter_timeout_ms>:
2000021e:	b538      	push	{r3, r4, r5, lr}
20000220:	4604      	mov	r4, r0
20000222:	460d      	mov	r5, r1
20000224:	f000 ffcc 	bl	200011c0 <__time_us_64_veneer>
20000228:	0eeb      	lsrs	r3, r5, #27
2000022a:	ea4f 1c45 	mov.w	ip, r5, lsl #5
2000022e:	ebbc 0c05 	subs.w	ip, ip, r5
20000232:	f163 0300 	sbc.w	r3, r3, #0
20000236:	009b      	lsls	r3, r3, #2
20000238:	ea43 739c 	orr.w	r3, r3, ip, lsr #30
2000023c:	ea4f 0c8c 	mov.w	ip, ip, lsl #2
20000240:	eb1c 0c05 	adds.w	ip, ip, r5
20000244:	f143 0300 	adc.w	r3, r3, #0
20000248:	00db      	lsls	r3, r3, #3
2000024a:	ea43 735c 	orr.w	r3, r3, ip, lsr #29
2000024e:	ea4f 0ccc 	mov.w	ip, ip, lsl #3
20000252:	eb10 020c 	adds.w	r2, r0, ip
20000256:	eb43 0301 	adc.w	r3, r3, r1
2000025a:	2b00      	cmp	r3, #0
2000025c:	db03      	blt.n	20000266 <mutex_enter_timeout_ms+0x48>
2000025e:	4620      	mov	r0, r4
20000260:	f7ff ff82 	bl	20000168 <mutex_enter_block_until>
20000264:	bd38      	pop	{r3, r4, r5, pc}
20000266:	f04f 32ff 	mov.w	r2, #4294967295
2000026a:	f06f 4300 	mvn.w	r3, #2147483648	@ 0x80000000
2000026e:	e7f6      	b.n	2000025e <mutex_enter_timeout_ms+0x40>

20000270 <mutex_exit>:
20000270:	b508      	push	{r3, lr}
20000272:	6802      	ldr	r2, [r0, #0]
20000274:	f3ef 8310 	mrs	r3, PRIMASK
20000278:	b672      	cpsid	i
2000027a:	e8d2 cfcf 	ldaexb	ip, [r2]
2000027e:	2101      	movs	r1, #1
20000280:	f1bc 0f00 	cmp.w	ip, #0
20000284:	d1f9      	bne.n	2000027a <mutex_exit+0xa>
20000286:	e8c2 1f4c 	strexb	ip, r1, [r2]
2000028a:	f1bc 0f00 	cmp.w	ip, #0
2000028e:	d1f4      	bne.n	2000027a <mutex_exit+0xa>
20000290:	f3bf 8f5f 	dmb	sy
20000294:	f990 2004 	ldrsb.w	r2, [r0, #4]
20000298:	2a00      	cmp	r2, #0
2000029a:	db09      	blt.n	200002b0 <mutex_exit+0x40>
2000029c:	22ff      	movs	r2, #255	@ 0xff
2000029e:	7102      	strb	r2, [r0, #4]
200002a0:	6801      	ldr	r1, [r0, #0]
200002a2:	2200      	movs	r2, #0
200002a4:	e8c1 2f8f 	stlb	r2, [r1]
200002a8:	f383 8810 	msr	PRIMASK, r3
200002ac:	bf40      	sev
200002ae:	bd08      	pop	{r3, pc}
200002b0:	4b02      	ldr	r3, [pc, #8]	@ (200002bc <mutex_exit+0x4c>)
200002b2:	4a03      	ldr	r2, [pc, #12]	@ (200002c0 <mutex_exit+0x50>)
200002b4:	21d5      	movs	r1, #213	@ 0xd5
200002b6:	4803      	ldr	r0, [pc, #12]	@ (200002c4 <mutex_exit+0x54>)
200002b8:	f000 ff8e 	bl	200011d8 <____assert_func_veneer>
200002bc:	1000b408 	.word	0x1000b408
200002c0:	1000bcf0 	.word	0x1000bcf0
200002c4:	1000b3a8 	.word	0x1000b3a8

200002c8 <reset_non_control_endpoints>:
200002c8:	b508      	push	{r3, lr}
200002ca:	2300      	movs	r3, #0
200002cc:	e008      	b.n	200002e0 <reset_non_control_endpoints+0x18>
200002ce:	4a0a      	ldr	r2, [pc, #40]	@ (200002f8 <reset_non_control_endpoints+0x30>)
200002d0:	3301      	adds	r3, #1
200002d2:	2100      	movs	r1, #0
200002d4:	f842 1033 	str.w	r1, [r2, r3, lsl #3]
200002d8:	eb02 02c3 	add.w	r2, r2, r3, lsl #3
200002dc:	6051      	str	r1, [r2, #4]
200002de:	b2db      	uxtb	r3, r3
200002e0:	2b0e      	cmp	r3, #14
200002e2:	d9f4      	bls.n	200002ce <reset_non_control_endpoints+0x6>
200002e4:	f44f 7270 	mov.w	r2, #960	@ 0x3c0
200002e8:	2100      	movs	r1, #0
200002ea:	4804      	ldr	r0, [pc, #16]	@ (200002fc <reset_non_control_endpoints+0x34>)
200002ec:	f000 ff6c 	bl	200011c8 <__memset_veneer>
200002f0:	4b03      	ldr	r3, [pc, #12]	@ (20000300 <reset_non_control_endpoints+0x38>)
200002f2:	4a04      	ldr	r2, [pc, #16]	@ (20000304 <reset_non_control_endpoints+0x3c>)
200002f4:	601a      	str	r2, [r3, #0]
200002f6:	bd08      	pop	{r3, pc}
200002f8:	50100000 	.word	0x50100000
200002fc:	20002324 	.word	0x20002324
20000300:	200026ec 	.word	0x200026ec
20000304:	50100180 	.word	0x50100180

20000308 <hw_handle_buff_status>:
20000308:	e92d 43f0 	stmdb	sp!, {r4, r5, r6, r7, r8, r9, lr}
2000030c:	b085      	sub	sp, #20
2000030e:	4b1f      	ldr	r3, [pc, #124]	@ (2000038c <hw_handle_buff_status+0x84>)
20000310:	6d9e      	ldr	r6, [r3, #88]	@ 0x58
20000312:	2400      	movs	r4, #0
20000314:	2501      	movs	r5, #1
20000316:	e004      	b.n	20000322 <hw_handle_buff_status+0x1a>
20000318:	ea26 0605 	bic.w	r6, r6, r5
2000031c:	006d      	lsls	r5, r5, #1
2000031e:	3401      	adds	r4, #1
20000320:	b2e4      	uxtb	r4, r4
20000322:	b386      	cbz	r6, 20000386 <hw_handle_buff_status+0x7e>
20000324:	2c1f      	cmp	r4, #31
20000326:	d82e      	bhi.n	20000386 <hw_handle_buff_status+0x7e>
20000328:	422e      	tst	r6, r5
2000032a:	d0f7      	beq.n	2000031c <hw_handle_buff_status+0x14>
2000032c:	4b18      	ldr	r3, [pc, #96]	@ (20000390 <hw_handle_buff_status+0x88>)
2000032e:	659d      	str	r5, [r3, #88]	@ 0x58
20000330:	ea4f 0954 	mov.w	r9, r4, lsr #1
20000334:	f004 0701 	and.w	r7, r4, #1
20000338:	f087 0701 	eor.w	r7, r7, #1
2000033c:	f004 03fe 	and.w	r3, r4, #254	@ 0xfe
20000340:	443b      	add	r3, r7
20000342:	4a14      	ldr	r2, [pc, #80]	@ (20000394 <hw_handle_buff_status+0x8c>)
20000344:	eb02 1843 	add.w	r8, r2, r3, lsl #5
20000348:	4640      	mov	r0, r8
2000034a:	f000 fa33 	bl	200007b4 <hw_endpoint_xfer_continue>
2000034e:	2800      	cmp	r0, #0
20000350:	d0e2      	beq.n	20000318 <hw_handle_buff_status+0x10>
20000352:	eb07 0749 	add.w	r7, r7, r9, lsl #1
20000356:	4b0f      	ldr	r3, [pc, #60]	@ (20000394 <hw_handle_buff_status+0x8c>)
20000358:	eb03 1347 	add.w	r3, r3, r7, lsl #5
2000035c:	7899      	ldrb	r1, [r3, #2]
2000035e:	8ada      	ldrh	r2, [r3, #22]
20000360:	2300      	movs	r3, #0
20000362:	f88d 3004 	strb.w	r3, [sp, #4]
20000366:	2007      	movs	r0, #7
20000368:	f88d 0005 	strb.w	r0, [sp, #5]
2000036c:	f88d 1008 	strb.w	r1, [sp, #8]
20000370:	9203      	str	r2, [sp, #12]
20000372:	f88d 3009 	strb.w	r3, [sp, #9]
20000376:	2101      	movs	r1, #1
20000378:	a801      	add	r0, sp, #4
2000037a:	f000 fa39 	bl	200007f0 <dcd_event_handler>
2000037e:	4640      	mov	r0, r8
20000380:	f000 f9b3 	bl	200006ea <hw_endpoint_reset_transfer>
20000384:	e7c8      	b.n	20000318 <hw_handle_buff_status+0x10>
20000386:	b005      	add	sp, #20
20000388:	e8bd 83f0 	ldmia.w	sp!, {r4, r5, r6, r7, r8, r9, pc}
2000038c:	50110000 	.word	0x50110000
20000390:	50113000 	.word	0x50113000
20000394:	200022e4 	.word	0x200022e4

20000398 <dcd_rp2040_irq>:
20000398:	e92d 43f0 	stmdb	sp!, {r4, r5, r6, r7, r8, r9, lr}
2000039c:	b085      	sub	sp, #20
2000039e:	4b74      	ldr	r3, [pc, #464]	@ (20000570 <dcd_rp2040_irq+0x1d8>)
200003a0:	f8d3 5098 	ldr.w	r5, [r3, #152]	@ 0x98
200003a4:	f415 3600 	ands.w	r6, r5, #131072	@ 0x20000
200003a8:	d047      	beq.n	2000043a <dcd_rp2040_irq+0xa2>
200003aa:	4b72      	ldr	r3, [pc, #456]	@ (20000574 <dcd_rp2040_irq+0x1dc>)
200003ac:	6a9a      	ldr	r2, [r3, #40]	@ 0x28
200003ae:	4b72      	ldr	r3, [pc, #456]	@ (20000578 <dcd_rp2040_irq+0x1e0>)
200003b0:	601a      	str	r2, [r3, #0]
200003b2:	2400      	movs	r4, #0
200003b4:	4627      	mov	r7, r4
200003b6:	e00a      	b.n	200003ce <dcd_rp2040_irq+0x36>
200003b8:	4b70      	ldr	r3, [pc, #448]	@ (2000057c <dcd_rp2040_irq+0x1e4>)
200003ba:	eb03 1384 	add.w	r3, r3, r4, lsl #6
200003be:	2200      	movs	r2, #0
200003c0:	f883 203c 	strb.w	r2, [r3, #60]	@ 0x3c
200003c4:	f000 f9be 	bl	20000744 <hw_endpoint_start_next_buffer>
200003c8:	4637      	mov	r7, r6
200003ca:	3401      	adds	r4, #1
200003cc:	b2e4      	uxtb	r4, r4
200003ce:	2c0f      	cmp	r4, #15
200003d0:	d819      	bhi.n	20000406 <dcd_rp2040_irq+0x6e>
200003d2:	01a2      	lsls	r2, r4, #6
200003d4:	f102 0020 	add.w	r0, r2, #32
200003d8:	4b68      	ldr	r3, [pc, #416]	@ (2000057c <dcd_rp2040_irq+0x1e4>)
200003da:	4418      	add	r0, r3
200003dc:	4413      	add	r3, r2
200003de:	f893 303b 	ldrb.w	r3, [r3, #59]	@ 0x3b
200003e2:	2b02      	cmp	r3, #2
200003e4:	d1f1      	bne.n	200003ca <dcd_rp2040_irq+0x32>
200003e6:	4b65      	ldr	r3, [pc, #404]	@ (2000057c <dcd_rp2040_irq+0x1e4>)
200003e8:	eb03 1384 	add.w	r3, r3, r4, lsl #6
200003ec:	f893 603a 	ldrb.w	r6, [r3, #58]	@ 0x3a
200003f0:	2e00      	cmp	r6, #0
200003f2:	d0ea      	beq.n	200003ca <dcd_rp2040_irq+0x32>
200003f4:	4b61      	ldr	r3, [pc, #388]	@ (2000057c <dcd_rp2040_irq+0x1e4>)
200003f6:	eb03 1384 	add.w	r3, r3, r4, lsl #6
200003fa:	f893 303c 	ldrb.w	r3, [r3, #60]	@ 0x3c
200003fe:	2b00      	cmp	r3, #0
20000400:	d1da      	bne.n	200003b8 <dcd_rp2040_irq+0x20>
20000402:	4637      	mov	r7, r6
20000404:	e7e1      	b.n	200003ca <dcd_rp2040_irq+0x32>
20000406:	b93f      	cbnz	r7, 20000418 <dcd_rp2040_irq+0x80>
20000408:	4b5d      	ldr	r3, [pc, #372]	@ (20000580 <dcd_rp2040_irq+0x1e8>)
2000040a:	781b      	ldrb	r3, [r3, #0]
2000040c:	b923      	cbnz	r3, 20000418 <dcd_rp2040_irq+0x80>
2000040e:	4b5d      	ldr	r3, [pc, #372]	@ (20000584 <dcd_rp2040_irq+0x1ec>)
20000410:	f44f 3200 	mov.w	r2, #131072	@ 0x20000
20000414:	f8c3 2090 	str.w	r2, [r3, #144]	@ 0x90
20000418:	4b55      	ldr	r3, [pc, #340]	@ (20000570 <dcd_rp2040_irq+0x1d8>)
2000041a:	6c9b      	ldr	r3, [r3, #72]	@ 0x48
2000041c:	f3c3 030a 	ubfx	r3, r3, #0, #11
20000420:	2200      	movs	r2, #0
20000422:	f88d 2004 	strb.w	r2, [sp, #4]
20000426:	2203      	movs	r2, #3
20000428:	f88d 2005 	strb.w	r2, [sp, #5]
2000042c:	9302      	str	r3, [sp, #8]
2000042e:	2101      	movs	r1, #1
20000430:	a801      	add	r0, sp, #4
20000432:	f000 f9dd 	bl	200007f0 <dcd_event_handler>
20000436:	f44f 3600 	mov.w	r6, #131072	@ 0x20000
2000043a:	f015 0f10 	tst.w	r5, #16
2000043e:	d106      	bne.n	2000044e <dcd_rp2040_irq+0xb6>
20000440:	f415 3f80 	tst.w	r5, #65536	@ 0x10000
20000444:	d049      	beq.n	200004da <dcd_rp2040_irq+0x142>
20000446:	f446 3680 	orr.w	r6, r6, #65536	@ 0x10000
2000044a:	2400      	movs	r4, #0
2000044c:	e023      	b.n	20000496 <dcd_rp2040_irq+0xfe>
2000044e:	f046 0610 	orr.w	r6, r6, #16
20000452:	f7ff ff59 	bl	20000308 <hw_handle_buff_status>
20000456:	e7f3      	b.n	20000440 <dcd_rp2040_irq+0xa8>
20000458:	f04f 0802 	mov.w	r8, #2
2000045c:	4b4a      	ldr	r3, [pc, #296]	@ (20000588 <dcd_rp2040_irq+0x1f0>)
2000045e:	f8c3 8060 	str.w	r8, [r3, #96]	@ 0x60
20000462:	4b43      	ldr	r3, [pc, #268]	@ (20000570 <dcd_rp2040_irq+0x1d8>)
20000464:	6e5b      	ldr	r3, [r3, #100]	@ 0x64
20000466:	ea38 0303 	bics.w	r3, r8, r3
2000046a:	d1fa      	bne.n	20000462 <dcd_rp2040_irq+0xca>
2000046c:	f44f 5240 	mov.w	r2, #12288	@ 0x3000
20000470:	2100      	movs	r1, #0
20000472:	4638      	mov	r0, r7
20000474:	f000 f940 	bl	200006f8 <_hw_endpoint_buffer_control_update32>
20000478:	4638      	mov	r0, r7
2000047a:	f000 f936 	bl	200006ea <hw_endpoint_reset_transfer>
2000047e:	4b41      	ldr	r3, [pc, #260]	@ (20000584 <dcd_rp2040_irq+0x1ec>)
20000480:	f8c3 8064 	str.w	r8, [r3, #100]	@ 0x64
20000484:	f8c3 8060 	str.w	r8, [r3, #96]	@ 0x60
20000488:	4b3c      	ldr	r3, [pc, #240]	@ (2000057c <dcd_rp2040_irq+0x1e4>)
2000048a:	eb03 1349 	add.w	r3, r3, r9, lsl #5
2000048e:	2201      	movs	r2, #1
20000490:	70da      	strb	r2, [r3, #3]
20000492:	4414      	add	r4, r2
20000494:	b2e4      	uxtb	r4, r4
20000496:	2c01      	cmp	r4, #1
20000498:	d80b      	bhi.n	200004b2 <dcd_rp2040_irq+0x11a>
2000049a:	46a1      	mov	r9, r4
2000049c:	4f37      	ldr	r7, [pc, #220]	@ (2000057c <dcd_rp2040_irq+0x1e4>)
2000049e:	eb07 1744 	add.w	r7, r7, r4, lsl #5
200004a2:	7ebb      	ldrb	r3, [r7, #26]
200004a4:	2b00      	cmp	r3, #0
200004a6:	d0ef      	beq.n	20000488 <dcd_rp2040_irq+0xf0>
200004a8:	2c00      	cmp	r4, #0
200004aa:	d0d5      	beq.n	20000458 <dcd_rp2040_irq+0xc0>
200004ac:	f04f 0801 	mov.w	r8, #1
200004b0:	e7d4      	b.n	2000045c <dcd_rp2040_irq+0xc4>
200004b2:	2300      	movs	r3, #0
200004b4:	f88d 3004 	strb.w	r3, [sp, #4]
200004b8:	2306      	movs	r3, #6
200004ba:	f88d 3005 	strb.w	r3, [sp, #5]
200004be:	4b33      	ldr	r3, [pc, #204]	@ (2000058c <dcd_rp2040_irq+0x1f4>)
200004c0:	e893 0003 	ldmia.w	r3, {r0, r1}
200004c4:	ab04      	add	r3, sp, #16
200004c6:	e903 0003 	stmdb	r3, {r0, r1}
200004ca:	2101      	movs	r1, #1
200004cc:	a801      	add	r0, sp, #4
200004ce:	f000 f98f 	bl	200007f0 <dcd_event_handler>
200004d2:	4b2c      	ldr	r3, [pc, #176]	@ (20000584 <dcd_rp2040_irq+0x1ec>)
200004d4:	f44f 3200 	mov.w	r2, #131072	@ 0x20000
200004d8:	651a      	str	r2, [r3, #80]	@ 0x50
200004da:	f415 5f80 	tst.w	r5, #4096	@ 0x1000
200004de:	d10a      	bne.n	200004f6 <dcd_rp2040_irq+0x15e>
200004e0:	f415 4f80 	tst.w	r5, #16384	@ 0x4000
200004e4:	d11d      	bne.n	20000522 <dcd_rp2040_irq+0x18a>
200004e6:	f415 4f00 	tst.w	r5, #32768	@ 0x8000
200004ea:	d12b      	bne.n	20000544 <dcd_rp2040_irq+0x1ac>
200004ec:	42ae      	cmp	r6, r5
200004ee:	d13a      	bne.n	20000566 <dcd_rp2040_irq+0x1ce>
200004f0:	b005      	add	sp, #20
200004f2:	e8bd 83f0 	ldmia.w	sp!, {r4, r5, r6, r7, r8, r9, pc}
200004f6:	f446 5680 	orr.w	r6, r6, #4096	@ 0x1000
200004fa:	2400      	movs	r4, #0
200004fc:	4b1c      	ldr	r3, [pc, #112]	@ (20000570 <dcd_rp2040_irq+0x1d8>)
200004fe:	601c      	str	r4, [r3, #0]
20000500:	f7ff fee2 	bl	200002c8 <reset_non_control_endpoints>
20000504:	f88d 4004 	strb.w	r4, [sp, #4]
20000508:	2101      	movs	r1, #1
2000050a:	f88d 1005 	strb.w	r1, [sp, #5]
2000050e:	f88d 4008 	strb.w	r4, [sp, #8]
20000512:	a801      	add	r0, sp, #4
20000514:	f000 f96c 	bl	200007f0 <dcd_event_handler>
20000518:	4b1a      	ldr	r3, [pc, #104]	@ (20000584 <dcd_rp2040_irq+0x1ec>)
2000051a:	f44f 2200 	mov.w	r2, #524288	@ 0x80000
2000051e:	651a      	str	r2, [r3, #80]	@ 0x50
20000520:	e7de      	b.n	200004e0 <dcd_rp2040_irq+0x148>
20000522:	f446 4680 	orr.w	r6, r6, #16384	@ 0x4000
20000526:	2300      	movs	r3, #0
20000528:	f88d 3004 	strb.w	r3, [sp, #4]
2000052c:	2304      	movs	r3, #4
2000052e:	f88d 3005 	strb.w	r3, [sp, #5]
20000532:	2101      	movs	r1, #1
20000534:	eb0d 0003 	add.w	r0, sp, r3
20000538:	f000 f95a 	bl	200007f0 <dcd_event_handler>
2000053c:	4b11      	ldr	r3, [pc, #68]	@ (20000584 <dcd_rp2040_irq+0x1ec>)
2000053e:	2210      	movs	r2, #16
20000540:	651a      	str	r2, [r3, #80]	@ 0x50
20000542:	e7d0      	b.n	200004e6 <dcd_rp2040_irq+0x14e>
20000544:	f446 4600 	orr.w	r6, r6, #32768	@ 0x8000
20000548:	2300      	movs	r3, #0
2000054a:	f88d 3004 	strb.w	r3, [sp, #4]
2000054e:	2305      	movs	r3, #5
20000550:	f88d 3005 	strb.w	r3, [sp, #5]
20000554:	2101      	movs	r1, #1
20000556:	a801      	add	r0, sp, #4
20000558:	f000 f94a 	bl	200007f0 <dcd_event_handler>
2000055c:	4b09      	ldr	r3, [pc, #36]	@ (20000584 <dcd_rp2040_irq+0x1ec>)
2000055e:	f44f 6200 	mov.w	r2, #2048	@ 0x800
20000562:	651a      	str	r2, [r3, #80]	@ 0x50
20000564:	e7c2      	b.n	200004ec <dcd_rp2040_irq+0x154>
20000566:	ea86 0105 	eor.w	r1, r6, r5
2000056a:	4809      	ldr	r0, [pc, #36]	@ (20000590 <dcd_rp2040_irq+0x1f8>)
2000056c:	f000 fe1c 	bl	200011a8 <__panic_veneer>
20000570:	50110000 	.word	0x50110000
20000574:	400b0000 	.word	0x400b0000
20000578:	200022d4 	.word	0x200022d4
2000057c:	200022e4 	.word	0x200022e4
20000580:	200027b2 	.word	0x200027b2
20000584:	50113000 	.word	0x50113000
20000588:	50112000 	.word	0x50112000
2000058c:	50100000 	.word	0x50100000
20000590:	1000b8a4 	.word	0x1000b8a4

20000594 <prepare_ep_buffer>:
20000594:	b5f8      	push	{r3, r4, r5, r6, r7, lr}
20000596:	4604      	mov	r4, r0
20000598:	460f      	mov	r7, r1
2000059a:	8a83      	ldrh	r3, [r0, #20]
2000059c:	8b06      	ldrh	r6, [r0, #24]
2000059e:	429e      	cmp	r6, r3
200005a0:	bf28      	it	cs
200005a2:	461e      	movcs	r6, r3
200005a4:	1b9b      	subs	r3, r3, r6
200005a6:	8283      	strh	r3, [r0, #20]
200005a8:	f446 6280 	orr.w	r2, r6, #1024	@ 0x400
200005ac:	78c3      	ldrb	r3, [r0, #3]
200005ae:	b17b      	cbz	r3, 200005d0 <prepare_ep_buffer+0x3c>
200005b0:	f44f 5500 	mov.w	r5, #8192	@ 0x2000
200005b4:	4315      	orrs	r5, r2
200005b6:	f083 0301 	eor.w	r3, r3, #1
200005ba:	70e3      	strb	r3, [r4, #3]
200005bc:	7863      	ldrb	r3, [r4, #1]
200005be:	b14b      	cbz	r3, 200005d4 <prepare_ep_buffer+0x40>
200005c0:	8aa3      	ldrh	r3, [r4, #20]
200005c2:	b90b      	cbnz	r3, 200005c8 <prepare_ep_buffer+0x34>
200005c4:	f445 4580 	orr.w	r5, r5, #16384	@ 0x4000
200005c8:	b107      	cbz	r7, 200005cc <prepare_ep_buffer+0x38>
200005ca:	042d      	lsls	r5, r5, #16
200005cc:	4628      	mov	r0, r5
200005ce:	bdf8      	pop	{r3, r4, r5, r6, r7, pc}
200005d0:	2500      	movs	r5, #0
200005d2:	e7ef      	b.n	200005b4 <prepare_ep_buffer+0x20>
200005d4:	68e0      	ldr	r0, [r4, #12]
200005d6:	4632      	mov	r2, r6
200005d8:	6921      	ldr	r1, [r4, #16]
200005da:	eb00 1087 	add.w	r0, r0, r7, lsl #6
200005de:	f000 fdff 	bl	200011e0 <__unaligned_memcpy_veneer>
200005e2:	6923      	ldr	r3, [r4, #16]
200005e4:	4433      	add	r3, r6
200005e6:	6123      	str	r3, [r4, #16]
200005e8:	f445 4500 	orr.w	r5, r5, #32768	@ 0x8000
200005ec:	e7e8      	b.n	200005c0 <prepare_ep_buffer+0x2c>
	...

200005f0 <e15_is_bulkin_ep>:
200005f0:	4b09      	ldr	r3, [pc, #36]	@ (20000618 <e15_is_bulkin_ep+0x28>)
200005f2:	6c1b      	ldr	r3, [r3, #64]	@ 0x40
200005f4:	f013 0f02 	tst.w	r3, #2
200005f8:	d10b      	bne.n	20000612 <e15_is_bulkin_ep+0x22>
200005fa:	7883      	ldrb	r3, [r0, #2]
200005fc:	09db      	lsrs	r3, r3, #7
200005fe:	d101      	bne.n	20000604 <e15_is_bulkin_ep+0x14>
20000600:	2000      	movs	r0, #0
20000602:	4770      	bx	lr
20000604:	7ec3      	ldrb	r3, [r0, #27]
20000606:	2b02      	cmp	r3, #2
20000608:	d001      	beq.n	2000060e <e15_is_bulkin_ep+0x1e>
2000060a:	2000      	movs	r0, #0
2000060c:	4770      	bx	lr
2000060e:	2001      	movs	r0, #1
20000610:	4770      	bx	lr
20000612:	2000      	movs	r0, #0
20000614:	4770      	bx	lr
20000616:	bf00      	nop
20000618:	50110000 	.word	0x50110000

2000061c <e15_is_critical_frame_period>:
2000061c:	b508      	push	{r3, lr}
2000061e:	f7ff ffe7 	bl	200005f0 <e15_is_bulkin_ep>
20000622:	b140      	cbz	r0, 20000636 <e15_is_critical_frame_period+0x1a>
20000624:	4b05      	ldr	r3, [pc, #20]	@ (2000063c <e15_is_critical_frame_period+0x20>)
20000626:	6a9b      	ldr	r3, [r3, #40]	@ 0x28
20000628:	4a05      	ldr	r2, [pc, #20]	@ (20000640 <e15_is_critical_frame_period+0x24>)
2000062a:	6812      	ldr	r2, [r2, #0]
2000062c:	1a9b      	subs	r3, r3, r2
2000062e:	f5a3 7348 	sub.w	r3, r3, #800	@ 0x320
20000632:	2bc6      	cmp	r3, #198	@ 0xc6
20000634:	d800      	bhi.n	20000638 <e15_is_critical_frame_period+0x1c>
20000636:	bd08      	pop	{r3, pc}
20000638:	2000      	movs	r0, #0
2000063a:	e7fc      	b.n	20000636 <e15_is_critical_frame_period+0x1a>
2000063c:	400b0000 	.word	0x400b0000
20000640:	200022d4 	.word	0x200022d4

20000644 <sync_ep_buffer>:
20000644:	b538      	push	{r3, r4, r5, lr}
20000646:	4604      	mov	r4, r0
20000648:	6883      	ldr	r3, [r0, #8]
2000064a:	681b      	ldr	r3, [r3, #0]
2000064c:	4608      	mov	r0, r1
2000064e:	b101      	cbz	r1, 20000652 <sync_ep_buffer+0xe>
20000650:	0c1b      	lsrs	r3, r3, #16
20000652:	f3c3 0509 	ubfx	r5, r3, #0, #10
20000656:	7862      	ldrb	r2, [r4, #1]
20000658:	b992      	cbnz	r2, 20000680 <sync_ep_buffer+0x3c>
2000065a:	f413 4f00 	tst.w	r3, #32768	@ 0x8000
2000065e:	d109      	bne.n	20000674 <sync_ep_buffer+0x30>
20000660:	8ae3      	ldrh	r3, [r4, #22]
20000662:	442b      	add	r3, r5
20000664:	82e3      	strh	r3, [r4, #22]
20000666:	8b23      	ldrh	r3, [r4, #24]
20000668:	42ab      	cmp	r3, r5
2000066a:	d901      	bls.n	20000670 <sync_ep_buffer+0x2c>
2000066c:	2300      	movs	r3, #0
2000066e:	82a3      	strh	r3, [r4, #20]
20000670:	4628      	mov	r0, r5
20000672:	bd38      	pop	{r3, r4, r5, pc}
20000674:	4b0e      	ldr	r3, [pc, #56]	@ (200006b0 <sync_ep_buffer+0x6c>)
20000676:	4a0f      	ldr	r2, [pc, #60]	@ (200006b4 <sync_ep_buffer+0x70>)
20000678:	21e8      	movs	r1, #232	@ 0xe8
2000067a:	480f      	ldr	r0, [pc, #60]	@ (200006b8 <sync_ep_buffer+0x74>)
2000067c:	f000 fdac 	bl	200011d8 <____assert_func_veneer>
20000680:	f413 4f00 	tst.w	r3, #32768	@ 0x8000
20000684:	d00d      	beq.n	200006a2 <sync_ep_buffer+0x5e>
20000686:	68e1      	ldr	r1, [r4, #12]
20000688:	462a      	mov	r2, r5
2000068a:	eb01 1180 	add.w	r1, r1, r0, lsl #6
2000068e:	6920      	ldr	r0, [r4, #16]
20000690:	f000 fda6 	bl	200011e0 <__unaligned_memcpy_veneer>
20000694:	8ae3      	ldrh	r3, [r4, #22]
20000696:	442b      	add	r3, r5
20000698:	82e3      	strh	r3, [r4, #22]
2000069a:	6923      	ldr	r3, [r4, #16]
2000069c:	442b      	add	r3, r5
2000069e:	6123      	str	r3, [r4, #16]
200006a0:	e7e1      	b.n	20000666 <sync_ep_buffer+0x22>
200006a2:	4b06      	ldr	r3, [pc, #24]	@ (200006bc <sync_ep_buffer+0x78>)
200006a4:	4a03      	ldr	r2, [pc, #12]	@ (200006b4 <sync_ep_buffer+0x70>)
200006a6:	21ee      	movs	r1, #238	@ 0xee
200006a8:	4803      	ldr	r0, [pc, #12]	@ (200006b8 <sync_ep_buffer+0x74>)
200006aa:	f000 fd95 	bl	200011d8 <____assert_func_veneer>
200006ae:	bf00      	nop
200006b0:	1000b8c4 	.word	0x1000b8c4
200006b4:	1000c030 	.word	0x1000c030
200006b8:	1000b8e4 	.word	0x1000b8e4
200006bc:	1000b944 	.word	0x1000b944

200006c0 <_hw_endpoint_xfer_sync>:
200006c0:	b510      	push	{r4, lr}
200006c2:	4604      	mov	r4, r0
200006c4:	6883      	ldr	r3, [r0, #8]
200006c6:	681b      	ldr	r3, [r3, #0]
200006c8:	2100      	movs	r1, #0
200006ca:	f7ff ffbb 	bl	20000644 <sync_ep_buffer>
200006ce:	6863      	ldr	r3, [r4, #4]
200006d0:	681b      	ldr	r3, [r3, #0]
200006d2:	f013 4f80 	tst.w	r3, #1073741824	@ 0x40000000
200006d6:	d002      	beq.n	200006de <_hw_endpoint_xfer_sync+0x1e>
200006d8:	8b23      	ldrh	r3, [r4, #24]
200006da:	4283      	cmp	r3, r0
200006dc:	d000      	beq.n	200006e0 <_hw_endpoint_xfer_sync+0x20>
200006de:	bd10      	pop	{r4, pc}
200006e0:	2101      	movs	r1, #1
200006e2:	4620      	mov	r0, r4
200006e4:	f7ff ffae 	bl	20000644 <sync_ep_buffer>
200006e8:	e7f9      	b.n	200006de <_hw_endpoint_xfer_sync+0x1e>

200006ea <hw_endpoint_reset_transfer>:
200006ea:	2300      	movs	r3, #0
200006ec:	7683      	strb	r3, [r0, #26]
200006ee:	8283      	strh	r3, [r0, #20]
200006f0:	82c3      	strh	r3, [r0, #22]
200006f2:	6103      	str	r3, [r0, #16]
200006f4:	4770      	bx	lr
	...

200006f8 <_hw_endpoint_buffer_control_update32>:
200006f8:	b508      	push	{r3, lr}
200006fa:	460b      	mov	r3, r1
200006fc:	b111      	cbz	r1, 20000704 <_hw_endpoint_buffer_control_update32+0xc>
200006fe:	6881      	ldr	r1, [r0, #8]
20000700:	6809      	ldr	r1, [r1, #0]
20000702:	400b      	ands	r3, r1
20000704:	b19a      	cbz	r2, 2000072e <_hw_endpoint_buffer_control_update32+0x36>
20000706:	4313      	orrs	r3, r2
20000708:	f412 6f80 	tst.w	r2, #1024	@ 0x400
2000070c:	d00f      	beq.n	2000072e <_hw_endpoint_buffer_control_update32+0x36>
2000070e:	6882      	ldr	r2, [r0, #8]
20000710:	6811      	ldr	r1, [r2, #0]
20000712:	f411 6f80 	tst.w	r1, #1024	@ 0x400
20000716:	d10d      	bne.n	20000734 <_hw_endpoint_buffer_control_update32+0x3c>
20000718:	f423 6180 	bic.w	r1, r3, #1024	@ 0x400
2000071c:	6011      	str	r1, [r2, #0]
2000071e:	4a07      	ldr	r2, [pc, #28]	@ (2000073c <_hw_endpoint_buffer_control_update32+0x44>)
20000720:	6c12      	ldr	r2, [r2, #64]	@ 0x40
20000722:	f012 0f02 	tst.w	r2, #2
20000726:	d102      	bne.n	2000072e <_hw_endpoint_buffer_control_update32+0x36>
20000728:	220c      	movs	r2, #12
2000072a:	3a03      	subs	r2, #3
2000072c:	d2fd      	bcs.n	2000072a <_hw_endpoint_buffer_control_update32+0x32>
2000072e:	6882      	ldr	r2, [r0, #8]
20000730:	6013      	str	r3, [r2, #0]
20000732:	bd08      	pop	{r3, pc}
20000734:	7881      	ldrb	r1, [r0, #2]
20000736:	4802      	ldr	r0, [pc, #8]	@ (20000740 <_hw_endpoint_buffer_control_update32+0x48>)
20000738:	f000 fd36 	bl	200011a8 <__panic_veneer>
2000073c:	50110000 	.word	0x50110000
20000740:	1000b964 	.word	0x1000b964

20000744 <hw_endpoint_start_next_buffer>:
20000744:	b570      	push	{r4, r5, r6, lr}
20000746:	4604      	mov	r4, r0
20000748:	6843      	ldr	r3, [r0, #4]
2000074a:	681d      	ldr	r5, [r3, #0]
2000074c:	2100      	movs	r1, #0
2000074e:	f7ff ff21 	bl	20000594 <prepare_ep_buffer>
20000752:	f440 5680 	orr.w	r6, r0, #4096	@ 0x1000
20000756:	4b16      	ldr	r3, [pc, #88]	@ (200007b0 <hw_endpoint_start_next_buffer+0x6c>)
20000758:	6c1b      	ldr	r3, [r3, #64]	@ 0x40
2000075a:	f013 0f02 	tst.w	r3, #2
2000075e:	d013      	beq.n	20000788 <hw_endpoint_start_next_buffer+0x44>
20000760:	78a3      	ldrb	r3, [r4, #2]
20000762:	f013 0f7f 	tst.w	r3, #127	@ 0x7f
20000766:	d114      	bne.n	20000792 <hw_endpoint_start_next_buffer+0x4e>
20000768:	2300      	movs	r3, #0
2000076a:	8aa2      	ldrh	r2, [r4, #20]
2000076c:	b102      	cbz	r2, 20000770 <hw_endpoint_start_next_buffer+0x2c>
2000076e:	b1a3      	cbz	r3, 2000079a <hw_endpoint_start_next_buffer+0x56>
20000770:	f025 45a0 	bic.w	r5, r5, #1342177280	@ 0x50000000
20000774:	f045 5500 	orr.w	r5, r5, #536870912	@ 0x20000000
20000778:	6863      	ldr	r3, [r4, #4]
2000077a:	601d      	str	r5, [r3, #0]
2000077c:	4632      	mov	r2, r6
2000077e:	2100      	movs	r1, #0
20000780:	4620      	mov	r0, r4
20000782:	f7ff ffb9 	bl	200006f8 <_hw_endpoint_buffer_control_update32>
20000786:	bd70      	pop	{r4, r5, r6, pc}
20000788:	78a3      	ldrb	r3, [r4, #2]
2000078a:	09db      	lsrs	r3, r3, #7
2000078c:	d103      	bne.n	20000796 <hw_endpoint_start_next_buffer+0x52>
2000078e:	2301      	movs	r3, #1
20000790:	e7eb      	b.n	2000076a <hw_endpoint_start_next_buffer+0x26>
20000792:	2301      	movs	r3, #1
20000794:	e7e9      	b.n	2000076a <hw_endpoint_start_next_buffer+0x26>
20000796:	2300      	movs	r3, #0
20000798:	e7e7      	b.n	2000076a <hw_endpoint_start_next_buffer+0x26>
2000079a:	2101      	movs	r1, #1
2000079c:	4620      	mov	r0, r4
2000079e:	f7ff fef9 	bl	20000594 <prepare_ep_buffer>
200007a2:	4306      	orrs	r6, r0
200007a4:	f025 5500 	bic.w	r5, r5, #536870912	@ 0x20000000
200007a8:	f045 45a0 	orr.w	r5, r5, #1342177280	@ 0x50000000
200007ac:	e7e4      	b.n	20000778 <hw_endpoint_start_next_buffer+0x34>
200007ae:	bf00      	nop
200007b0:	50110000 	.word	0x50110000

200007b4 <hw_endpoint_xfer_continue>:
200007b4:	b538      	push	{r3, r4, r5, lr}
200007b6:	4604      	mov	r4, r0
200007b8:	7e85      	ldrb	r5, [r0, #26]
200007ba:	b12d      	cbz	r5, 200007c8 <hw_endpoint_xfer_continue+0x14>
200007bc:	f7ff ff80 	bl	200006c0 <_hw_endpoint_xfer_sync>
200007c0:	8aa3      	ldrh	r3, [r4, #20]
200007c2:	b92b      	cbnz	r3, 200007d0 <hw_endpoint_xfer_continue+0x1c>
200007c4:	4628      	mov	r0, r5
200007c6:	bd38      	pop	{r3, r4, r5, pc}
200007c8:	7881      	ldrb	r1, [r0, #2]
200007ca:	4808      	ldr	r0, [pc, #32]	@ (200007ec <hw_endpoint_xfer_continue+0x38>)
200007cc:	f000 fcec 	bl	200011a8 <__panic_veneer>
200007d0:	4620      	mov	r0, r4
200007d2:	f7ff ff23 	bl	2000061c <e15_is_critical_frame_period>
200007d6:	4605      	mov	r5, r0
200007d8:	b118      	cbz	r0, 200007e2 <hw_endpoint_xfer_continue+0x2e>
200007da:	2301      	movs	r3, #1
200007dc:	7723      	strb	r3, [r4, #28]
200007de:	2500      	movs	r5, #0
200007e0:	e7f0      	b.n	200007c4 <hw_endpoint_xfer_continue+0x10>
200007e2:	4620      	mov	r0, r4
200007e4:	f7ff ffae 	bl	20000744 <hw_endpoint_start_next_buffer>
200007e8:	e7ec      	b.n	200007c4 <hw_endpoint_xfer_continue+0x10>
200007ea:	bf00      	nop
200007ec:	1000b984 	.word	0x1000b984

200007f0 <dcd_event_handler>:
200007f0:	b5f0      	push	{r4, r5, r6, r7, lr}
200007f2:	b085      	sub	sp, #20
200007f4:	4605      	mov	r5, r0
200007f6:	460e      	mov	r6, r1
200007f8:	7843      	ldrb	r3, [r0, #1]
200007fa:	3b02      	subs	r3, #2
200007fc:	2b04      	cmp	r3, #4
200007fe:	d815      	bhi.n	2000082c <dcd_event_handler+0x3c>
20000800:	e8df f013 	tbh	[pc, r3, lsl #1]
20000804:	006a0005 	.word	0x006a0005
20000808:	0046003b 	.word	0x0046003b
2000080c:	00fd      	.short	0x00fd
2000080e:	4b87      	ldr	r3, [pc, #540]	@ (20000a2c <dcd_event_handler+0x23c>)
20000810:	781a      	ldrb	r2, [r3, #0]
20000812:	f022 0201 	bic.w	r2, r2, #1
20000816:	701a      	strb	r2, [r3, #0]
20000818:	781a      	ldrb	r2, [r3, #0]
2000081a:	f022 0202 	bic.w	r2, r2, #2
2000081e:	701a      	strb	r2, [r3, #0]
20000820:	2100      	movs	r1, #0
20000822:	7059      	strb	r1, [r3, #1]
20000824:	781a      	ldrb	r2, [r3, #0]
20000826:	f361 0282 	bfi	r2, r1, #2, #1
2000082a:	701a      	strb	r2, [r3, #0]
2000082c:	4b80      	ldr	r3, [pc, #512]	@ (20000a30 <dcd_event_handler+0x240>)
2000082e:	681c      	ldr	r4, [r3, #0]
20000830:	6963      	ldr	r3, [r4, #20]
20000832:	f3ef 8210 	mrs	r2, PRIMASK
20000836:	b672      	cpsid	i
20000838:	e8d3 0fcf 	ldaexb	r0, [r3]
2000083c:	2101      	movs	r1, #1
2000083e:	2800      	cmp	r0, #0
20000840:	d1fa      	bne.n	20000838 <dcd_event_handler+0x48>
20000842:	e8c3 1f40 	strexb	r0, r1, [r3]
20000846:	2800      	cmp	r0, #0
20000848:	d1f6      	bne.n	20000838 <dcd_event_handler+0x48>
2000084a:	f3bf 8f5f 	dmb	sy
2000084e:	61a2      	str	r2, [r4, #24]
20000850:	4629      	mov	r1, r5
20000852:	4620      	mov	r0, r4
20000854:	f000 fca4 	bl	200011a0 <__tu_fifo_write_veneer>
20000858:	6961      	ldr	r1, [r4, #20]
2000085a:	69a3      	ldr	r3, [r4, #24]
2000085c:	2200      	movs	r2, #0
2000085e:	e8c1 2f8f 	stlb	r2, [r1]
20000862:	f383 8810 	msr	PRIMASK, r3
20000866:	2800      	cmp	r0, #0
20000868:	f000 80cf 	beq.w	20000a0a <dcd_event_handler+0x21a>
2000086c:	4632      	mov	r2, r6
2000086e:	7869      	ldrb	r1, [r5, #1]
20000870:	7828      	ldrb	r0, [r5, #0]
20000872:	f000 fca1 	bl	200011b8 <__tud_event_hook_cb_veneer>
20000876:	b005      	add	sp, #20
20000878:	bdf0      	pop	{r4, r5, r6, r7, pc}
2000087a:	4b6c      	ldr	r3, [pc, #432]	@ (20000a2c <dcd_event_handler+0x23c>)
2000087c:	781b      	ldrb	r3, [r3, #0]
2000087e:	f013 0f01 	tst.w	r3, #1
20000882:	d0f8      	beq.n	20000876 <dcd_event_handler+0x86>
20000884:	4a69      	ldr	r2, [pc, #420]	@ (20000a2c <dcd_event_handler+0x23c>)
20000886:	7813      	ldrb	r3, [r2, #0]
20000888:	f043 0304 	orr.w	r3, r3, #4
2000088c:	7013      	strb	r3, [r2, #0]
2000088e:	e7cd      	b.n	2000082c <dcd_event_handler+0x3c>
20000890:	4b66      	ldr	r3, [pc, #408]	@ (20000a2c <dcd_event_handler+0x23c>)
20000892:	781b      	ldrb	r3, [r3, #0]
20000894:	f013 0f01 	tst.w	r3, #1
20000898:	d0ed      	beq.n	20000876 <dcd_event_handler+0x86>
2000089a:	4a64      	ldr	r2, [pc, #400]	@ (20000a2c <dcd_event_handler+0x23c>)
2000089c:	7813      	ldrb	r3, [r2, #0]
2000089e:	f023 0304 	bic.w	r3, r3, #4
200008a2:	7013      	strb	r3, [r2, #0]
200008a4:	e7c2      	b.n	2000082c <dcd_event_handler+0x3c>
200008a6:	1ad2      	subs	r2, r2, r3
200008a8:	4b62      	ldr	r3, [pc, #392]	@ (20000a34 <dcd_event_handler+0x244>)
200008aa:	eb03 1342 	add.w	r3, r3, r2, lsl #5
200008ae:	69db      	ldr	r3, [r3, #28]
200008b0:	b113      	cbz	r3, 200008b8 <dcd_event_handler+0xc8>
200008b2:	6869      	ldr	r1, [r5, #4]
200008b4:	7828      	ldrb	r0, [r5, #0]
200008b6:	4798      	blx	r3
200008b8:	3401      	adds	r4, #1
200008ba:	b2e4      	uxtb	r4, r4
200008bc:	4b5e      	ldr	r3, [pc, #376]	@ (20000a38 <dcd_event_handler+0x248>)
200008be:	781b      	ldrb	r3, [r3, #0]
200008c0:	4622      	mov	r2, r4
200008c2:	1c59      	adds	r1, r3, #1
200008c4:	42a1      	cmp	r1, r4
200008c6:	db09      	blt.n	200008dc <dcd_event_handler+0xec>
200008c8:	42a3      	cmp	r3, r4
200008ca:	d9ec      	bls.n	200008a6 <dcd_event_handler+0xb6>
200008cc:	4b5b      	ldr	r3, [pc, #364]	@ (20000a3c <dcd_event_handler+0x24c>)
200008ce:	681b      	ldr	r3, [r3, #0]
200008d0:	eb13 1344 	adds.w	r3, r3, r4, lsl #5
200008d4:	d1eb      	bne.n	200008ae <dcd_event_handler+0xbe>
200008d6:	e7ef      	b.n	200008b8 <dcd_event_handler+0xc8>
200008d8:	2400      	movs	r4, #0
200008da:	e7ef      	b.n	200008bc <dcd_event_handler+0xcc>
200008dc:	4b53      	ldr	r3, [pc, #332]	@ (20000a2c <dcd_event_handler+0x23c>)
200008de:	781b      	ldrb	r3, [r3, #0]
200008e0:	f013 0f04 	tst.w	r3, #4
200008e4:	d136      	bne.n	20000954 <dcd_event_handler+0x164>
200008e6:	4b51      	ldr	r3, [pc, #324]	@ (20000a2c <dcd_event_handler+0x23c>)
200008e8:	78db      	ldrb	r3, [r3, #3]
200008ea:	f013 0f01 	tst.w	r3, #1
200008ee:	d0c2      	beq.n	20000876 <dcd_event_handler+0x86>
200008f0:	a901      	add	r1, sp, #4
200008f2:	2700      	movs	r7, #0
200008f4:	9701      	str	r7, [sp, #4]
200008f6:	604f      	str	r7, [r1, #4]
200008f8:	608f      	str	r7, [r1, #8]
200008fa:	782b      	ldrb	r3, [r5, #0]
200008fc:	f88d 3004 	strb.w	r3, [sp, #4]
20000900:	2303      	movs	r3, #3
20000902:	f88d 3005 	strb.w	r3, [sp, #5]
20000906:	686b      	ldr	r3, [r5, #4]
20000908:	9302      	str	r3, [sp, #8]
2000090a:	4b49      	ldr	r3, [pc, #292]	@ (20000a30 <dcd_event_handler+0x240>)
2000090c:	681c      	ldr	r4, [r3, #0]
2000090e:	6963      	ldr	r3, [r4, #20]
20000910:	f3ef 8210 	mrs	r2, PRIMASK
20000914:	b672      	cpsid	i
20000916:	e8d3 5fcf 	ldaexb	r5, [r3]
2000091a:	2001      	movs	r0, #1
2000091c:	2d00      	cmp	r5, #0
2000091e:	d1fa      	bne.n	20000916 <dcd_event_handler+0x126>
20000920:	e8c3 0f45 	strexb	r5, r0, [r3]
20000924:	2d00      	cmp	r5, #0
20000926:	d1f6      	bne.n	20000916 <dcd_event_handler+0x126>
20000928:	f3bf 8f5f 	dmb	sy
2000092c:	61a2      	str	r2, [r4, #24]
2000092e:	4620      	mov	r0, r4
20000930:	f000 fc36 	bl	200011a0 <__tu_fifo_write_veneer>
20000934:	6962      	ldr	r2, [r4, #20]
20000936:	69a3      	ldr	r3, [r4, #24]
20000938:	e8c2 7f8f 	stlb	r7, [r2]
2000093c:	f383 8810 	msr	PRIMASK, r3
20000940:	2800      	cmp	r0, #0
20000942:	d04c      	beq.n	200009de <dcd_event_handler+0x1ee>
20000944:	4632      	mov	r2, r6
20000946:	f89d 1005 	ldrb.w	r1, [sp, #5]
2000094a:	f89d 0004 	ldrb.w	r0, [sp, #4]
2000094e:	f000 fc33 	bl	200011b8 <__tud_event_hook_cb_veneer>
20000952:	e790      	b.n	20000876 <dcd_event_handler+0x86>
20000954:	4a35      	ldr	r2, [pc, #212]	@ (20000a2c <dcd_event_handler+0x23c>)
20000956:	7813      	ldrb	r3, [r2, #0]
20000958:	f023 0304 	bic.w	r3, r3, #4
2000095c:	7013      	strb	r3, [r2, #0]
2000095e:	a901      	add	r1, sp, #4
20000960:	2700      	movs	r7, #0
20000962:	9701      	str	r7, [sp, #4]
20000964:	604f      	str	r7, [r1, #4]
20000966:	608f      	str	r7, [r1, #8]
20000968:	782b      	ldrb	r3, [r5, #0]
2000096a:	f88d 3004 	strb.w	r3, [sp, #4]
2000096e:	2305      	movs	r3, #5
20000970:	f88d 3005 	strb.w	r3, [sp, #5]
20000974:	4b2e      	ldr	r3, [pc, #184]	@ (20000a30 <dcd_event_handler+0x240>)
20000976:	681c      	ldr	r4, [r3, #0]
20000978:	6963      	ldr	r3, [r4, #20]
2000097a:	f3ef 8210 	mrs	r2, PRIMASK
2000097e:	b672      	cpsid	i
20000980:	e8d3 cfcf 	ldaexb	ip, [r3]
20000984:	2001      	movs	r0, #1
20000986:	f1bc 0f00 	cmp.w	ip, #0
2000098a:	d1f9      	bne.n	20000980 <dcd_event_handler+0x190>
2000098c:	e8c3 0f4c 	strexb	ip, r0, [r3]
20000990:	f1bc 0f00 	cmp.w	ip, #0
20000994:	d1f4      	bne.n	20000980 <dcd_event_handler+0x190>
20000996:	f3bf 8f5f 	dmb	sy
2000099a:	61a2      	str	r2, [r4, #24]
2000099c:	4620      	mov	r0, r4
2000099e:	f000 fbff 	bl	200011a0 <__tu_fifo_write_veneer>
200009a2:	6962      	ldr	r2, [r4, #20]
200009a4:	69a3      	ldr	r3, [r4, #24]
200009a6:	e8c2 7f8f 	stlb	r7, [r2]
200009aa:	f383 8810 	msr	PRIMASK, r3
200009ae:	b138      	cbz	r0, 200009c0 <dcd_event_handler+0x1d0>
200009b0:	4632      	mov	r2, r6
200009b2:	f89d 1005 	ldrb.w	r1, [sp, #5]
200009b6:	f89d 0004 	ldrb.w	r0, [sp, #4]
200009ba:	f000 fbfd 	bl	200011b8 <__tud_event_hook_cb_veneer>
200009be:	e792      	b.n	200008e6 <dcd_event_handler+0xf6>
200009c0:	f240 1265 	movw	r2, #357	@ 0x165
200009c4:	491e      	ldr	r1, [pc, #120]	@ (20000a40 <dcd_event_handler+0x250>)
200009c6:	481f      	ldr	r0, [pc, #124]	@ (20000a44 <dcd_event_handler+0x254>)
200009c8:	f000 fbf2 	bl	200011b0 <____wrap_printf_veneer>
200009cc:	f04f 23e0 	mov.w	r3, #3758153728	@ 0xe000e000
200009d0:	f8d3 3df0 	ldr.w	r3, [r3, #3568]	@ 0xdf0
200009d4:	f013 0f01 	tst.w	r3, #1
200009d8:	d085      	beq.n	200008e6 <dcd_event_handler+0xf6>
200009da:	be00      	bkpt	0x0000
200009dc:	e783      	b.n	200008e6 <dcd_event_handler+0xf6>
200009de:	f240 1265 	movw	r2, #357	@ 0x165
200009e2:	4917      	ldr	r1, [pc, #92]	@ (20000a40 <dcd_event_handler+0x250>)
200009e4:	4817      	ldr	r0, [pc, #92]	@ (20000a44 <dcd_event_handler+0x254>)
200009e6:	f000 fbe3 	bl	200011b0 <____wrap_printf_veneer>
200009ea:	f04f 23e0 	mov.w	r3, #3758153728	@ 0xe000e000
200009ee:	f8d3 3df0 	ldr.w	r3, [r3, #3568]	@ 0xdf0
200009f2:	f013 0f01 	tst.w	r3, #1
200009f6:	f43f af3e 	beq.w	20000876 <dcd_event_handler+0x86>
200009fa:	be00      	bkpt	0x0000
200009fc:	e73b      	b.n	20000876 <dcd_event_handler+0x86>
200009fe:	4a12      	ldr	r2, [pc, #72]	@ (20000a48 <dcd_event_handler+0x258>)
20000a00:	7813      	ldrb	r3, [r2, #0]
20000a02:	3301      	adds	r3, #1
20000a04:	b2db      	uxtb	r3, r3
20000a06:	7013      	strb	r3, [r2, #0]
20000a08:	e710      	b.n	2000082c <dcd_event_handler+0x3c>
20000a0a:	f240 1265 	movw	r2, #357	@ 0x165
20000a0e:	490c      	ldr	r1, [pc, #48]	@ (20000a40 <dcd_event_handler+0x250>)
20000a10:	480c      	ldr	r0, [pc, #48]	@ (20000a44 <dcd_event_handler+0x254>)
20000a12:	f000 fbcd 	bl	200011b0 <____wrap_printf_veneer>
20000a16:	f04f 23e0 	mov.w	r3, #3758153728	@ 0xe000e000
20000a1a:	f8d3 3df0 	ldr.w	r3, [r3, #3568]	@ 0xdf0
20000a1e:	f013 0f01 	tst.w	r3, #1
20000a22:	f43f af28 	beq.w	20000876 <dcd_event_handler+0x86>
20000a26:	be00      	bkpt	0x0000
20000a28:	e725      	b.n	20000876 <dcd_event_handler+0x86>
20000a2a:	bf00      	nop
20000a2c:	20001e78 	.word	0x20001e78
20000a30:	20001ed0 	.word	0x20001ed0
20000a34:	1000c0f8 	.word	0x1000c0f8
20000a38:	200027af 	.word	0x200027af
20000a3c:	20001ca8 	.word	0x20001ca8
20000a40:	1000c074 	.word	0x1000c074
20000a44:	1000b9e4 	.word	0x1000b9e4
20000a48:	200027b4 	.word	0x200027b4

20000a4c <spi_write_blocking>:
20000a4c:	b500      	push	{lr}
20000a4e:	4684      	mov	ip, r0
20000a50:	4610      	mov	r0, r2
20000a52:	f04f 0e00 	mov.w	lr, #0
20000a56:	e00a      	b.n	20000a6e <spi_write_blocking+0x22>
20000a58:	f8dc 300c 	ldr.w	r3, [ip, #12]
20000a5c:	f013 0f02 	tst.w	r3, #2
20000a60:	d0fa      	beq.n	20000a58 <spi_write_blocking+0xc>
20000a62:	f811 300e 	ldrb.w	r3, [r1, lr]
20000a66:	f8cc 3008 	str.w	r3, [ip, #8]
20000a6a:	f10e 0e01 	add.w	lr, lr, #1
20000a6e:	4586      	cmp	lr, r0
20000a70:	d3f2      	bcc.n	20000a58 <spi_write_blocking+0xc>
20000a72:	e001      	b.n	20000a78 <spi_write_blocking+0x2c>
20000a74:	f8dc 3008 	ldr.w	r3, [ip, #8]
20000a78:	f8dc 300c 	ldr.w	r3, [ip, #12]
20000a7c:	f013 0f04 	tst.w	r3, #4
20000a80:	d1f8      	bne.n	20000a74 <spi_write_blocking+0x28>
20000a82:	f8dc 300c 	ldr.w	r3, [ip, #12]
20000a86:	f013 0f10 	tst.w	r3, #16
20000a8a:	d1fa      	bne.n	20000a82 <spi_write_blocking+0x36>
20000a8c:	e001      	b.n	20000a92 <spi_write_blocking+0x46>
20000a8e:	f8dc 3008 	ldr.w	r3, [ip, #8]
20000a92:	f8dc 300c 	ldr.w	r3, [ip, #12]
20000a96:	f013 0f04 	tst.w	r3, #4
20000a9a:	d1f8      	bne.n	20000a8e <spi_write_blocking+0x42>
20000a9c:	2301      	movs	r3, #1
20000a9e:	f8cc 3020 	str.w	r3, [ip, #32]
20000aa2:	f85d fb04 	ldr.w	pc, [sp], #4
	...

20000aa8 <__aeabi_drsub>:
20000aa8:	f081 4100 	eor.w	r1, r1, #2147483648	@ 0x80000000
20000aac:	e002      	b.n	20000ab4 <__adddf3>
20000aae:	bf00      	nop

20000ab0 <__aeabi_dsub>:
20000ab0:	f083 4300 	eor.w	r3, r3, #2147483648	@ 0x80000000

20000ab4 <__adddf3>:
20000ab4:	b530      	push	{r4, r5, lr}
20000ab6:	ea4f 0441 	mov.w	r4, r1, lsl #1
20000aba:	ea4f 0543 	mov.w	r5, r3, lsl #1
20000abe:	ea94 0f05 	teq	r4, r5
20000ac2:	bf08      	it	eq
20000ac4:	ea90 0f02 	teqeq	r0, r2
20000ac8:	bf1f      	itttt	ne
20000aca:	ea54 0c00 	orrsne.w	ip, r4, r0
20000ace:	ea55 0c02 	orrsne.w	ip, r5, r2
20000ad2:	ea7f 5c64 	mvnsne.w	ip, r4, asr #21
20000ad6:	ea7f 5c65 	mvnsne.w	ip, r5, asr #21
20000ada:	f000 80e2 	beq.w	20000ca2 <__adddf3+0x1ee>
20000ade:	ea4f 5454 	mov.w	r4, r4, lsr #21
20000ae2:	ebd4 5555 	rsbs	r5, r4, r5, lsr #21
20000ae6:	bfb8      	it	lt
20000ae8:	426d      	neglt	r5, r5
20000aea:	dd0c      	ble.n	20000b06 <__adddf3+0x52>
20000aec:	442c      	add	r4, r5
20000aee:	ea80 0202 	eor.w	r2, r0, r2
20000af2:	ea81 0303 	eor.w	r3, r1, r3
20000af6:	ea82 0000 	eor.w	r0, r2, r0
20000afa:	ea83 0101 	eor.w	r1, r3, r1
20000afe:	ea80 0202 	eor.w	r2, r0, r2
20000b02:	ea81 0303 	eor.w	r3, r1, r3
20000b06:	2d36      	cmp	r5, #54	@ 0x36
20000b08:	bf88      	it	hi
20000b0a:	bd30      	pophi	{r4, r5, pc}
20000b0c:	f011 4f00 	tst.w	r1, #2147483648	@ 0x80000000
20000b10:	ea4f 3101 	mov.w	r1, r1, lsl #12
20000b14:	f44f 1c80 	mov.w	ip, #1048576	@ 0x100000
20000b18:	ea4c 3111 	orr.w	r1, ip, r1, lsr #12
20000b1c:	d002      	beq.n	20000b24 <__adddf3+0x70>
20000b1e:	4240      	negs	r0, r0
20000b20:	eb61 0141 	sbc.w	r1, r1, r1, lsl #1
20000b24:	f013 4f00 	tst.w	r3, #2147483648	@ 0x80000000
20000b28:	ea4f 3303 	mov.w	r3, r3, lsl #12
20000b2c:	ea4c 3313 	orr.w	r3, ip, r3, lsr #12
20000b30:	d002      	beq.n	20000b38 <__adddf3+0x84>
20000b32:	4252      	negs	r2, r2
20000b34:	eb63 0343 	sbc.w	r3, r3, r3, lsl #1
20000b38:	ea94 0f05 	teq	r4, r5
20000b3c:	f000 80a7 	beq.w	20000c8e <__adddf3+0x1da>
20000b40:	f1a4 0401 	sub.w	r4, r4, #1
20000b44:	f1d5 0e20 	rsbs	lr, r5, #32
20000b48:	db0d      	blt.n	20000b66 <__adddf3+0xb2>
20000b4a:	fa02 fc0e 	lsl.w	ip, r2, lr
20000b4e:	fa22 f205 	lsr.w	r2, r2, r5
20000b52:	1880      	adds	r0, r0, r2
20000b54:	f141 0100 	adc.w	r1, r1, #0
20000b58:	fa03 f20e 	lsl.w	r2, r3, lr
20000b5c:	1880      	adds	r0, r0, r2
20000b5e:	fa43 f305 	asr.w	r3, r3, r5
20000b62:	4159      	adcs	r1, r3
20000b64:	e00e      	b.n	20000b84 <__adddf3+0xd0>
20000b66:	f1a5 0520 	sub.w	r5, r5, #32
20000b6a:	f10e 0e20 	add.w	lr, lr, #32
20000b6e:	2a01      	cmp	r2, #1
20000b70:	fa03 fc0e 	lsl.w	ip, r3, lr
20000b74:	bf28      	it	cs
20000b76:	f04c 0c02 	orrcs.w	ip, ip, #2
20000b7a:	fa43 f305 	asr.w	r3, r3, r5
20000b7e:	18c0      	adds	r0, r0, r3
20000b80:	eb51 71e3 	adcs.w	r1, r1, r3, asr #31
20000b84:	f001 4500 	and.w	r5, r1, #2147483648	@ 0x80000000
20000b88:	d507      	bpl.n	20000b9a <__adddf3+0xe6>
20000b8a:	f04f 0e00 	mov.w	lr, #0
20000b8e:	f1dc 0c00 	rsbs	ip, ip, #0
20000b92:	eb7e 0000 	sbcs.w	r0, lr, r0
20000b96:	eb6e 0101 	sbc.w	r1, lr, r1
20000b9a:	f5b1 1f80 	cmp.w	r1, #1048576	@ 0x100000
20000b9e:	d31b      	bcc.n	20000bd8 <__adddf3+0x124>
20000ba0:	f5b1 1f00 	cmp.w	r1, #2097152	@ 0x200000
20000ba4:	d30c      	bcc.n	20000bc0 <__adddf3+0x10c>
20000ba6:	0849      	lsrs	r1, r1, #1
20000ba8:	ea5f 0030 	movs.w	r0, r0, rrx
20000bac:	ea4f 0c3c 	mov.w	ip, ip, rrx
20000bb0:	f104 0401 	add.w	r4, r4, #1
20000bb4:	ea4f 5244 	mov.w	r2, r4, lsl #21
20000bb8:	f512 0f80 	cmn.w	r2, #4194304	@ 0x400000
20000bbc:	f080 809a 	bcs.w	20000cf4 <__adddf3+0x240>
20000bc0:	f1bc 4f00 	cmp.w	ip, #2147483648	@ 0x80000000
20000bc4:	bf08      	it	eq
20000bc6:	ea5f 0c50 	movseq.w	ip, r0, lsr #1
20000bca:	f150 0000 	adcs.w	r0, r0, #0
20000bce:	eb41 5104 	adc.w	r1, r1, r4, lsl #20
20000bd2:	ea41 0105 	orr.w	r1, r1, r5
20000bd6:	bd30      	pop	{r4, r5, pc}
20000bd8:	ea5f 0c4c 	movs.w	ip, ip, lsl #1
20000bdc:	4140      	adcs	r0, r0
20000bde:	eb41 0101 	adc.w	r1, r1, r1
20000be2:	3c01      	subs	r4, #1
20000be4:	bf28      	it	cs
20000be6:	f5b1 1f80 	cmpcs.w	r1, #1048576	@ 0x100000
20000bea:	d2e9      	bcs.n	20000bc0 <__adddf3+0x10c>
20000bec:	f091 0f00 	teq	r1, #0
20000bf0:	bf04      	itt	eq
20000bf2:	4601      	moveq	r1, r0
20000bf4:	2000      	moveq	r0, #0
20000bf6:	fab1 f381 	clz	r3, r1
20000bfa:	bf08      	it	eq
20000bfc:	3320      	addeq	r3, #32
20000bfe:	f1a3 030b 	sub.w	r3, r3, #11
20000c02:	f1b3 0220 	subs.w	r2, r3, #32
20000c06:	da0c      	bge.n	20000c22 <__adddf3+0x16e>
20000c08:	320c      	adds	r2, #12
20000c0a:	dd08      	ble.n	20000c1e <__adddf3+0x16a>
20000c0c:	f102 0c14 	add.w	ip, r2, #20
20000c10:	f1c2 020c 	rsb	r2, r2, #12
20000c14:	fa01 f00c 	lsl.w	r0, r1, ip
20000c18:	fa21 f102 	lsr.w	r1, r1, r2
20000c1c:	e00c      	b.n	20000c38 <__adddf3+0x184>
20000c1e:	f102 0214 	add.w	r2, r2, #20
20000c22:	bfd8      	it	le
20000c24:	f1c2 0c20 	rsble	ip, r2, #32
20000c28:	fa01 f102 	lsl.w	r1, r1, r2
20000c2c:	fa20 fc0c 	lsr.w	ip, r0, ip
20000c30:	bfdc      	itt	le
20000c32:	ea41 010c 	orrle.w	r1, r1, ip
20000c36:	4090      	lslle	r0, r2
20000c38:	1ae4      	subs	r4, r4, r3
20000c3a:	bfa2      	ittt	ge
20000c3c:	eb01 5104 	addge.w	r1, r1, r4, lsl #20
20000c40:	4329      	orrge	r1, r5
20000c42:	bd30      	popge	{r4, r5, pc}
20000c44:	ea6f 0404 	mvn.w	r4, r4
20000c48:	3c1f      	subs	r4, #31
20000c4a:	da1c      	bge.n	20000c86 <__adddf3+0x1d2>
20000c4c:	340c      	adds	r4, #12
20000c4e:	dc0e      	bgt.n	20000c6e <__adddf3+0x1ba>
20000c50:	f104 0414 	add.w	r4, r4, #20
20000c54:	f1c4 0220 	rsb	r2, r4, #32
20000c58:	fa20 f004 	lsr.w	r0, r0, r4
20000c5c:	fa01 f302 	lsl.w	r3, r1, r2
20000c60:	ea40 0003 	orr.w	r0, r0, r3
20000c64:	fa21 f304 	lsr.w	r3, r1, r4
20000c68:	ea45 0103 	orr.w	r1, r5, r3
20000c6c:	bd30      	pop	{r4, r5, pc}
20000c6e:	f1c4 040c 	rsb	r4, r4, #12
20000c72:	f1c4 0220 	rsb	r2, r4, #32
20000c76:	fa20 f002 	lsr.w	r0, r0, r2
20000c7a:	fa01 f304 	lsl.w	r3, r1, r4
20000c7e:	ea40 0003 	orr.w	r0, r0, r3
20000c82:	4629      	mov	r1, r5
20000c84:	bd30      	pop	{r4, r5, pc}
20000c86:	fa21 f004 	lsr.w	r0, r1, r4
20000c8a:	4629      	mov	r1, r5
20000c8c:	bd30      	pop	{r4, r5, pc}
20000c8e:	f094 0f00 	teq	r4, #0
20000c92:	f483 1380 	eor.w	r3, r3, #1048576	@ 0x100000
20000c96:	bf06      	itte	eq
20000c98:	f481 1180 	eoreq.w	r1, r1, #1048576	@ 0x100000
20000c9c:	3401      	addeq	r4, #1
20000c9e:	3d01      	subne	r5, #1
20000ca0:	e74e      	b.n	20000b40 <__adddf3+0x8c>
20000ca2:	ea7f 5c64 	mvns.w	ip, r4, asr #21
20000ca6:	bf18      	it	ne
20000ca8:	ea7f 5c65 	mvnsne.w	ip, r5, asr #21
20000cac:	d029      	beq.n	20000d02 <__adddf3+0x24e>
20000cae:	ea94 0f05 	teq	r4, r5
20000cb2:	bf08      	it	eq
20000cb4:	ea90 0f02 	teqeq	r0, r2
20000cb8:	d005      	beq.n	20000cc6 <__adddf3+0x212>
20000cba:	ea54 0c00 	orrs.w	ip, r4, r0
20000cbe:	bf04      	itt	eq
20000cc0:	4619      	moveq	r1, r3
20000cc2:	4610      	moveq	r0, r2
20000cc4:	bd30      	pop	{r4, r5, pc}
20000cc6:	ea91 0f03 	teq	r1, r3
20000cca:	bf1e      	ittt	ne
20000ccc:	2100      	movne	r1, #0
20000cce:	2000      	movne	r0, #0
20000cd0:	bd30      	popne	{r4, r5, pc}
20000cd2:	ea5f 5c54 	movs.w	ip, r4, lsr #21
20000cd6:	d105      	bne.n	20000ce4 <__adddf3+0x230>
20000cd8:	0040      	lsls	r0, r0, #1
20000cda:	4149      	adcs	r1, r1
20000cdc:	bf28      	it	cs
20000cde:	f041 4100 	orrcs.w	r1, r1, #2147483648	@ 0x80000000
20000ce2:	bd30      	pop	{r4, r5, pc}
20000ce4:	f514 0480 	adds.w	r4, r4, #4194304	@ 0x400000
20000ce8:	bf3c      	itt	cc
20000cea:	f501 1180 	addcc.w	r1, r1, #1048576	@ 0x100000
20000cee:	bd30      	popcc	{r4, r5, pc}
20000cf0:	f001 4500 	and.w	r5, r1, #2147483648	@ 0x80000000
20000cf4:	f045 41fe 	orr.w	r1, r5, #2130706432	@ 0x7f000000
20000cf8:	f441 0170 	orr.w	r1, r1, #15728640	@ 0xf00000
20000cfc:	f04f 0000 	mov.w	r0, #0
20000d00:	bd30      	pop	{r4, r5, pc}
20000d02:	ea7f 5c64 	mvns.w	ip, r4, asr #21
20000d06:	bf1a      	itte	ne
20000d08:	4619      	movne	r1, r3
20000d0a:	4610      	movne	r0, r2
20000d0c:	ea7f 5c65 	mvnseq.w	ip, r5, asr #21
20000d10:	bf1c      	itt	ne
20000d12:	460b      	movne	r3, r1
20000d14:	4602      	movne	r2, r0
20000d16:	ea50 3401 	orrs.w	r4, r0, r1, lsl #12
20000d1a:	bf06      	itte	eq
20000d1c:	ea52 3503 	orrseq.w	r5, r2, r3, lsl #12
20000d20:	ea91 0f03 	teqeq	r1, r3
20000d24:	f441 2100 	orrne.w	r1, r1, #524288	@ 0x80000
20000d28:	bd30      	pop	{r4, r5, pc}
20000d2a:	bf00      	nop

20000d2c <__aeabi_ui2d>:
20000d2c:	f090 0f00 	teq	r0, #0
20000d30:	bf04      	itt	eq
20000d32:	2100      	moveq	r1, #0
20000d34:	4770      	bxeq	lr
20000d36:	b530      	push	{r4, r5, lr}
20000d38:	f44f 6480 	mov.w	r4, #1024	@ 0x400
20000d3c:	f104 0432 	add.w	r4, r4, #50	@ 0x32
20000d40:	f04f 0500 	mov.w	r5, #0
20000d44:	f04f 0100 	mov.w	r1, #0
20000d48:	e750      	b.n	20000bec <__adddf3+0x138>
20000d4a:	bf00      	nop

20000d4c <__aeabi_i2d>:
20000d4c:	f090 0f00 	teq	r0, #0
20000d50:	bf04      	itt	eq
20000d52:	2100      	moveq	r1, #0
20000d54:	4770      	bxeq	lr
20000d56:	b530      	push	{r4, r5, lr}
20000d58:	f44f 6480 	mov.w	r4, #1024	@ 0x400
20000d5c:	f104 0432 	add.w	r4, r4, #50	@ 0x32
20000d60:	f010 4500 	ands.w	r5, r0, #2147483648	@ 0x80000000
20000d64:	bf48      	it	mi
20000d66:	4240      	negmi	r0, r0
20000d68:	f04f 0100 	mov.w	r1, #0
20000d6c:	e73e      	b.n	20000bec <__adddf3+0x138>
20000d6e:	bf00      	nop

20000d70 <__aeabi_f2d>:
20000d70:	0042      	lsls	r2, r0, #1
20000d72:	ea4f 01e2 	mov.w	r1, r2, asr #3
20000d76:	ea4f 0131 	mov.w	r1, r1, rrx
20000d7a:	ea4f 7002 	mov.w	r0, r2, lsl #28
20000d7e:	bf1f      	itttt	ne
20000d80:	f012 437f 	andsne.w	r3, r2, #4278190080	@ 0xff000000
20000d84:	f093 4f7f 	teqne	r3, #4278190080	@ 0xff000000
20000d88:	f081 5160 	eorne.w	r1, r1, #939524096	@ 0x38000000
20000d8c:	4770      	bxne	lr
20000d8e:	f032 427f 	bics.w	r2, r2, #4278190080	@ 0xff000000
20000d92:	bf08      	it	eq
20000d94:	4770      	bxeq	lr
20000d96:	f093 4f7f 	teq	r3, #4278190080	@ 0xff000000
20000d9a:	bf04      	itt	eq
20000d9c:	f441 2100 	orreq.w	r1, r1, #524288	@ 0x80000
20000da0:	4770      	bxeq	lr
20000da2:	b530      	push	{r4, r5, lr}
20000da4:	f44f 7460 	mov.w	r4, #896	@ 0x380
20000da8:	f001 4500 	and.w	r5, r1, #2147483648	@ 0x80000000
20000dac:	f021 4100 	bic.w	r1, r1, #2147483648	@ 0x80000000
20000db0:	e71c      	b.n	20000bec <__adddf3+0x138>
20000db2:	bf00      	nop

20000db4 <__aeabi_ul2d>:
20000db4:	ea50 0201 	orrs.w	r2, r0, r1
20000db8:	bf08      	it	eq
20000dba:	4770      	bxeq	lr
20000dbc:	b530      	push	{r4, r5, lr}
20000dbe:	f04f 0500 	mov.w	r5, #0
20000dc2:	e00a      	b.n	20000dda <__aeabi_l2d+0x16>

20000dc4 <__aeabi_l2d>:
20000dc4:	ea50 0201 	orrs.w	r2, r0, r1
20000dc8:	bf08      	it	eq
20000dca:	4770      	bxeq	lr
20000dcc:	b530      	push	{r4, r5, lr}
20000dce:	f011 4500 	ands.w	r5, r1, #2147483648	@ 0x80000000
20000dd2:	d502      	bpl.n	20000dda <__aeabi_l2d+0x16>
20000dd4:	4240      	negs	r0, r0
20000dd6:	eb61 0141 	sbc.w	r1, r1, r1, lsl #1
20000dda:	f44f 6480 	mov.w	r4, #1024	@ 0x400
20000dde:	f104 0432 	add.w	r4, r4, #50	@ 0x32
20000de2:	ea5f 5c91 	movs.w	ip, r1, lsr #22
20000de6:	f43f aed8 	beq.w	20000b9a <__adddf3+0xe6>
20000dea:	f04f 0203 	mov.w	r2, #3
20000dee:	ea5f 0cdc 	movs.w	ip, ip, lsr #3
20000df2:	bf18      	it	ne
20000df4:	3203      	addne	r2, #3
20000df6:	ea5f 0cdc 	movs.w	ip, ip, lsr #3
20000dfa:	bf18      	it	ne
20000dfc:	3203      	addne	r2, #3
20000dfe:	eb02 02dc 	add.w	r2, r2, ip, lsr #3
20000e02:	f1c2 0320 	rsb	r3, r2, #32
20000e06:	fa00 fc03 	lsl.w	ip, r0, r3
20000e0a:	fa20 f002 	lsr.w	r0, r0, r2
20000e0e:	fa01 fe03 	lsl.w	lr, r1, r3
20000e12:	ea40 000e 	orr.w	r0, r0, lr
20000e16:	fa21 f102 	lsr.w	r1, r1, r2
20000e1a:	4414      	add	r4, r2
20000e1c:	e6bd      	b.n	20000b9a <__adddf3+0xe6>
20000e1e:	bf00      	nop

20000e20 <__aeabi_uldivmod>:
20000e20:	b953      	cbnz	r3, 20000e38 <__aeabi_uldivmod+0x18>
20000e22:	b94a      	cbnz	r2, 20000e38 <__aeabi_uldivmod+0x18>
20000e24:	2900      	cmp	r1, #0
20000e26:	bf08      	it	eq
20000e28:	2800      	cmpeq	r0, #0
20000e2a:	bf1c      	itt	ne
20000e2c:	f04f 31ff 	movne.w	r1, #4294967295
20000e30:	f04f 30ff 	movne.w	r0, #4294967295
20000e34:	f000 b9b2 	b.w	2000119c <__aeabi_idiv0>
20000e38:	f1ad 0c08 	sub.w	ip, sp, #8
20000e3c:	e96d ce04 	strd	ip, lr, [sp, #-16]!
20000e40:	f000 f806 	bl	20000e50 <__udivmoddi4>
20000e44:	f8dd e004 	ldr.w	lr, [sp, #4]
20000e48:	e9dd 2302 	ldrd	r2, r3, [sp, #8]
20000e4c:	b004      	add	sp, #16
20000e4e:	4770      	bx	lr

20000e50 <__udivmoddi4>:
20000e50:	e92d 4ff0 	stmdb	sp!, {r4, r5, r6, r7, r8, r9, sl, fp, lr}
20000e54:	468c      	mov	ip, r1
20000e56:	9e09      	ldr	r6, [sp, #36]	@ 0x24
20000e58:	4604      	mov	r4, r0
20000e5a:	460f      	mov	r7, r1
20000e5c:	2b00      	cmp	r3, #0
20000e5e:	d148      	bne.n	20000ef2 <__udivmoddi4+0xa2>
20000e60:	428a      	cmp	r2, r1
20000e62:	4615      	mov	r5, r2
20000e64:	d95e      	bls.n	20000f24 <__udivmoddi4+0xd4>
20000e66:	fab2 f382 	clz	r3, r2
20000e6a:	b13b      	cbz	r3, 20000e7c <__udivmoddi4+0x2c>
20000e6c:	f1c3 0220 	rsb	r2, r3, #32
20000e70:	409f      	lsls	r7, r3
20000e72:	409d      	lsls	r5, r3
20000e74:	409c      	lsls	r4, r3
20000e76:	fa20 f202 	lsr.w	r2, r0, r2
20000e7a:	4317      	orrs	r7, r2
20000e7c:	ea4f 4e15 	mov.w	lr, r5, lsr #16
20000e80:	fa1f fc85 	uxth.w	ip, r5
20000e84:	0c22      	lsrs	r2, r4, #16
20000e86:	fbb7 f1fe 	udiv	r1, r7, lr
20000e8a:	fb0e 7711 	mls	r7, lr, r1, r7
20000e8e:	fb01 f00c 	mul.w	r0, r1, ip
20000e92:	ea42 4207 	orr.w	r2, r2, r7, lsl #16
20000e96:	4290      	cmp	r0, r2
20000e98:	d907      	bls.n	20000eaa <__udivmoddi4+0x5a>
20000e9a:	18aa      	adds	r2, r5, r2
20000e9c:	f101 37ff 	add.w	r7, r1, #4294967295
20000ea0:	d202      	bcs.n	20000ea8 <__udivmoddi4+0x58>
20000ea2:	4290      	cmp	r0, r2
20000ea4:	f200 8158 	bhi.w	20001158 <__udivmoddi4+0x308>
20000ea8:	4639      	mov	r1, r7
20000eaa:	1a12      	subs	r2, r2, r0
20000eac:	b2a4      	uxth	r4, r4
20000eae:	fbb2 f0fe 	udiv	r0, r2, lr
20000eb2:	fb0e 2210 	mls	r2, lr, r0, r2
20000eb6:	fb00 fc0c 	mul.w	ip, r0, ip
20000eba:	ea44 4402 	orr.w	r4, r4, r2, lsl #16
20000ebe:	45a4      	cmp	ip, r4
20000ec0:	d90b      	bls.n	20000eda <__udivmoddi4+0x8a>
20000ec2:	192c      	adds	r4, r5, r4
20000ec4:	f100 32ff 	add.w	r2, r0, #4294967295
20000ec8:	bf2c      	ite	cs
20000eca:	2701      	movcs	r7, #1
20000ecc:	2700      	movcc	r7, #0
20000ece:	45a4      	cmp	ip, r4
20000ed0:	d902      	bls.n	20000ed8 <__udivmoddi4+0x88>
20000ed2:	2f00      	cmp	r7, #0
20000ed4:	f000 8143 	beq.w	2000115e <__udivmoddi4+0x30e>
20000ed8:	4610      	mov	r0, r2
20000eda:	ea40 4001 	orr.w	r0, r0, r1, lsl #16
20000ede:	eba4 040c 	sub.w	r4, r4, ip
20000ee2:	2100      	movs	r1, #0
20000ee4:	b11e      	cbz	r6, 20000eee <__udivmoddi4+0x9e>
20000ee6:	40dc      	lsrs	r4, r3
20000ee8:	2300      	movs	r3, #0
20000eea:	e9c6 4300 	strd	r4, r3, [r6]
20000eee:	e8bd 8ff0 	ldmia.w	sp!, {r4, r5, r6, r7, r8, r9, sl, fp, pc}
20000ef2:	428b      	cmp	r3, r1
20000ef4:	d906      	bls.n	20000f04 <__udivmoddi4+0xb4>
20000ef6:	b10e      	cbz	r6, 20000efc <__udivmoddi4+0xac>
20000ef8:	e9c6 0100 	strd	r0, r1, [r6]
20000efc:	2100      	movs	r1, #0
20000efe:	4608      	mov	r0, r1
20000f00:	e8bd 8ff0 	ldmia.w	sp!, {r4, r5, r6, r7, r8, r9, sl, fp, pc}
20000f04:	fab3 f183 	clz	r1, r3
20000f08:	2900      	cmp	r1, #0
20000f0a:	d151      	bne.n	20000fb0 <__udivmoddi4+0x160>
20000f0c:	4563      	cmp	r3, ip
20000f0e:	f0c0 8116 	bcc.w	2000113e <__udivmoddi4+0x2ee>
20000f12:	4282      	cmp	r2, r0
20000f14:	f240 8113 	bls.w	2000113e <__udivmoddi4+0x2ee>
20000f18:	4608      	mov	r0, r1
20000f1a:	2e00      	cmp	r6, #0
20000f1c:	d0e7      	beq.n	20000eee <__udivmoddi4+0x9e>
20000f1e:	e9c6 4700 	strd	r4, r7, [r6]
20000f22:	e7e4      	b.n	20000eee <__udivmoddi4+0x9e>
20000f24:	2a00      	cmp	r2, #0
20000f26:	f000 80af 	beq.w	20001088 <__udivmoddi4+0x238>
20000f2a:	fab2 f382 	clz	r3, r2
20000f2e:	2b00      	cmp	r3, #0
20000f30:	f040 80c2 	bne.w	200010b8 <__udivmoddi4+0x268>
20000f34:	1a8a      	subs	r2, r1, r2
20000f36:	ea4f 4e15 	mov.w	lr, r5, lsr #16
20000f3a:	b2af      	uxth	r7, r5
20000f3c:	2101      	movs	r1, #1
20000f3e:	0c20      	lsrs	r0, r4, #16
20000f40:	fbb2 fcfe 	udiv	ip, r2, lr
20000f44:	fb0e 221c 	mls	r2, lr, ip, r2
20000f48:	ea40 4202 	orr.w	r2, r0, r2, lsl #16
20000f4c:	fb07 f00c 	mul.w	r0, r7, ip
20000f50:	4290      	cmp	r0, r2
20000f52:	d90e      	bls.n	20000f72 <__udivmoddi4+0x122>
20000f54:	18aa      	adds	r2, r5, r2
20000f56:	f10c 38ff 	add.w	r8, ip, #4294967295
20000f5a:	bf2c      	ite	cs
20000f5c:	f04f 0901 	movcs.w	r9, #1
20000f60:	f04f 0900 	movcc.w	r9, #0
20000f64:	4290      	cmp	r0, r2
20000f66:	d903      	bls.n	20000f70 <__udivmoddi4+0x120>
20000f68:	f1b9 0f00 	cmp.w	r9, #0
20000f6c:	f000 80f0 	beq.w	20001150 <__udivmoddi4+0x300>
20000f70:	46c4      	mov	ip, r8
20000f72:	1a12      	subs	r2, r2, r0
20000f74:	b2a4      	uxth	r4, r4
20000f76:	fbb2 f0fe 	udiv	r0, r2, lr
20000f7a:	fb0e 2210 	mls	r2, lr, r0, r2
20000f7e:	fb00 f707 	mul.w	r7, r0, r7
20000f82:	ea44 4402 	orr.w	r4, r4, r2, lsl #16
20000f86:	42a7      	cmp	r7, r4
20000f88:	d90e      	bls.n	20000fa8 <__udivmoddi4+0x158>
20000f8a:	192c      	adds	r4, r5, r4
20000f8c:	f100 32ff 	add.w	r2, r0, #4294967295
20000f90:	bf2c      	ite	cs
20000f92:	f04f 0e01 	movcs.w	lr, #1
20000f96:	f04f 0e00 	movcc.w	lr, #0
20000f9a:	42a7      	cmp	r7, r4
20000f9c:	d903      	bls.n	20000fa6 <__udivmoddi4+0x156>
20000f9e:	f1be 0f00 	cmp.w	lr, #0
20000fa2:	f000 80d2 	beq.w	2000114a <__udivmoddi4+0x2fa>
20000fa6:	4610      	mov	r0, r2
20000fa8:	1be4      	subs	r4, r4, r7
20000faa:	ea40 400c 	orr.w	r0, r0, ip, lsl #16
20000fae:	e799      	b.n	20000ee4 <__udivmoddi4+0x94>
20000fb0:	f1c1 0520 	rsb	r5, r1, #32
20000fb4:	408b      	lsls	r3, r1
20000fb6:	fa0c f401 	lsl.w	r4, ip, r1
20000fba:	fa00 f901 	lsl.w	r9, r0, r1
20000fbe:	fa22 f705 	lsr.w	r7, r2, r5
20000fc2:	fa2c fc05 	lsr.w	ip, ip, r5
20000fc6:	408a      	lsls	r2, r1
20000fc8:	431f      	orrs	r7, r3
20000fca:	fa20 f305 	lsr.w	r3, r0, r5
20000fce:	0c38      	lsrs	r0, r7, #16
20000fd0:	4323      	orrs	r3, r4
20000fd2:	fa1f fe87 	uxth.w	lr, r7
20000fd6:	0c1c      	lsrs	r4, r3, #16
20000fd8:	fbbc f8f0 	udiv	r8, ip, r0
20000fdc:	fb00 cc18 	mls	ip, r0, r8, ip
20000fe0:	ea44 440c 	orr.w	r4, r4, ip, lsl #16
20000fe4:	fb08 fc0e 	mul.w	ip, r8, lr
20000fe8:	45a4      	cmp	ip, r4
20000fea:	d90e      	bls.n	2000100a <__udivmoddi4+0x1ba>
20000fec:	193c      	adds	r4, r7, r4
20000fee:	f108 3aff 	add.w	sl, r8, #4294967295
20000ff2:	bf2c      	ite	cs
20000ff4:	f04f 0b01 	movcs.w	fp, #1
20000ff8:	f04f 0b00 	movcc.w	fp, #0
20000ffc:	45a4      	cmp	ip, r4
20000ffe:	d903      	bls.n	20001008 <__udivmoddi4+0x1b8>
20001000:	f1bb 0f00 	cmp.w	fp, #0
20001004:	f000 80b8 	beq.w	20001178 <__udivmoddi4+0x328>
20001008:	46d0      	mov	r8, sl
2000100a:	eba4 040c 	sub.w	r4, r4, ip
2000100e:	fa1f fc83 	uxth.w	ip, r3
20001012:	fbb4 f3f0 	udiv	r3, r4, r0
20001016:	fb00 4413 	mls	r4, r0, r3, r4
2000101a:	fb03 fe0e 	mul.w	lr, r3, lr
2000101e:	ea4c 4404 	orr.w	r4, ip, r4, lsl #16
20001022:	45a6      	cmp	lr, r4
20001024:	d90e      	bls.n	20001044 <__udivmoddi4+0x1f4>
20001026:	193c      	adds	r4, r7, r4
20001028:	f103 30ff 	add.w	r0, r3, #4294967295
2000102c:	bf2c      	ite	cs
2000102e:	f04f 0c01 	movcs.w	ip, #1
20001032:	f04f 0c00 	movcc.w	ip, #0
20001036:	45a6      	cmp	lr, r4
20001038:	d903      	bls.n	20001042 <__udivmoddi4+0x1f2>
2000103a:	f1bc 0f00 	cmp.w	ip, #0
2000103e:	f000 809f 	beq.w	20001180 <__udivmoddi4+0x330>
20001042:	4603      	mov	r3, r0
20001044:	ea43 4008 	orr.w	r0, r3, r8, lsl #16
20001048:	eba4 040e 	sub.w	r4, r4, lr
2000104c:	fba0 ec02 	umull	lr, ip, r0, r2
20001050:	4564      	cmp	r4, ip
20001052:	4673      	mov	r3, lr
20001054:	46e0      	mov	r8, ip
20001056:	d302      	bcc.n	2000105e <__udivmoddi4+0x20e>
20001058:	d107      	bne.n	2000106a <__udivmoddi4+0x21a>
2000105a:	45f1      	cmp	r9, lr
2000105c:	d205      	bcs.n	2000106a <__udivmoddi4+0x21a>
2000105e:	ebbe 0302 	subs.w	r3, lr, r2
20001062:	eb6c 0c07 	sbc.w	ip, ip, r7
20001066:	3801      	subs	r0, #1
20001068:	46e0      	mov	r8, ip
2000106a:	b15e      	cbz	r6, 20001084 <__udivmoddi4+0x234>
2000106c:	ebb9 0203 	subs.w	r2, r9, r3
20001070:	eb64 0408 	sbc.w	r4, r4, r8
20001074:	fa04 f505 	lsl.w	r5, r4, r5
20001078:	fa22 f301 	lsr.w	r3, r2, r1
2000107c:	40cc      	lsrs	r4, r1
2000107e:	431d      	orrs	r5, r3
20001080:	e9c6 5400 	strd	r5, r4, [r6]
20001084:	2100      	movs	r1, #0
20001086:	e732      	b.n	20000eee <__udivmoddi4+0x9e>
20001088:	0842      	lsrs	r2, r0, #1
2000108a:	462f      	mov	r7, r5
2000108c:	084b      	lsrs	r3, r1, #1
2000108e:	46ac      	mov	ip, r5
20001090:	ea42 72c1 	orr.w	r2, r2, r1, lsl #31
20001094:	46ae      	mov	lr, r5
20001096:	07c4      	lsls	r4, r0, #31
20001098:	0c11      	lsrs	r1, r2, #16
2000109a:	b292      	uxth	r2, r2
2000109c:	ea41 4103 	orr.w	r1, r1, r3, lsl #16
200010a0:	ea42 4201 	orr.w	r2, r2, r1, lsl #16
200010a4:	fbb1 f1f5 	udiv	r1, r1, r5
200010a8:	fbb3 f0f5 	udiv	r0, r3, r5
200010ac:	231f      	movs	r3, #31
200010ae:	eba2 020c 	sub.w	r2, r2, ip
200010b2:	ea41 4100 	orr.w	r1, r1, r0, lsl #16
200010b6:	e742      	b.n	20000f3e <__udivmoddi4+0xee>
200010b8:	409d      	lsls	r5, r3
200010ba:	f1c3 0220 	rsb	r2, r3, #32
200010be:	4099      	lsls	r1, r3
200010c0:	409c      	lsls	r4, r3
200010c2:	fa2c fc02 	lsr.w	ip, ip, r2
200010c6:	ea4f 4e15 	mov.w	lr, r5, lsr #16
200010ca:	fa20 f202 	lsr.w	r2, r0, r2
200010ce:	b2af      	uxth	r7, r5
200010d0:	fbbc f8fe 	udiv	r8, ip, lr
200010d4:	430a      	orrs	r2, r1
200010d6:	fb0e cc18 	mls	ip, lr, r8, ip
200010da:	0c11      	lsrs	r1, r2, #16
200010dc:	ea41 410c 	orr.w	r1, r1, ip, lsl #16
200010e0:	fb08 fc07 	mul.w	ip, r8, r7
200010e4:	458c      	cmp	ip, r1
200010e6:	d950      	bls.n	2000118a <__udivmoddi4+0x33a>
200010e8:	1869      	adds	r1, r5, r1
200010ea:	f108 30ff 	add.w	r0, r8, #4294967295
200010ee:	bf2c      	ite	cs
200010f0:	f04f 0901 	movcs.w	r9, #1
200010f4:	f04f 0900 	movcc.w	r9, #0
200010f8:	458c      	cmp	ip, r1
200010fa:	d902      	bls.n	20001102 <__udivmoddi4+0x2b2>
200010fc:	f1b9 0f00 	cmp.w	r9, #0
20001100:	d030      	beq.n	20001164 <__udivmoddi4+0x314>
20001102:	eba1 010c 	sub.w	r1, r1, ip
20001106:	fbb1 f8fe 	udiv	r8, r1, lr
2000110a:	fb08 fc07 	mul.w	ip, r8, r7
2000110e:	fb0e 1118 	mls	r1, lr, r8, r1
20001112:	b292      	uxth	r2, r2
20001114:	ea42 4201 	orr.w	r2, r2, r1, lsl #16
20001118:	4562      	cmp	r2, ip
2000111a:	d234      	bcs.n	20001186 <__udivmoddi4+0x336>
2000111c:	18aa      	adds	r2, r5, r2
2000111e:	f108 31ff 	add.w	r1, r8, #4294967295
20001122:	bf2c      	ite	cs
20001124:	f04f 0901 	movcs.w	r9, #1
20001128:	f04f 0900 	movcc.w	r9, #0
2000112c:	4562      	cmp	r2, ip
2000112e:	d2be      	bcs.n	200010ae <__udivmoddi4+0x25e>
20001130:	f1b9 0f00 	cmp.w	r9, #0
20001134:	d1bb      	bne.n	200010ae <__udivmoddi4+0x25e>
20001136:	f1a8 0102 	sub.w	r1, r8, #2
2000113a:	442a      	add	r2, r5
2000113c:	e7b7      	b.n	200010ae <__udivmoddi4+0x25e>
2000113e:	1a84      	subs	r4, r0, r2
20001140:	eb6c 0203 	sbc.w	r2, ip, r3
20001144:	2001      	movs	r0, #1
20001146:	4617      	mov	r7, r2
20001148:	e6e7      	b.n	20000f1a <__udivmoddi4+0xca>
2000114a:	442c      	add	r4, r5
2000114c:	3802      	subs	r0, #2
2000114e:	e72b      	b.n	20000fa8 <__udivmoddi4+0x158>
20001150:	f1ac 0c02 	sub.w	ip, ip, #2
20001154:	442a      	add	r2, r5
20001156:	e70c      	b.n	20000f72 <__udivmoddi4+0x122>
20001158:	3902      	subs	r1, #2
2000115a:	442a      	add	r2, r5
2000115c:	e6a5      	b.n	20000eaa <__udivmoddi4+0x5a>
2000115e:	442c      	add	r4, r5
20001160:	3802      	subs	r0, #2
20001162:	e6ba      	b.n	20000eda <__udivmoddi4+0x8a>
20001164:	eba5 0c0c 	sub.w	ip, r5, ip
20001168:	f1a8 0002 	sub.w	r0, r8, #2
2000116c:	4461      	add	r1, ip
2000116e:	fbb1 f8fe 	udiv	r8, r1, lr
20001172:	fb08 fc07 	mul.w	ip, r8, r7
20001176:	e7ca      	b.n	2000110e <__udivmoddi4+0x2be>
20001178:	f1a8 0802 	sub.w	r8, r8, #2
2000117c:	443c      	add	r4, r7
2000117e:	e744      	b.n	2000100a <__udivmoddi4+0x1ba>
20001180:	3b02      	subs	r3, #2
20001182:	443c      	add	r4, r7
20001184:	e75e      	b.n	20001044 <__udivmoddi4+0x1f4>
20001186:	4641      	mov	r1, r8
20001188:	e791      	b.n	200010ae <__udivmoddi4+0x25e>
2000118a:	eba1 010c 	sub.w	r1, r1, ip
2000118e:	4640      	mov	r0, r8
20001190:	fbb1 f8fe 	udiv	r8, r1, lr
20001194:	fb08 fc07 	mul.w	ip, r8, r7
20001198:	e7b9      	b.n	2000110e <__udivmoddi4+0x2be>
2000119a:	bf00      	nop

2000119c <__aeabi_idiv0>:
2000119c:	4770      	bx	lr
2000119e:	bf00      	nop

200011a0 <__tu_fifo_write_veneer>:
200011a0:	f85f f000 	ldr.w	pc, [pc]	@ 200011a4 <__tu_fifo_write_veneer+0x4>
200011a4:	10006ee5 	.word	0x10006ee5

200011a8 <__panic_veneer>:
200011a8:	f85f f000 	ldr.w	pc, [pc]	@ 200011ac <__panic_veneer+0x4>
200011ac:	10000e15 	.word	0x10000e15

200011b0 <____wrap_printf_veneer>:
200011b0:	f85f f000 	ldr.w	pc, [pc]	@ 200011b4 <____wrap_printf_veneer+0x4>
200011b4:	100040b5 	.word	0x100040b5

200011b8 <__tud_event_hook_cb_veneer>:
200011b8:	f85f f000 	ldr.w	pc, [pc]	@ 200011bc <__tud_event_hook_cb_veneer+0x4>
200011bc:	10004d85 	.word	0x10004d85

200011c0 <__time_us_64_veneer>:
200011c0:	f85f f000 	ldr.w	pc, [pc]	@ 200011c4 <__time_us_64_veneer+0x4>
200011c4:	10001dd9 	.word	0x10001dd9

200011c8 <__memset_veneer>:
200011c8:	f85f f000 	ldr.w	pc, [pc]	@ 200011cc <__memset_veneer+0x4>
200011cc:	10009601 	.word	0x10009601

200011d0 <__best_effort_wfe_or_timeout_veneer>:
200011d0:	f85f f000 	ldr.w	pc, [pc]	@ 200011d4 <__best_effort_wfe_or_timeout_veneer+0x4>
200011d4:	10001c29 	.word	0x10001c29

200011d8 <____assert_func_veneer>:
200011d8:	f85f f000 	ldr.w	pc, [pc]	@ 200011dc <____assert_func_veneer+0x4>
200011dc:	10003ded 	.word	0x10003ded

200011e0 <__unaligned_memcpy_veneer>:
200011e0:	f85f f000 	ldr.w	pc, [pc]	@ 200011e4 <__unaligned_memcpy_veneer+0x4>
200011e4:	10004a55 	.word	0x10004a55

200011e8 <DIR>:
200011e8:	0000000d                                ....

200011ec <STEP>:
200011ec:	0000000c                                ....

200011f0 <maskADir>:
200011f0:	00000999                                ....

200011f4 <AcPins>:
200011f4:	00000000 00000001 00000002 00000003     ................
20001204:	00000004 00000005 00000006 00000007     ................
20001214:	00000008 00000009 0000000a 0000000b     ................
20001224:	00000000                                ....

20001228 <striped_spin_lock_num>:
20001228:	00000010                                ....

2000122c <irq_handler_chain_slots>:
2000122c:	00000000 	.word	0x00000000
20001230:	00010000 	.word	0x00010000
	...
2000123c:	00020000 	.word	0x00020000
	...
20001248:	00030000 	.word	0x00030000
	...
20001254:	00ff0000 	.word	0x00ff0000
20001258:	00000000 	.word	0x00000000

2000125c <irq_handler_chain_first_slot>:
2000125c:	b501      	push	{r0, lr}
2000125e:	6848      	ldr	r0, [r1, #4]
20001260:	3101      	adds	r1, #1
20001262:	468e      	mov	lr, r1
20001264:	4700      	bx	r0

20001266 <irq_handler_chain_remove_tail>:
20001266:	4670      	mov	r0, lr
20001268:	3809      	subs	r0, #9
2000126a:	4901      	ldr	r1, [pc, #4]	@ (20001270 <irq_handler_chain_remove_tail+0xa>)
2000126c:	4788      	blx	r1
2000126e:	bd01      	pop	{r0, pc}
20001270:	10001355 	.word	0x10001355

20001274 <default_alarm_pool>:
	...
20001288:	20001998                                ... 

2000128c <stdio_usb>:
2000128c:	10004519 100041dd 1000448d 100041c9     .E...A...D...A..
2000129c:	00000000 00000100                       ........

200012a4 <_usbd_qdef>:
200012a4:	20001ed4 000c0010 00000000 00000000     ... ............
	...

200012c0 <_usbd_rhport>:
200012c0:	                                         .

200012c1 <tft_height>:
200012c1:	                                         .

200012c2 <tft_width>:
200012c2:	                                         .

200012c3 <_wrap>:
200012c3:	                                         .

200012c4 <__malloc_sbrk_base>:
200012c4:	ffffffff                                ....

200012c8 <__malloc_trim_threshold>:
200012c8:	00020000 00000000                       ........

200012d0 <__malloc_av_>:
	...
200012d8:	200012d0 200012d0 200012d8 200012d8     ... ... ... ... 
200012e8:	200012e0 200012e0 200012e8 200012e8     ... ... ... ... 
200012f8:	200012f0 200012f0 200012f8 200012f8     ... ... ... ... 
20001308:	20001300 20001300 20001308 20001308     ... ... ... ... 
20001318:	20001310 20001310 20001318 20001318     ... ... ... ... 
20001328:	20001320 20001320 20001328 20001328      ..  .. (.. (.. 
20001338:	20001330 20001330 20001338 20001338     0.. 0.. 8.. 8.. 
20001348:	20001340 20001340 20001348 20001348     @.. @.. H.. H.. 
20001358:	20001350 20001350 20001358 20001358     P.. P.. X.. X.. 
20001368:	20001360 20001360 20001368 20001368     `.. `.. h.. h.. 
20001378:	20001370 20001370 20001378 20001378     p.. p.. x.. x.. 
20001388:	20001380 20001380 20001388 20001388     ... ... ... ... 
20001398:	20001390 20001390 20001398 20001398     ... ... ... ... 
200013a8:	200013a0 200013a0 200013a8 200013a8     ... ... ... ... 
200013b8:	200013b0 200013b0 200013b8 200013b8     ... ... ... ... 
200013c8:	200013c0 200013c0 200013c8 200013c8     ... ... ... ... 
200013d8:	200013d0 200013d0 200013d8 200013d8     ... ... ... ... 
200013e8:	200013e0 200013e0 200013e8 200013e8     ... ... ... ... 
200013f8:	200013f0 200013f0 200013f8 200013f8     ... ... ... ... 
20001408:	20001400 20001400 20001408 20001408     ... ... ... ... 
20001418:	20001410 20001410 20001418 20001418     ... ... ... ... 
20001428:	20001420 20001420 20001428 20001428      ..  .. (.. (.. 
20001438:	20001430 20001430 20001438 20001438     0.. 0.. 8.. 8.. 
20001448:	20001440 20001440 20001448 20001448     @.. @.. H.. H.. 
20001458:	20001450 20001450 20001458 20001458     P.. P.. X.. X.. 
20001468:	20001460 20001460 20001468 20001468     `.. `.. h.. h.. 
20001478:	20001470 20001470 20001478 20001478     p.. p.. x.. x.. 
20001488:	20001480 20001480 20001488 20001488     ... ... ... ... 
20001498:	20001490 20001490 20001498 20001498     ... ... ... ... 
200014a8:	200014a0 200014a0 200014a8 200014a8     ... ... ... ... 
200014b8:	200014b0 200014b0 200014b8 200014b8     ... ... ... ... 
200014c8:	200014c0 200014c0 200014c8 200014c8     ... ... ... ... 
200014d8:	200014d0 200014d0 200014d8 200014d8     ... ... ... ... 
200014e8:	200014e0 200014e0 200014e8 200014e8     ... ... ... ... 
200014f8:	200014f0 200014f0 200014f8 200014f8     ... ... ... ... 
20001508:	20001500 20001500 20001508 20001508     ... ... ... ... 
20001518:	20001510 20001510 20001518 20001518     ... ... ... ... 
20001528:	20001520 20001520 20001528 20001528      ..  .. (.. (.. 
20001538:	20001530 20001530 20001538 20001538     0.. 0.. 8.. 8.. 
20001548:	20001540 20001540 20001548 20001548     @.. @.. H.. H.. 
20001558:	20001550 20001550 20001558 20001558     P.. P.. X.. X.. 
20001568:	20001560 20001560 20001568 20001568     `.. `.. h.. h.. 
20001578:	20001570 20001570 20001578 20001578     p.. p.. x.. x.. 
20001588:	20001580 20001580 20001588 20001588     ... ... ... ... 
20001598:	20001590 20001590 20001598 20001598     ... ... ... ... 
200015a8:	200015a0 200015a0 200015a8 200015a8     ... ... ... ... 
200015b8:	200015b0 200015b0 200015b8 200015b8     ... ... ... ... 
200015c8:	200015c0 200015c0 200015c8 200015c8     ... ... ... ... 
200015d8:	200015d0 200015d0 200015d8 200015d8     ... ... ... ... 
200015e8:	200015e0 200015e0 200015e8 200015e8     ... ... ... ... 
200015f8:	200015f0 200015f0 200015f8 200015f8     ... ... ... ... 
20001608:	20001600 20001600 20001608 20001608     ... ... ... ... 
20001618:	20001610 20001610 20001618 20001618     ... ... ... ... 
20001628:	20001620 20001620 20001628 20001628      ..  .. (.. (.. 
20001638:	20001630 20001630 20001638 20001638     0.. 0.. 8.. 8.. 
20001648:	20001640 20001640 20001648 20001648     @.. @.. H.. H.. 
20001658:	20001650 20001650 20001658 20001658     P.. P.. X.. X.. 
20001668:	20001660 20001660 20001668 20001668     `.. `.. h.. h.. 
20001678:	20001670 20001670 20001678 20001678     p.. p.. x.. x.. 
20001688:	20001680 20001680 20001688 20001688     ... ... ... ... 
20001698:	20001690 20001690 20001698 20001698     ... ... ... ... 
200016a8:	200016a0 200016a0 200016a8 200016a8     ... ... ... ... 
200016b8:	200016b0 200016b0 200016b8 200016b8     ... ... ... ... 
200016c8:	200016c0 200016c0 200016c8 200016c8     ... ... ... ... 

200016d8 <__global_locale>:
200016d8:	00000043 00000000 00000000 00000000     C...............
	...
200016f8:	00000043 00000000 00000000 00000000     C...............
	...
20001718:	00000043 00000000 00000000 00000000     C...............
	...
20001738:	00000043 00000000 00000000 00000000     C...............
	...
20001758:	00000043 00000000 00000000 00000000     C...............
	...
20001778:	00000043 00000000 00000000 00000000     C...............
	...
20001798:	00000043 00000000 00000000 00000000     C...............
	...
200017b8:	1000af89 1000a4dd 00000000 1000c498     ................
200017c8:	1000bb28 1000b0d8 1000b0d8 1000b0d8     (...............
200017d8:	1000b0d8 1000b0d8 1000b0d8 1000b0d8     ................
200017e8:	1000b0d8 1000b0d8 ffffffff ffffffff     ................
200017f8:	ffffffff 0000ffff 53410001 00494943     ..........ASCII.
	...
20001820:	53410000 00494943 00000000 00000000     ..ASCII.........
	...

20001844 <_impure_ptr>:
20001844:	20001848                                H.. 

20001848 <_impure_data>:
20001848:	00000000 20001b70 20001bd8 20001c40     ....p.. ... @.. 
	...
200018e0:	00000001 00000000 abcd330e e66d1234     .........3..4.m.
200018f0:	0005deec 0000000b 00000000 00000000     ................
	...

20001988 <malloc_mutex>:
	...

20001990 <print_mutex>:
	...
