:020000041000EA
:10000000002008205D0100101B0100101D010010E0
:100010001101001011010010110100101101001058
:100020001901001019010010190100101F01001022
:10003000110100101901001021010010230100100E
:100040001101001011010010110100101101001028
:100050001101001011010010110100101101001018
:100060001101001011010010110100101101001008
:1000700011010010110100101101001011010010F8
:1000800011010010110100101101001011010010E8
:1000900011010010110100101101001011010010D8
:1000A00011010010110100101101001011010010C8
:1000B00011010010110100101101001011010010B8
:1000C00011010010110100101101001011010010A8
:1000D0001101001011010010110100101101001098
:1000E0001101001011010010110100101101001088
:1000F0001101001011010010110100101101001078
:100100001101001011010010110100101101001067
:10011000EFF30580103800BE00BE00BE00BE00BE7A
:1001200000BE00BEF2EB8871A0C70010C4C700106B
:10013000A001001090A31AE7D3DEFFFF42012110B7
:10014000FF01000014DF0000793512AB4FF0000012
:100150001E49086006C881F3088810474FF05040D8
:10016000006810B14FF00000F2E70DA40ECC00299A
:1001700002D000F012F8F9E71549164A002000E015
:1001800001C19142FCD11449884714498847144958
:10019000884700BEFDE701C901C29A42FBD3704700
:1001A000C4C7001010010020981900204CE0001076
:1001B00000000820000008204CE00010001008207B
:1001C00000100820000000007047000008ED00E06B
:1001D00098190020C0270020213E0010F9050010CA
:1001E000E53D0010F8B500BF064B0749C91A891054
:1001F00048BF0131491003D0044B0BB101481847E7
:10020000704700BF981900209819002000000000D6
:1002100008B5054B1BB105490548AFF30080BDE8A3
:100220000840FFF7E1BF00BF00000000F0260020FB
:1002300058B0001082B08C46184B984214BF00236F
:100240000123174A32F913308B4205D08DF807C0CD
:1002500000210DF107021CE00D238DF8073000216D
:100260000DF107020029F1D1836913F0200FFBD1B2
:10027000134613F8012B026001311A46F2E7836935
:1002800013F0200FFBD1134613F8012B026001314C
:100290001A460029F3D002B0704700BF0080074023
:1002A0009427002030B583B004460D46002319E0A2
:1002B0008DF8071000200DF1070209E0A36913F083
:1002C000200FFBD1134613F8012B226001301A4690
:1002D0000028F3D02A4612F8013B0D2B14BF00234F
:1002E00001231546297829B1002BE1D12046FFF7DB
:1002F000A1FFEFE703B030BD0022026042608260E0
:10030000C2604FF4803202604FF4F83242604FF422
:10031000802282604FF440228260704738B50446E4
:100320000D46FFF7E9FF2A1D63686FF3D01343EA18
:10033000C51343EA02336360204638BD01380528FF
:100340000ED8DFE800F0030F0507090B06487047D9
:100350000648704706487047064870470648704789
:10036000064870470648704758B0001068B0001043
:1003700070B0001078B0001080B0001088B000108D
:1003800060B0001000B585B0112310224FF4E131A8
:100390000A4800F073FC684600F098FC0028FAD088
:1003A0009DF80C30092BF6D09DF80130013BDBB2F3
:1003B000042BF0D8684600F0D7FCECE700000740BB
:1003C00070B505460C4600F019FD4FF0010646ECED
:1003D0004450204600F012FD46EC4440642001F0F9
:1003E0000FFC70BD2DE9F04387B005460F469046DF
:1003F0001E460DF1080911464846FFF78FFF059B81
:1004000023F47823F20302F47822134305930023A4
:100410000093012332463946284606F04BFF05F18A
:100420002F4C0CF5600CCCF307540634E4B2214693
:10043000304600F0C7FC2146701C00F0C3FC4B4660
:1004400042463946284606F084FF2B680122BA400E
:1004500013432B6007B0BDE8F083000070B52DEDAD
:10046000028B064608EE101A15469DF8182042EC3D
:100470004030002417E04FF0010343EC4050DFED23
:100480000C7A68EE277A17EE900A02F049FB01F029
:10049000A5FB4FF0000343EC40504FF4FA700021ED
:1004A00001F09CFB0134B442E5D3BDEC028B70BD7E
:1004B00000007A442DE9F041A0B006468846174670
:1004C000C3EBC3033D4800EB83003D4BA3FB00306F
:1004D000400CC0F1200080B2032803D9202802D9A3
:1004E000202000E00420002301240DE0591C80336B
:1004F0006B4403F8804C013292B28BB2904201D926
:100500007F2BF3D984F001047F2B01D80022F5E77B
:10051000002524E00022002B36D001F180030DEBF2
:10052000030111F8803C002B30D1012301E00022AF
:100530001346002A39D1002B39D105F180036B44D1
:1005400013F8803C002B34D1A8F1140189B2701942
:100550003A46C9B2C0B207F07DFA0135ADB27F2D7F
:1005600029D8002DE3D0294605F17F036B4413F809
:10057000803C002BCED105F180026A4412F8802C19
:10058000002AC8D00122C6E70023D2E70023D0E723
:10059000A8EB040170193A46C9B2C0B207F05AFA82
:1005A0000134A4B2142CF3D9C7E70024FAE70024DD
:1005B000F8E74146CBE720B0BDE8F081804A28F952
:1005C000851DD96F08B503F041FD0949094806F0BA
:1005D0004BFD0121102000F0F5FB0121122000F05D
:1005E000F1FB0121132000F0EDFB07F063FB08BDD8
:1005F00080969800000008402DE9F04F9BB003F072
:1006000025FDDFF8FC903549484606F03BFE824662
:100610000121484606F01AFE80460F235246014645
:100620004846FFF7DFFEFFF7CDFF07F021FB002074
:1006300007F08EF94FF000090DE0DFF8C8A05AF876
:10064000290000F0DBFB5AF829304FF0010242ECA0
:10065000443009F10109B9F10B0FEED9204B1968AB
:10066000204B1868FFF7ACFE1F4806F04BFF01F067
:10067000B3FBA1B14FF47A7200230AF0A9FC1B4B23
:10068000186001F0A9FB79B14FF47A7200230AF0E7
:100690009FFC174B1860C82001F0B2FACFE04FF46E
:1006A0007A73B0FBF3F0EAE74FF47A73B0FBF3F040
:1006B000EFE7104BA3FB0030800916E104AB009379
:1006C0000D4B0E4A202112A803F04AFB25E1094BED
:1006D000A3FB00304FEA901934E100BF70BC00105A
:1006E000E8110020EC11002085030010241B0020DD
:1006F000281B0020D34D6210A4B000109CB0001045
:1007000000002050F41100209DF82120C24B1A70E7
:10071000BDF92220C14B1A80BDF92420C04B1A809C
:100720000A9AC04B1A6008A800F031FB81460028E5
:10073000EAD100F013FB824601F04EFB002900F0E5
:1007400023814FF47A7200230AF042FCBAF1000FC1
:1007500005D0A0EB0A00B0F57A7FC0F01A81B24B49
:1007600093E803000C908DF83410002000900A23C9
:10077000A022412107F056F9B9F1000F00F02581C0
:100780004FF4FC6301220192002000900CAA412149
:1007900007F0F4F9A54B1B6803F51C5909F1100982
:1007A00001F01AFB002900F013814FF47A72002344
:1007B0000AF00EFC81451AD29D4B1B78002B00F0ED
:1007C0000C8100239B4A14681D461846194640ECCC
:1007D0003040974A137001F0FFFA002900F00981B8
:1007E0004FF47A7200230AF0F3FB904B1860924B9F
:1007F0001B6803F5FA6901F0EFFA002900F0FE80AA
:100800004FF47A7200230AF0E3FB814517D20123EB
:1008100000938A4B1B688A4A12684FF07C5140F261
:100820001A40FFF71BFE01F0D7FA002900F0EB8019
:100830004FF47A7200230AF0CBFB7F4B1860DFF88D
:1008400030A208F1080B5AF82B30DFF82892C9F8CB
:1008500000300A2001F0D4F95AF82B30794A13609D
:10086000D9F80000C01A784B186001F05DFF68A34A
:10087000D3E9002301F0EAFEDFF8FCA101F078FFE4
:10088000CAF800004FF00009CDF800902323A02201
:100890000A21484607F0C6F80DF1100BDAF80030CF
:1008A0006A4A1021584603F05BFA01230193CDF800
:1008B00000904FF6FF735A460521142007F05EF9A9
:1008C000DAF800304FF6FF7228214846FFF7F2FDB4
:1008D000564BD3F8009001F07FFA00293FF4E9AEBF
:1008E0004FF47A7200230AF073FBA9EB000303F5BF
:1008F0001C531033554A10210DEB010003F030FA60
:100900004B4B1B78002B3FF4D9AE04AB0093504BFC
:10091000504A202112A803F023FA0123019300205A
:1009200000904FF6FF7312AA322107F027F901F069
:1009300053FA00293FF4CBAE4FF47A7200230AF049
:1009400047FB8146444B1B6803F57A734B45BFF464
:10095000EAAEDFF828A19AF80020404B53F82210A5
:100960003F48FFF79FFC9AF8002001323D4B83FB84
:10097000021313449B10C3EBC303D31A8AF800304D
:10098000354BC3F80090CEE6374BA3FB003080090F
:10099000DCE6214B1878FFF7D1FC8146214B186823
:1009A0000AF012FBCDE902011D4BB3F900300193AF
:1009B0001A4BB3F9003000934B462C4A18210CA86F
:1009C00003F0CEF94FF00109CFE64FF47843D9E6B2
:1009D000254BA3FB00308009ECE60021154B1E6877
:1009E0000F460A460B4642EC2060114B01221A705A
:1009F000F1E61D4BA3FB00308009F6E61A4BA3FB82
:100A00000030800901E7184BA3FB0030800914E790
:100A10007B14AE47E17A843FB9270020AA27002043
:100A2000AC270020E4260020BCB00010241B0020CE
:100A3000AE270020F0110020281B0020E811002024
:100A4000EC110020341B00202C1B002090B0001063
:100A500094B000109CB000109027002054BC0010EF
:100A60000000074093244992D34D6210A8B00010B3
:100A700000002050301B0020201B0020BC2700203D
:100A800010B483B000210DF1070209E0836913F06F
:100A9000100FFBD10468134603F8014B01311A46CD
:100AA0000029F3D09DF8070003B05DF8044B7047B0
:100AB000431E052B01D900207047C0B270474FF08C
:100AC000010C83F800C058705980091499809A600D
:100AD00000221A73704738B5056855B104462C21B9
:100AE000284608F0DBFD034628B1002203F8012B5D
:100AF0002360284638BD00232360FAE7F0B52DEDCA
:100B0000028B83B00C46019001A8FFF7E4FF002898
:100B100000F093800278002A00F091804378002B47
:100B200040F092804D2A01D0002089E001A8FFF713
:100B3000D2FF002800F08A8002780AB900207FE006
:100B40000A22694608F046FD009B1B78002B7FD1E6
:100B5000FFF7AEFF054608B9002071E001A8FFF7D6
:100B6000BAFF002876D002780AB9002068E00A228D
:100B7000694608F02FFD0646009B1B780BB100204C
:100B80005EE001A8FFF7A7FF002865D002780AB948
:100B9000002055E00A22694608F01CFD0746009B2C
:100BA0001B780BB100204BE001A8FFF794FF002851
:100BB00054D002780AB9002042E0694608F0CCFB24
:100BC00008EE100A009B1B780BB1002038E001A84A
:100BD000FFF781FF002843D002780AB900202FE0F8
:100BE0000A22694608F0F6FC009B1B78D3BB019BE8
:100BF0000BB1002024E006F50043B3F5803F33D26B
:100C000007F50043B3F5803F30D2FF2830D8B5EE6A
:100C1000C08AF1EE10FA2DD4F7EE007AB4EEE78A2E
:100C2000F1EE10FA28DC0123237065706680A7803E
:100C300084ED028A2073184602E0002000E00020C4
:100C400003B0BDEC028BF0BD0020F9E70020F7E710
:100C50000020F5E70020F3E70020F1E70020EFE7B0
:100C60000020EDE70020EBE70020E9E70020E7E7C0
:100C70000020E5E70020E3E70020E1E7F8B50446BF
:100C800016461D460F4B186000270F4B1F6001F0E2
:100C90005BF90221304600F095F80221284600F069
:100CA00091F83B4601220821204601F01EF901215E
:100CB000204601F030F9236B03F4404304F58154DE
:100CC0002361F8BD802700207C27002010B5044652
:100CD0001D4B1868FFF7D4FE0D28F9D00A2809D05B
:100CE0001A4B1B683E2B25D8591C184A1160184A0C
:100CF000D054EDE7154B1B68002BE9D014480022B7
:100D0000C254124B1A602146FFF7F8FE044608B998
:100D1000204610BD01F060F839B14FF47A7200231B
:100D20000AF056F90B4B1860F2E70B4BA3FB0030AF
:100D30008009F7E7054B00221A60034B1868FFF79C
:100D40009FFE0A28F9D1C3E7802700207C270020D6
:100D50003827002078270020D34D6210014B1868F7
:100D6000704700BF7827002038B5B0F90240A4B220
:100D7000B0F9043044EA03448568407806F046FB45
:100D8000204606F043FB284606F040FB38BD4FF0F6
:100D900050431B6D13F0010F01D10020704770B557
:100DA000044606F03EFB054606F03BFB064606F011
:100DB00038FB0246234631462846FFF780FE0120D5
:100DC00070BD00000C4B03EB800253F8203083F021
:100DD000400303F0C00302F5805CCCF80030C00093
:100DE00000F1804000F52030416002F540524FF4A0
:100DF00080731360704700BF0480034008B54FF054
:100E0000000242EC440042EC40000521FFF7DAFF0B
:100E100008BD00000FB400B583B0049C074803F080
:100E200019F93CB105A90191204603F023F90448C2
:100E300003F010F9012002F0B9FF00BF64B1001007
:100E400074B10010EFF3108072B6064BD3E8CF1FD9
:100E500001220029FAD1C3E8412F0029F6D1BFF3BE
:100E60005F8F7047571E00200023034AC2E88F3F60
:100E700080F31088704700BF571E002070B50546EC
:100E80000C461646FFF7DEFFE208A95C04F0070CEB
:100E9000012303FA0CF3194205D1DBB20B43AB5427
:100EA000FFF7E2FF70BD21463046FFF7B3FFF8B50C
:100EB00006460D4614461F46FFF7C4FF00E0013406
:100EC000BC420ED84FEAD40C16F80C1004F00703FD
:100ED00001229A401142F2D1D2B20A4306F80C2004
:100EE00001E04FF0FF34FFF7BFFF002C01DB20468D
:100EF000F8BD002DFBD00698FFF78CFF054A10784F
:100F0000431CDBB21370172B02D9134610221A7040
:100F1000704700BF2812002000B583B00146054B82
:100F200000931F2318220448FFF7C1FF03B05DF8A8
:100F300004FB00BF78B10010742200204FF0E022C3
:100F4000936843F00053936070470000002305E06E
:100F5000044A1A440021C2E88F1F01331F2BF7D91E
:100F6000704700BF4C1E0020064B9B68103043F8B2
:100F70002010BFF35F8F00230349C1E88F3F82F346
:100F80001088704700ED00E0551E002000487047B3
:100F900000E400E008B5FFF7F9FF002304E04FF09C
:100FA000803240F8042B01330C2BF8D962B608BD0F
:100FB00008B50388DA0A1C2A06D15B050BD45B1539
:100FC000023300EB430008BD064B074A4FF48E7115
:100FD000064802F00BFF03F5FF1303F5FF531F3321
:100FE000EDE700BF94B10010ACBC0010ACB1001034
:100FF00008B5091A01F2FC7240F6FE739A4208D84D
:10100000081F11F0010F04D1C0F34A0040F4604002
:1010100008BD034B034A4FF48771034802F0E6FE14
:10102000F4B10010A0BC0010ACB100104209064B96
:1010300053F8223000F01F000122824003EA020030
:10104000003818BF0120704700E100E03AB1064BBC
:1010500000F1600243F8221043F82010704720305E
:10106000014B43F82010704700E100E008B50A4644
:1010700000F01F03012199404009FFF7E7FF08BD79
:1010800000F01F024009012393404030014A42F81A
:101090002030704700E100E0024B9B68103053F8AD
:1010A0002000704700ED00E008B5FFF7F5FF034BA7
:1010B000C01A2F288CBF0020012008BD2C12002050
:1010C00070B505460C46EFF3108672B60F4BD3E8A9
:1010D000CF1F01220029FAD1C3E8412F0029F6D100
:1010E000BFF35F8FFFF7D8FF094B984201D0A042B2
:1010F00005D1324621462846FFF736FF70BD054B25
:10110000054AED21054802F071FE00BF551E002082
:101110001101001024B20010D4BC0010ACB10010BA
:101120002DE9F04F87B000911546EFF3108A72B6A3
:101130007C4BD3E8CF1F01220029FAD1C3E8412F0D
:101140000029F6D1BFF35F8F774B93F90040002C55
:1011500044DB804604EB4407744B03EB870797F9A5
:101160000610714A1170724A926800F1100152F82B
:101170002190A9EB03022F2A3ED96E4B994534D119
:101180004FF42143ADF80C304FEA440904EB44001E
:10119000664E06EB800068490230FFF729FFADF884
:1011A0000E004BF60153ADF81030FF238DF81230CE
:1011B0008DF81350009B0593A14406EB890306AA02
:1011C00012E9070083E8070047F001095246494643
:1011D0004046FFF7C9FE07B0BDE8F08F574B584AAD
:1011E0004FF4BE71574802F001FE574B544A40F28B
:1011F0008311544802F0FAFD29F0010BABEB030315
:10120000524AA2FB0312D20802EB4202B3EB820F56
:101210000FD15B460026DA79AA4212D993F906204B
:10122000002A0DDB02EB42021E46404B03EB820319
:10123000F1E7474B424A4FF4CA71424802F0D6FDEB
:101240001E46A6B344F60103ADF80C304FF48F43AD
:10125000ADF80E3096F906B0BBF1000F1ADA4BF676
:101260000150ADF810008DF812B08DF81350009BAE
:1012700005933946301DFFF7BBFEB080B47104EB17
:1012800044042A4B03EB840306AA12E9070083E80F
:1012900007009BE7301DFFF78BFE014604EB44027D
:1012A000224B03EB8203181DFFF7A2FED9E74FF490
:1012B0002143ADF80C306300019304EB4406DFF8E2
:1012C0006C9009EB86061C49B01CFFF791FEADF847
:1012D0000E005946301DFFF78BFEADF810004AF6A0
:1012E000AA235A464946521A524153431B0D8DF8C0
:1012F00012308DF81350009A0592019B234409EB9C
:10130000830906AB13E9070089E8070044F60103E7
:10131000ABF800304FF48F43ABF8023047F00109CF
:1013200054E700BF551E0020B72700202C120020D4
:1013300000ED00E0110100105C1200205CB2001012
:10134000BCBC0010ACB1001084B20010ABAAAAAAB9
:10135000ACB2001038B540F00104324BE31A2F2B29
:1013600031D8EFF30581C9B2002933D0EFF3108EE5
:1013700072B62D4BD3E8CF5F0122002DFAD1C3E81E
:10138000452F002DF6D1BFF35F8F4AF6AA23024600
:10139000244D521B524153431B0D4FFA83FC234BE8
:1013A0009B6853F82130A3421BD00023032B32D873
:1013B00003EB43011B4A02EB810292F906206245CE
:1013C00020D00133F2E71A4B1A4A40F27F211A4823
:1013D00002F00CFD194B174A40F28221164802F028
:1013E00005FD124B9B68164A43F82120154B1A78CD
:1013F000827183F800C000230B4AC2E88F3F8EF34E
:10140000108838BD074A02EB8101FF248C714BF62E
:1014100001538B80EAE70C4B064A40F293210648C1
:1014200002F0E4FC2C120020551E002000ED00E02C
:1014300030B3001084BC0010ACB1001058B30010E1
:1014400011010010B727002064B3001000B583B06D
:101450000146074B0093052300220648FFF727FDAE
:10146000002801DBC0F1330003B05DF804FB00BFCE
:101470006CB30010BD270020014B0B440360704784
:101480004C1E002010B50446FFF738FD01462046EB
:10149000FFF7F2FFFF232371BFF35F8F10BD10B57D
:1014A0000446FFF72BFD01462046FFF7E5FFFF232B
:1014B000237100236371BFF35F8F10BD10B50D4C16
:1014C00009E00D4B0D4A1A210D4802F08FFC204611
:1014D000FFF7D8FF08340B4B9C4209D22368002B3E
:1014E000F5D0012BEDD12046FFF7D9FF0834F2E704
:1014F00010BD00BF8819002088B3001014BD001073
:10150000A8B3001098190020024B0B440360BFF3EE
:101510005F8F70474C1E002010B504460120FFF776
:10152000FBFC01462046FFF7EFFF10BD0246EFF33C
:101530000583DBB2103B990804D0034803F0030392
:10154000136070470148F9E700800B4000000B4032
:1015500010B4846AA2EB040C0B1D50F823301B1B43
:101560009C4504D3046A01238B401C4202D1043100
:1015700040F821205DF8044B704741EA0040704775
:101580000D4B1A68EFF3108172B6D2E8CFCF01206D
:10159000BCF1000FF9D1C2E84C0FBCF1000FF4D13F
:1015A000BFF35F8F1A680023C2E88F3F81F3108872
:1015B00040BF002000217047842700202DE9F04F14
:1015C00085B003A8FFF7B2FF954B984214BF0023E4
:1015D0000123039901EB8303924A52F823402378B5
:1015E000994206D1054601228A4000F541535A60CE
:1015F0002CE18D4B8D4A92218D4802F0F7FBD4F8F7
:10160000149006EB46074FEAC70A09EBC707D7F85D
:1016100008B0D7F80C80284600F0B4FBB0EB0B0004
:1016200061EB0803002BC0F21A81B8F1000F64DBF4
:101630003B691A4600937F4B9A4230D0798889B231
:10164000B4F90800FFF799FF7969009B984700906B
:1016500001910099019A51EA02034ED01346002AE3
:1016600029DABBEB010268EB0308BA60C7F80C800B
:1016700039F90A70002FC0F2F280D4F814E007EBB9
:1016800047030EEBC3039968DB68511A68EB030349
:10169000002BC0F2E480A4462CF8087F17E07A699A
:1016A000136900921046984738B3009A1368009364
:1016B00053680193CDE7284600F064FB009B1A189D
:1016C000019B43EB0108D0E79C463EF90B70002FCD
:1016D0000EDBBCF9003003EB43034FEAC30B0EEB08
:1016E000C3039868D968101A68EB01010029EBDA86
:1016F00029F80A70ACF80060B1E039F90A302381AA
:101700002369EFF3108272B6D3E8CF0F01210028CE
:10171000FAD1C3E8401F0028F6D1BFF35F8FB4F9B8
:10172000023029F80A30668021690023C1E88F3F22
:1017300082F3108893E02369EFF3108272B6D3E846
:10174000CF0F01210028FAD1C3E8401F0028F6D1AD
:10175000BFF35F8FB4F804800FFA88F84FF6FF7379
:10176000A38021690023C1E88F3F82F310881AE02B
:101770001F4630F90A60002E0FDBB7F9003003EB8B
:1017800043034FEAC30A00EBC3039968DA68BCEB72
:1017900001016EEB0202002AEADAA7F8008030F9B4
:1017A000098020F80960B8F1000F5DDB606908EB83
:1017B00048034FEAC30900EBC303D3F808C0D3F8CA
:1017C0000CE004F10807B4F90860D4E70023A37122
:1017D00004F1080CB4F9083010E04FF0FF384FF076
:1017E000FF39C0E90289B4F90800984205D0ACF885
:1017F0000020B4F90800C85323811346B3F1FF3F1A
:1018000035D0616903EB4302D70001EBC20031F927
:101810003220468816F4004FDFD18446EDE700BF42
:1018200000800B401027002040B4001040BD001085
:101830006CB40010BD150010284600F0A3FA3F1A42
:1018400066EB0106012F76F1000628DA039A0123E0
:101850009340EB63B4F90860002EBFF6D0AEA388C6
:1018600013F4004F3FF467AFA379002BAED1B4F966
:101870000830002B13DB626903EB430302EBC30365
:101880009F68DE68B6F1FF3F08BFB7F1FF3FD3D0D6
:101890003A46334603992846FFF75AFECCE740BF45
:1018A00005B0BDE8F08F00BFF8B504460D461146FF
:1018B0000A4B984210D000262E44012707FA05F55E
:1018C00025623046FFF7FCFB39463046FFF7CEFB7A
:1018D00004F501542560F8BD0426EDE700800B40B7
:1018E000F8B504460E4617461D46C160FFF706FBD5
:1018F000164B034423612770ABB263814FF0504213
:10190000127862704FF6FF722281A280013B6380E1
:101910004FF0000C08E00CF1FF300CEB4C0E63694B
:1019200023F83E000CF1010CAC45F4D3084B9E4269
:1019300014BF0023012307EB8303064A42F8234028
:10194000054A39463046FFF7AFFFF8BD4C1E002070
:1019500000800B4010270020BD15001008B5054B76
:101960001B690BB1034808BD034B044A65210448B9
:1019700002F03CFA74120020B0B4001028BD001030
:101980006CB40010F8B504469E460069EFF3108170
:1019900072B6D0E8CF6F0125002EFAD1C0E8465FBD
:1019A000002EF6D1BFF35F8FB4F90250666905EBE4
:1019B0004500C70006EBC000002D03DB36F907C069
:1019C000A4F802C04FF0000C2369C3E88FCF81F365
:1019D0001088654533DB0699016107994161826092
:1019E000C0F80CE0418889B20131C1F30E0101B9A0
:1019F000012141802846FFF7C0FD2369EFF31082E3
:101A000072B6D3E8CFCF0121BCF1000FF9D1C3E802
:101A10004C1FBCF1000FF4D1BFF35F8FA388F353C9
:101A2000A58021690023C1E88F3F82F31088E36815
:101A3000217801228A4003F501535A60F8BD4FF026
:101A4000FF30FBE770B582B0064615461C469DF890
:101A5000203033B900F0C0F9854264EB0101002960
:101A60000ADB079B0193069B00932A4623463046D8
:101A7000FFF788FF02B070BD0020FBE7F0B585B02E
:101A800005460C4616461F46FFF768FF9DF82830AE
:101A90000293019700962A462346FFF7D3FF05B02D
:101AA000F0BD03464089B0EB214F31DD10B50A147B
:101AB000586902EB420200EBC2001A69EFF3108C86
:101AC00072B6D2E8CF4F5FF0010E002CF9D1C2E818
:101AD00044EF002CF5D1BFF35F8F428892B289B2F8
:101AE0008A420FD0002019690022C1E88F2F8CF3A1
:101AF000108830B1DA681B780121994002F5015352
:101B0000596010BD42F40042428001209871EAE71A
:101B10000020704710B50446FFF720FF2146FFF76D
:101B2000C0FF10BD40787047F0B583B0EFF3058378
:101B3000DBB2CBB904460D46861F41F1FF37B042F8
:101B400071EB070301D20026374600F045F9301A41
:101B500067EB0103012873F1000308DA20462946E8
:101B600000F04CF903B0F0BD1848FFF753F900231B
:101B70000093174A30463946FFF780FF002819DAEC
:101B8000ECE7144B1A68EFF3108172B6D2E8CFCFAE
:101B90000120BCF1000FF9D1C2E84C0FBCF1000FDD
:101BA000F4D1BFF35F8F1A680023C2E88F3F81F33F
:101BB000108820BF084B5B6A9F42E2D8064A926AAF
:101BC000B242CBD29F42C9D1DBE700BFD4B40010F0
:101BD000811500108427002000000B4038B5044612
:101BE0000D4600F0F9F8201845EB0101002902DB51
:101BF000FFF79AFF38BD4FF0FF306FF00041F7E775
:101C000008B5C30E4101091A63F100039B0043EAC2
:101C100091738900091843F10003DB00C80043EA0F
:101C20005171FFF7DBFF08BDF0B583B005460C46E8
:101C3000EFF30583DBB293B1384B5B6A8B4209D378
:101C4000364A926A824208D28B4201D0012002E0D9
:101C5000002000E0002003B0F0BD0120FBE7FFF70B
:101C60007DFEC7680678384600F08CF82A1A64EBC7
:101C70000101043657F826301B1A9A4271F100010F
:101C800012DB20BF254B5B6A9C4209D8234A926A2B
:101C9000AA4207D29C4201D00120DCE70020DAE70B
:101CA0000020D8E70120D6E7002300931C4A2846ED
:101CB0002146FFF7E3FE002818DD184B5B6A9C42C3
:101CC00005D8164A926AAA4202D29C4200D120BF8D
:101CD000FFF720FF114B5B6A9C421BD80F4A926AA8
:101CE000AA4219D29C4213D00120B4E70B4B5B6A85
:101CF0009C4209D8094A926AAA4207D29C4201D062
:101D00000120A8E70020A6E70020A4E70120A2E721
:101D10000020A0E700209EE701209CE700000B4088
:101D2000811500100048704700000B4010B50A4BA9
:101D30001B6923B10A210948FFF79EFB10BDFFF77D
:101D4000F1FF0446032100F00BF810230322214683
:101D50000148FFF7C5FDEDE774120020842700203D
:101D600010B5054A054C064BA04214BF1846581C36
:101D7000FFF784F810BD00BF24B5001000800B40B1
:101D8000782200200246436A906A1946536A9942B3
:101D9000FAD17047416A00E0416A9942FCD300E001
:101DA000416A994202D1816A9142F9D3704770B574
:101DB000064614461D46FFF7E5FF021941EB0503F1
:101DC000824273EB010102D24FF0FF3213463046DC
:101DD000FFF7E0FF70BD000008B50248FFF7D2FF33
:101DE00008BD00BF00000B4008B502460B46024884
:101DF000FFF7DDFF08BD00BF00000B4008B502463D
:101E00000B460248FFF7C6FF08BD00BF00000B40AD
:101E1000074B98420AD01A2301229A40054B1A60B8
:101E2000054B9B6832EA0303FAD170471B23F3E7A3
:101E300000800740003002400000024038B5046BCB
:101E400014F0010F01D1204638BD00F5405340F297
:101E500001321A63436A856A05EB8315AD020620D9
:101E600000F006F9044BA3FB0030C00AB5FBF0F00C
:101E70000021FFF7B9FFE6E7757B2B8F70B50546AC
:101E80000C461646FFF7DAFFEB6A5C40344005F576
:101E90008153DC60286370BD70B505460C46062092
:101EA00000F0E6F8C300B3FBF4F30133DC0907D01C
:101EB0004FF6FE72944214D82646C3F3450400E060
:101EC00001266E62AC62002211462846FFF7D6FF5B
:101ED000062000F0CDF8800004EB8614B0FBF4F08F
:101EE00070BD00244FF6FF76EBE708B5A1F1050CB5
:101EF000511EC90041EA4C113BB141F00201012BD6
:101F000001D0002302E0042300E000236E221943E5
:101F1000FFF7B4FF08BD08B501B110211022FFF78B
:101F2000ADFF08BD49B10A22054B984214BF0020FD
:101F30000120044B23F8102070474FF48072F3E720
:101F4000008007409427002038B504460D4606203F
:101F500000F08EF8F8B1114B9C421DD01A220123DB
:101F600093400F4A13602046FFF752FF002120469E
:101F7000FFF7D8FF29462046FFF78EFFE36A83F07C
:101F8000700303F07E0304F58152D36040F2013305
:101F900023630323A36438BD1B22E0E700800740CE
:101FA0000020024070B51646049D00EB400C4FEA3D
:101FB0008C0C0CF1804C0CF5803CDCF80420AA421F
:101FC00001D2CCF80450A0F1040E5FFA8EFEBEF1EF
:101FD000010F28D90CF540524FF4006414601E4ADA
:101FE00052F8202042B11C4C6469B4FBF2F4013475
:101FF00004EB4404033CFDD2DCF8002082EA4612E4
:1020000002F0E0020CF580542260BEF1010F16D9F7
:102010000CF500524FF400611160CCF804500E4AE8
:1020200042F8203070BD0129D4D10CF54052032470
:102030001460DCF8082012F0010FFAD0DCE7DCF8BD
:1020400000204A4002F003022260DCF8084001222E
:102050008A401442F9D0DBE78022002010B582B01C
:102060004FF480340094FFF79DFF02B010BD0000D4
:10207000014B53F8200070478022002070B5049C6B
:10208000344DB5FBF1FC344D1544344EB54237D8D0
:10209000B2FBFCF5A5F1100EBEF5987F36D803F122
:1020A000FF3EBEF1060F37D804F1FF3EBEF1060F2A
:1020B00032D8BCEB121F35D8240344EA034403682A
:1020C000002B35DB264B984242D00E2301229A404A
:1020D000244B1A6003F580531A60234B9B6832EA45
:1020E0000303FAD10160856000F5405204322123D8
:1020F00013600368002BFCDAC4600823136070BD12
:102100001A4B1B4A11211B4801F070FE1A4B184A4A
:102110001921184801F06AFE184B154A1C21154870
:1021200001F064FE164B124A2321124801F05EFEB4
:10213000036803F03F038B42C4D18368C3F30B03EE
:10214000AB42BFD1C36803F4EE23A342BAD1D6E7B2
:102150000F23BBE7001BB70080E84BD380F8A93200
:1021600000800540002002400000024048B50010F9
:1021700058BD001098B50010E0B50010FCB5001077
:1021800048B60010024B1A68024B5A60704700BFF5
:10219000E826002000800D4008B5164B4FF0804225
:1021A0001A60A3F54123144A9A6051B103F5402304
:1021B0004FF0E0621A6048B9104B4FF000421A60CD
:1021C00008BD0C4B4FF0E0621A60F4E74FF47A73ED
:1021D00003FB00F00A4B1860B0F1807F02D36FF070
:1021E0007F421A60FFF7CEFF044B4FF080421A6027
:1021F000E6E700BF00B00D40F3FFFF0100A00D4077
:10220000E826002010B50C4B4FF080441C6070B1E4
:1022100040F0010309480A4CC4610A4C5C40046266
:102220004162836200211046FFF7B6FF10BD034BE9
:102230000021D961F6E700BF00B00D4000800D40DD
:10224000D3C007B02D3FF84F054A00EB400302EB27
:102250008303596000EB4000800001231350704756
:10226000008010402DE9F04105460E46174698467D
:102270000023DB8A002242E800F212F4800F0BD127
:10228000102144F252209847044643463A463146CC
:102290002846A047BDE8F081042144F25220984727
:1022A0000446F2E708B50023DB8A002242E800F288
:1022B00012F4800F02D11021984708BD04219847DD
:1022C000FBE708B5031E04DB41F020003AB141F002
:1022D00030010A460A214FF48170FFF7C3FF01461F
:1022E000F7E70000034BD3F82838002BFAD0BFF3F0
:1022F0005F8F704700000E40002207E0054B13443B
:102300009B00BFF35F8F002119600132072AF5D9C6
:10231000704700BF0382031008B5FFF7EDFF08BD4B
:10232000074B4FF42A621A604FF48D72DA6003F59E
:102330000053044A1A60024B5B68002BFBDA7047BB
:102340000080044000B0FA0010B5044602E054F8E2
:10235000043B9847014B9C42F9D310BD50B000108C
:102360007047000008B50248FFF7EEFF08BD00BF48
:1023700010B0001008B50248FFF7E6FF08BD00BF27
:102380003CB00010064B074A1A6003F58053064A1A
:102390001A60064B9A68044B9343FAD1704700BF0A
:1023A000002002407F3BEFEFF6FFF3030000024006
:1023B000054BDB6CB3F5004F00D07047034B4FF477
:1023C0008022DA64F9E700BF0000115000201150AC
:1023D0004FF0E022D2F8881D034B0B43C2F8883D32
:1023E00010EE3004704700BF03033000054B6FF060
:1023F00060421A60044B9B68DB4333F06043F9D1C1
:10240000704700BF003002400000024008B545F2AE
:102410005320FFF747FF03460420984708BD08B53F
:1024200045F25320FFF73EFF03460120984708BDC1
:1024300008B5FEF78BFD08BD10B50C490C4A521AC1
:1024400092101446442A28BF44229200094807F0FB
:10245000F1F904E0084A074B43F824200134432CE7
:10246000F8D9044A054B9A6010BD00BF0000001067
:1024700010010010000000201101001000ED00E02C
:1024800038B50420FFF7F4FD064BA3FB0035AD0C77
:10249000002404E02946E0B2FFF7D6FE0134052C03
:1024A000F8DD38BD83DE1B4330B583B0264B0022F8
:1024B000C3F88420FFF734FF244B0122DA63224B58
:1024C0005B6C012BFBD1214B03221A631E4B9B6BD0
:1024D000012BFBD10224009405231D4A01211D4834
:1024E000FFF7CCFD052500952B461B4A01211B4813
:1024F000FFF7C4FD1A4B002221460420FFF7AEFD72
:10250000184C2346002201212846FFF7A7FD164D4F
:102510002B46002211460820FFF7A0FD2B46002283
:1025200011460920FFF79AFD234600221146062096
:10253000FFF794FD2346002211460720FFF78EFD8A
:10254000FFF79EFF03B030BD0000014000300140A6
:10255000002F685900000540008C86470080054028
:10256000001BB70080D1F008006CDC0286B003B419
:1025700051FC0804CDE9020151FC0904CDE9040134
:1025800051EC0A04CDE9060103BCF047BDE8005058
:102590004EEC00C4BDE800504EEC01C4BDE8005054
:1025A0004EEC02C400BD000000B5FFF7DFFF02E003
:1025B00010FE30F4F8D441EC100443EC112400EE8A
:1025C000010410EE010480EE200451EC1004704769
:1025D00000B5FFF7CBFF02E010FE30F4F8D441EC79
:1025E000100443EC112400EE010410EE210480EEEF
:1025F000200451EC3004704700B5FFF7B7FF02E04C
:1026000010FE30F4F8D410B541EC100443EC112462
:1026100051EC040453EC0524A0FB024C5FF0000EC7
:10262000E0FB03CEE1FB02CE4CEC20440024E1FBB6
:1026300003E444EC30E480EE200451EC5004BDE8A7
:102640001040704700B5FFF791FF02E010FE30F434
:10265000F8D441EC100443EC112451EC2104A0FB0C
:1026600001126FEA820252FB100052FB12F252FB7F
:102670001000A0EBD07C53EC04245CFB13F153EC72
:102680001524A1FB022001FB030053EC4424A2EB20
:10269000000050FB1CF24FEA111312EB017043EBE8
:1026A000E27140EA515020EA915020F0070053ECCB
:1026B0007524A0FB023C53EC752400FB03CC01FB0A
:1026C00002CC53EC0424ACEB824C40EA5C70A0F1E9
:1026D000010041EC400480EE200451EC700470478E
:1026E00000B5FFF743FF02E010FE30F4F8D441ECF0
:1026F000100480EE220410EEB204704700B5FFF71C
:1027000035FF02E010FE30F4F8D440EC700400EE27
:10271000010410EE210480EE200451EC30047047D7
:1027200000B5FFF723FF02E010FE30F4F8D440ECD0
:10273000600400EE010410EE210480EE200451EC50
:102740003004704700B5FFF711FF02E010FE30F4CF
:10275000F8D441EC800400EE010410EE010480EE98
:10276000400410EE1304704700B5FFF7FFFE02E0CF
:1027700010FE30F4F8D441EC800400EE010410EEB9
:10278000010480EE400410EE3304704700B5FFF7FB
:10279000EDFE02E010FE30F4F8D441EC100443ECFE
:1027A000112400EE010410EE3004C0F300707047F5
:1027B00000B5FFF7DBFE02E010FE30F4F8D441EC88
:1027C000100443EC112400EE010410EE3004C0F3B9
:1027D0008070704700B5FFF7C9FE02E010FE30F4CC
:1027E000F8D443EC102441EC110400EE010410EE87
:1027F00030F48CBF01200020704700BF00B5FFF708
:10280000B5FE02E010FE30F4F8D443EC102441ECA5
:10281000110400EE010410EE30F42CBF0120002062
:10282000704700BF00B5FFF7A1FE02E010FE30F4D4
:10283000F8D441EC100443EC112400EE010410EE36
:1028400030F42CBF01200020704700BF00B5FFF717
:102850008DFE02E010FE30F4F8D441EC100443EC9D
:10286000112400EE010410EE30F48CBF0120002092
:10287000704700BF0022002950DA404261EB41015D
:10288000C9B1B1FA81F30B3B17D4D3F1200C30FA64
:102890000CFC9840994051EA0C011A44524202F251
:1028A000324201EB025141F0004140F2FE739A4284
:1028B00038BF704721E011467EE003F1210310FA92
:1028C00003FCA3F1010301FA03FCC3F1200320FA86
:1028D00003F021FA03F140EA0C00A3EB020202F23A
:1028E000324214D050F1000041EB025141F000415E
:1028F00040F2FE739A4238BF70474FF00001A8BF04
:10290000C7F6F0714FF00000704700217047EBD31D
:1029100050F1000020F00100E6E70022B9B1B1FA61
:1029200081F30B3B16D4D3F1200C30FA0CFC984009
:10293000994051EA0C011A44524202F2324201EB30
:10294000025140F2FE739A4238BF704720E01146B0
:1029500000F066B803F1210310FA03FCA3F10103B0
:1029600001FA03FCC3F1200320FA03F021FA03F17A
:1029700040EA0C00A3EB020202F2324212D050F104
:10298000000041EB025140F2FE739A4238BF70479B
:102990004FF00001A8BFC7F6F0714FF0000070477C
:1029A00000217047EDD350F1000020F00100E8E76E
:1029B000002880F235804042B0FA80F30B3B11D4FE
:1029C000984001EB0302524202F2124200EB025124
:1029D00041F000414FF0000040F2FE739A4238BFD0
:1029E000704713E0C3F1000330FA03FCC3F1200287
:1029F0009040A3EB010202F212420CEB025141F0B3
:102A0000004140F2FE739A4238BF70474FF00041D8
:102A1000A8BFCFF6F0714FF000007047002170475B
:102A200060B3B0FA80F30B3B0FD4984001EB030284
:102A3000524202F2124200EB02514FF0000040F20B
:102A4000FE739A4238BF704710E05B4230FA03FCD5
:102A5000C3F120029040A3EB010202F212420CEB00
:102A6000025140F2FE739A4238BF70474FF00001A6
:102A7000A8BFC7F6F0714FF0000070470021704703
:102A80000022A2F232425FEA215CACF10103A1EB29
:102A900003515B0513F5800F32D212EB535210D461
:102AA0000B2A36DA9140D2F1200330FA03F31943AE
:102AB0009040BCF1000FA8BF7047404261EB41015C
:102AC000704720320EDD01FA02F3D2F12002D1402C
:102AD000D0401843BCF1000FA8BF7047404261EBE3
:102AE00041017047524282F3050231FA02F000219F
:102AF000BCF1000FA8BF7047404261EB4101704735
:102B000002D000200021704750EA013118BF4FF079
:102B1000000C6FF0004101EBDC716FEAEC70704764
:102B200000219639C215A2F10103FE2B23D2A0EB9E
:102B3000C350891819D4CA1F09DDB1F1200309DA7D
:102B4000C001D2F1200330FA03F190407047884071
:102B500000217047292903DA10FA03F10020704799
:102B60006FF000006FF000017047494281F30501EA
:102B7000C8400021704710F5000FF1D8B0F5000FE4
:102B8000EEDC0020002170479A4200D28854704742
:102B9000704720B108B50A684968904708BD70477A
:102BA0000146002008E000EB8000531C0B60137806
:102BB00003EB4003A3F130000A681378303BDBB22B
:102BC000092BF0D970472DE9F04F83B005460E462A
:102BD00093461F46DDF830A00D9CDDF838900F9B22
:102BE00013F0030F19D1A046019208E002F1010B86
:102BF0003B4631462020A84708F101085A46C845FF
:102C0000F4D3DDF804B008E0013C02F101083B46D2
:102C100031461AF80400A8474246002CF4D10F9B15
:102C200013F0020F09D1104603B0BDE8F08F541C19
:102C30003B4631462020A8472246A2EB0B034B45DA
:102C4000F5D3F0E72DE9F04385B099460C9D0D9C36
:102C50009DF83880DDF840E0119F129E16F0020FBB
:102C600021D17FB116F0010F0CD0B8F1000F02D1C5
:102C700016F00C0F06D0013F04E04FF0300C05F8C1
:102C800004C00134744501D21F2CF6D916F0010F8F
:102C900009D0BC4207D21F2C05D84FF0300C05F8E4
:102CA00004C00134F2E716F0100F14D016F4806F50
:102CB00004D11CB1744522D0BC4220D00F9B102BF4
:102CC00033D00F9B022B3DD01F2C0ED84FF0300C71
:102CD00005F804C001341F2C07D8B8F1000F39D013
:102CE0004FF02D0C05F804C00134039602970194AF
:102CF00000954B46FFF767FF05B0BDE8F083B4F1E0
:102D0000010C1DD00F9B102B0ED064460F9B102B77
:102D1000D7D116F0200FD4D01F2CD2D84FF0580C9A
:102D200005F804C00134CFE7023C16F0200FEDD1C6
:102D30001F2CEBD84FF0780C05F804C00134C3E722
:102D40006446BBE71F2CD0D84FF0620C05F804C0D6
:102D50000134B9E716F0040F05D04FF02B0C05F83D
:102D600004C00134C1E716F0080FBED04FF0200CAC
:102D700005F804C00134B8E7F0B591B0169C189D71
:102D80001B9E0CB926F0100616F4806E1DD064B39D
:102D90004FF0000E19E016F0200F24D04127BC445C
:102DA0005FFA8CFCACF10A0C5FFA8CFC0EF10107A7
:102DB0000EF1400EEE440EF820CCB4FBF5FCAC4214
:102DC00014D31F2F12D8BE466446B4FBF5FC05FB96
:102DD0001C4C5FFA8CFCBCF1090FDCD80CF1300CF8
:102DE0005FFA8CFCE2E76127D9E7274606961A9C32
:102DF0000594199C049403959DF85C4002940197F6
:102E000008AC0094FFF71EFF11B0F0BD2DE9F04FA4
:102E100095B009900A910B929846DDF878B0DDF8EC
:102E20007C90229D239F269E5BEA090201D126F019
:102E3000100616F4806424D05BEA09022FD0002427
:102E40001FE016F0200F28D041231344DBB20A3BC9
:102E5000DBB204F1010A04F150020DEB020404F8A4
:102E6000203C2A463B465846494608F0B1F8AB4557
:102E700079EB070915D3BAF11F0F12D854468346D0
:102E800089462A463B465846494608F0A1F8D2B240
:102E9000092AD6D83032D3B2DBE76123D5E74FF029
:102EA000000A0696259B0593249B049303959DF8A1
:102EB00080300293CDF804A00CAB009343460B9AEC
:102EC0000A990998FFF7BEFE15B0BDE8F08F000023
:102ED0002DE9F04F93B004460D4617461E46DDE936
:102EE0001CAB52465B4650465946FFF753FC002840
:102EF00040F0F3804FF0FF32AD4B50465946FFF79C
:102F0000A9FC002840F0E9804FF0FF326FF48013F5
:102F100050465946FFF762FC002840F0DE80002250
:102F2000002350465946FFF759FC002840F0E68040
:102F3000CDE906AB209B13F480630F9301D10623E8
:102F40001E93DDE9062310461946CDE90A01079BC9
:102F500052EA030100F0DC80C3F30A50C3F3130309
:102F6000904643F07F5949F44019A0F2FF30FFF733
:102F7000C9FB7DA3D3E90023FFF742FB7CA3D3E980
:102F80000023FFF715FBCDE908010022894B4046DD
:102F90004946FFF721FB78A3D3E90023FFF730FB75
:102FA00002460B46DDE90801FFF702FBFFF7CEFB07
:102FB0000890FFF7A7FB8046894671A3D3E9002359
:102FC000FFF71EFB00227C4BFFF7F2FAFFF7BEFB78
:102FD0000A906DA3D3E9002340464946FFF710FB52
:102FE000804689460A98FFF78DFB69A3D3E9002341
:102FF000FFF706FB02460B4640464946FFF7ECFA50
:103000008046894602460B46FFF7FAFACDE90C01E5
:103010000A9B03F2FF3300210022CDE90A121B05AF
:103020000B9300230A9342464B4640464946FFF71E
:10303000BFFACDE9100142464B4600204FF08041D7
:10304000FFF7CAFA8046894600225C4BDDE90C0195
:10305000FFF7FCFA00225A4BFFF7AAFA02460B468A
:10306000DDE90C01FFF7F2FA0022564BFFF7A0FA58
:1030700002460B46DDE90C01FFF7E8FA02460B4673
:1030800040464946FFF794FA02460B46DDE9100137
:10309000FFF7DCFA00224C4BFFF78AFADDE90A233E
:1030A000FFF7AEFA80468946CDE90A89DDE90623B5
:1030B000FFF7D0FB50B1089B013B08930022404B27
:1030C00040464946FFF7C2FACDE90A01089B63333F
:1030D000C62B46D84FF004081EE0209B04931F9B8C
:1030E00003931E9B0293CDE900AB33463A46294633
:1030F000204600F0FDF813B0BDE8F08F9FED267B71
:103100008DED067BCDF818A00BF10043079311E776
:10311000002308934FF00408209B13F4006F5FD046
:10312000DDE90A1213460B4313D01DA3D3E9002394
:10313000DDE90601FFF77AFB002800F0B4801AA34E
:10314000D3E90023DDE90601FFF748FB002800F082
:10315000AA801E9A089B9A4238DDD31A013B1E931F
:1031600036E04FF00508D7E7FB799F501344D33F73
:10317000B3C8608B288AC63F61436F63A787D23F7D
:1031800071A379094F930A401655B5BBB16B024044
:10319000EF39FAFE422EE63F00000000000000007A
:1031A0002D431CEBE2361A3F0000000080842E41C4
:1031B000FFFFEF7F0000F83F0000E03F00002C40E1
:1031C00000002440000018400000F03F00231E9340
:1031D000209B43F4806320934FF00008CDF82080BB
:1031E0001F9B984569D2A3EB0809209B13F00203AB
:1031F0000C9304D0B8F1000F01D04FF00009089BE8
:103200003BB1DDE90A23DDE90601FFF71FFACDE94D
:1032100006010022002350465946FFF7DFFA002836
:103220004ED1209B23F400630493CDF80C901E9B99
:1032300002939DED067B8DED007B33463A46294691
:10324000204600F055F8B8F1000F3FF454AF209B32
:1032500013F0200F3CD04FF0450C00F1010933462C
:10326000024629466046A047089981EAE172A2EB2E
:10327000E1720523059308F1FF33049300230393C0
:103280000A230293CB0F0193009233464A46294604
:103290002046FFF771FD0C9B002B3FF42CAF02463C
:1032A000DDF87C901EE01E9B002B99D00F9B002B1D
:1032B00096D01E9B013B1E9392E74FF0000994E7C6
:1032C000DDE90601024601F10043CDE90623A8E746
:1032D0004FF0650CC1E702F1010833462946202072
:1032E000A0474246D31B4B45F5D3104603E700BF2A
:1032F0002DE9F04F2DED028B95B007900A91924683
:103300009B46DDE92089229D42464B464046494680
:10331000FFF740FA002835D14FF0FF326FF48013E9
:1033200040464946FFF75AFA00283AD14FF0FF329B
:10333000B14B40464946FFF78DFA002840D1AAA379
:10334000D3E9002340464946FFF784FA00284DD1CF
:10335000A7A3D3E9002340464946FFF73FFA0028D8
:1033600044D10022002340464946FFF737FA00289F
:103370004AD100230B93249B13F4806F00F0B58097
:10338000002454E0249B0393239B02930323019383
:103390009A4B00935B4652460A990798FFF713FC35
:1033A0001BE1249B0393239B029304230193944BDF
:1033B00000935B4652460A990798FFF704FC0CE11C
:1033C000249B13F0040F0ED08E4B042224990391FA
:1033D00023990291019200935B4652460A990798FD
:1033E000FFF7F1FBF9E0884B0322EFE7249B0493FE
:1033F000239B03930295CDE900895B4652460A99C7
:103400000798FFF765FDE8E042464B4600200021A3
:10341000FFF7E2F88046894601230B93ABE704F1FE
:1034200050036B44302203F8202C013D01341F2C43
:1034300001D8092DF3D840464946FFF787F90646DB
:10344000FFF760F902460B4640464946FFF7C4F8CD
:103450006E4B03EBC50393ED008B53EC182BFFF77A
:10346000CFF802460B46CDE90823FFF781F907465E
:10347000FFF75AF902460B46DDE90801FFF7ACF801
:1034800002460B46CDE908230022614BFFF7E2F923
:1034900068B301373846FFF747F902460B4651EC4F
:1034A000180BFFF7AFF908B1013600276DBB3046A6
:1034B000FFF728F902460B4640464946FFF78CF8CD
:1034C000074688460022524BFFF788F900284CD166
:1034D00000224F4B38464146FFF7BCF9002844D143
:1034E00016F0010F41D001363FE0062548E70022E3
:1034F000474BDDE90801FFF771F90028D6D117B174
:1035000017F0010FD2D00137D0E71F2C17D8013D9B
:10351000404BA3FB0723DB08194603EB8303A7EB10
:103520004303621C303304F150000DEB000404F837
:10353000203C092F02D90F461446E6E714461F2CFB
:103540000AD86B1E45B104F150026A44302102F8DA
:10355000201C1D460134F2E71F2C06D804F150034D
:103560006B442E2203F8202C01341F2C17D82A4A32
:1035700082FB0632F317C3EBA2031A4603EB830365
:10358000A6EB4303611C303304F150000DEB000443
:1035900004F8203C16460AB10C46E6E70C46249B8C
:1035A00003F00303012B39D01F2C09D80B9B002BF0
:1035B00051D004F150036B442D2203F8202C013428
:1035C000249B0393239B029301940CAB00935B46D3
:1035D00052460A990798FFF7F6FA15B0BDEC028B30
:1035E000BDE8F08FAFF300800000000065CDCD4155
:1035F0000000000065CDCDC1FFFFEF7FBCB600101D
:10360000C0B60010B0B60010B8B60010C8BD0010AB
:103610000000E03FCDCCCCCC67666666239BB3B19F
:103620000B9B1BB9249B13F00C0F12D0239B013B67
:103630002393194606E004F150036B44302203F84B
:10364000202C01348C42AFD21F2CF4D9ACE7239943
:10365000F8E72399F6E7249B13F0040F07D004F151
:1036600050036B442B2203F8202C0134A8E7249B41
:1036700013F0080FA4D004F150036B44202203F888
:10368000202C01349CE700BF2DE9F04F8FB080461D
:1036900017460D938946002900F04F83002508E066
:1036A0006C1C3B462A464946C0470D9B01330D938F
:1036B00025460D9B1878002800F042832528EFD17D
:1036C00001330D9300261FE046F0010601320D92F2
:1036D000012318E046F0020601320D92012312E0A8
:1036E00046F0040601320D9201230CE046F0080674
:1036F00001320D92012306E046F0100601320D92D0
:10370000012300E000234BB30D9A1378203B102BCC
:10371000F8D801A151F823F0ED360010053700105C
:1037200005370010F9360010053700100537001076
:103730000537001005370010053700100537001059
:1037400005370010E136001005370010D53600109F
:103750000537001005370010C93600100A930D9B7D
:103760001A78A2F13003DBB2092B18D92A2A1BD010
:103770000A9B0B930D9B1A782E2A25D00D9A13784D
:10378000683B122B5CD8DFE803F0495BAC5B3B5B2A
:103790005B5B5B5B5B5B575B5B5B5B5BB1000DA883
:1037A000FFF7FEF90B90E5E7189B1A1D18921B68AE
:1037B000002B04DB0B930D9B01330D93DAE746F0EE
:1037C00002065B420B93F6E746F480665A1C0D92A4
:1037D0005A78A2F13003DBB2092B0CD92A2ACDD1B9
:1037E000189B1A1D18921C6824EAE4730A930D9B17
:1037F00001330D93C2E70DA8FFF7D2F90A90BDE798
:1038000046F48071531C0D9353786C2B01D00E46F7
:1038100016E046F4407602320D9211E046F0800147
:10382000531C0D935378682B01D00E4608E046F0E8
:10383000C00602320D9203E046F4807601320D920A
:103840000D9B1878672856D82528C0F06C82A0F107
:103850002503422B00F26782DFE813F05A0265026B
:103860006502650265026502650265026502650220
:103870006502650265026502650265026502650210
:103880006502650265026502650265026502650200
:1038900065026502650265026502650288016801CC
:1038A00088016502650265026502650265026502BE
:1038B00065026502650265026502650265026502D0
:1038C00065027100650265026502650265026502B6
:1038D0006502650265027100AF017100880168012F
:1038E000880146F4007601320D92A9E746F480760D
:1038F00001320D92A4E7782800F215826928C0F001
:103900001282A0F16902D2B20123934049F241022E
:10391000134214D113F0800F40F0DF8113F4806F55
:1039200000F00182189B1A1D1892D3F800A00A9B80
:10393000002B40F090814FF0FF32534674E16F2826
:103940003DD005D858283CD0622803D1022304E09A
:10395000782838D026F010060A23582835D0692850
:1039600003D0642801D026F00C0616F4806F01D035
:1039700026F0010669282BD0642829D016F4007F90
:1039800040F0968016F4807F40F0AE8016F0400F35
:1039900000F0BF80189A111D1891127805960B99A6
:1039A00004910A99039102930023019300923B46EC
:1039B0002A4649464046FFF7DFF9054629E0082335
:1039C000CBE71023C9E71023C7E746F02006C6E778
:1039D00016F4007F21D116F4807F42D116F0400FFB
:1039E00058D0189A111D1891127882EAE271A1EB51
:1039F000E27105960B9804900A9803900293D20FF7
:103A0000019200913B462A4649464046FFF7B4F9E9
:103A100005460D9B01330D934BE6189A073222F0B1
:103A2000070202F10801189151681268084600293E
:103A300013DB08960B9C07940A9C069404930023BE
:103A40000593C90F0291009201903B462A464946D0
:103A50004046FFF7DBF90546DBE7524261EB4100E8
:103A6000E7E7189A111D1891126882EAE271A1EB3A
:103A7000E27105960B9804900A9803900293D20F76
:103A8000019200913B462A4649464046FFF774F9A9
:103A90000546BEE716F0800F05D0189A111D189143
:103AA000B2F90020A1E7189A111D189112689CE73D
:103AB000189A073222F0070202F1080118910896BD
:103AC0000B9907910A99069100210493059102919F
:103AD000D2E90023CDE900233B462A464946404629
:103AE000FFF794F9054694E7189A111D1891059669
:103AF0000B9904910A99039102930023019313688F
:103B000000933B462A4649464046FFF735F90546AD
:103B10007FE716F0800F04D0189A111D18911288B3
:103B20003CE7189A111D1891126837E746281AD0F9
:103B3000189B073323F0070303F108021892049639
:103B40000B9A03920A9A0292D3E90023CDE900234B
:103B50003B462A4649464046FFF7CAFB05460D9BB1
:103B600001330D93A5E546F02006E1E7672801D073
:103B7000472801D146F40066452801D0472801D1E5
:103B800046F02006189B073323F0070303F10802D1
:103B9000189204960B9A03920A9A0292D3E9002390
:103BA000CDE900233B462A4649464046FFF790F9B7
:103BB00005460D9B01330D937BE516F002061CD0E4
:103BC00001241898031D189305F1010A3B462A4663
:103BD00049460078C047AEB90D9B01330D93554659
:103BE00067E5551C3B4649462020C04723462A46E8
:103BF0005C1C9A45F5D81546E3E70123DDF82CA0B7
:103C00002A46F5E75246DDF82CA006E0561C3B4656
:103C100049462020C0472C463246651CA245F5D8AF
:103C20009246D9E701330A46197811B1511E002A8C
:103C3000F8D1A3EB0A0316F4806B03D00A9A9342DF
:103C400028BF134616F0020407D00C940A9E2A4699
:103C50005D469B4623E00A9A6FE6CDF830B02A46CF
:103C600025460B9C07E002F1010B3B46494620200C
:103C7000C04733465A465E1C9C42F4D8DDF830B04B
:103C80002C4633460C940A9E5D469B4607E01E4632
:103C90000AF1010A541C3B464946C04722469AF89D
:103CA000000020B1002DF3D0731E002EEFD10C9C2C
:103CB00015465B461CB90D9B01330D93F9E40B9E31
:103CC00006E0551C3B4649462020C04723462A466D
:103CD0005C1C9E42F5D81546EDE746F02106189B80
:103CE0001A1D18921B680596082204920A9A0392DC
:103CF000102202920022019200933B462A46494636
:103D00004046FFF739F805460D9B01330D93D0E48B
:103D10006C1C3B462A4649462520C0470D9B013373
:103D20000D932546C5E46C1C3B462A464946C047D0
:103D30000D9B01330D932546BBE4DFF82080ADE4F5
:103D4000BD4208D37A1E3B4649460020C04728465C
:103D50000FB0BDE8F08F2A46F5E700BF912B0010A9
:103D60000CB410B584B00A4606AC54F8043B039476
:103D7000009401460348FFF787FC04B0BDE81040FB
:103D800002B07047892B001000B585B002900391F6
:103D9000009313464FF0FF3202A90348FFF774FC6B
:103DA00005B05DF804FB00BF932B001000BEFDE7DB
:103DB0000346094A126842B1074A10680344074A99
:103DC000934206D8044A13607047034A04491160BD
:103DD000F2E74FF0FF307047E0220020000008209B
:103DE000C027002008B5FFF7E1FF000000B583B051
:103DF0008C4619465AB11446064B0194009363460B
:103E00000246054800F056F90120FFF7CFFF034BAB
:103E10001C46F2E7C8B60010D8B60010D8B00010A3
:103E200010B5EFF30583DBB203B100BEFEF79AFADB
:103E3000044C02E054F8043B9847034B9C42F9D3EE
:103E400010BD00BF50B0001058B0001008B50346B8
:103E500008461B681146984708BD0000F8B507469C
:103E60000D461646437D13B1002420460CE003683E
:103E70001146284698472EE03B7D10E03B68022122
:103E800015489847601C0134B44214DA002CF3DD65
:103E90002B1913F8013C0D2B14BF002301232A5DBD
:103EA0000A2AF0D1002BEED1A042E7DA3B68211AB2
:103EB00028449847E2E7B04203DA3B68311A2844C5
:103EC0009847002E07DD354415F8013C0D2B14BF33
:103ED000002301233B75F8BD18BE001038B50368F8
:103EE000BBB105460B4B1C6806E0294651F8042B74
:103EF0002046FFF7B3FF24694CB12368002BFAD0AA
:103F0000054B1B68002BF0D0A342F4D1EDE7002352
:103F10002B6038BDD0220020DC22002038B50546B9
:103F20000C460B68802B05D023685A1C22601C4469
:103F3000257138BD0846FFF7D1FFF5E708B5FDF755
:103F40004BFF074A821841F10003002B03DB0548B1
:103F500007F04EF808BD4FF0FF326FF00043F6E770
:103F600040420F009019002008B5024807F034F8CD
:103F700008BD00BF901900202DE9F04383B006462C
:103F80000D4690461C46FFF7D9FF8146B5F1FF3F2D
:103F900004D044B1174F184B1C6807E0304605F0B9
:103FA000BFFC0546F5E7154FF5E72469BCB123686A
:103FB000002BFAD0124B1B680BB1A342F5D12A4655
:103FC00031462046B847B8F1000FEED00A238DF8ED
:103FD000073001220DF107012046B847E5E7B9F1A6
:103FE000000F03D1284603B0BDE8F083FFF7BCFF04
:103FF000F8E700BF5D3E0010D02200204D3E0010CB
:10400000DC220020094A136802E003F110021B6958
:1040100043B113688342F8D131B9036913600023B7
:104020000361704701B11060704700BFD0220020CB
:1040300010B5054B1C6800E0246924B16368002BAF
:10404000FAD09847F8E710BDD022002008B500F05C
:10405000ADF908BD38B5054605F062FC04460123FC
:104060001A4601462846FFF787FFFFF7E1FF204683
:1040700038BD0000F0B5A3B004460E46FFF75EFF62
:1040800005460023019301AF3346224639460848CE
:10409000FFF77AFE04463846FFF720FFFFF7C8FF18
:1040A00015B9204623B0F0BDFFF75EFFF9E700BF6A
:1040B0001D3F00100FB400B583B004A951F8040BE4
:1040C0000191FFF7D7FF03B05DF804EB04B0704730
:1040D00070470000014B00221A707047B82700207B
:1040E0004B79FF2B0BD18B795BB9CB79012B0AD1A3
:1040F000082A0AD98A78064B1A70092070470020CE
:10410000704700207047002070470020704700BFB4
:10411000B827002001207047012923D108B59188D4
:10412000114B1B78994201D0002008BD5378012B18
:1041300003D0022B0FD00020F7E7518811F4807FC5
:1041400006D0480AC1F3402201F07F01FEF7B9F81A
:104150004FF0FF30F6E7642200210846FEF752F8E0
:104160000120E2E701207047B8270020004870478F
:10417000E4BE001001290FD108B594465378012BF5
:104180000CD19388072B01D0002008E0A623044A15
:10419000614601F0EFFB02E001207047002008BDFE
:1041A0003CBE001001230370004870471CBE001085
:1041B00008B50B68B3F5966F00D008BD0022114614
:1041C0004FF0FF30FEF77DF8024B1860024B19608C
:1041D000704700BF6C2200207022002008B5FDF758
:1041E000FBFD0E4A821841F10003002B11DB0C4845
:1041F00006F0FEFE60B100214FF0FF3001F042FA00
:10420000002001F03BFD0028F5D1054806F0E4FE52
:1042100008BD4FF0FF326FF00043E8E740420F0067
:104220008827002038B5184B1B681BB3EFF31082AA
:1042300072B6D3E8CF0F01210028FAD1C3E8401F9E
:104240000028F6D1BFF35F8F0F494A6000230F4863
:1042500003700968C1E88F3F82F3108800240025AD
:104260000B4B1878FCF7E2FE40B9002400252046ED
:10427000294638BD4FF47A740025F1E7044B1878CD
:10428000FCF7FEFEF3E700BF08270020BB27002055
:10429000BA27002008B5024B1878FCF7F1FE08BDDC
:1042A000BA27002070B584B0064614461D46FDF7B7
:1042B00093FD221845EB0103002B0BDB9DF8281022
:1042C000029109990191089900913046FDF7BAFBD6
:1042D00004B070BD4FF0FF326FF00043EEE7F0B571
:1042E00085B005460C4616461F46FDF737FB9DF880
:1042F00028300293019700962A462346FFF7D2FF03
:1043000005B0F0BD10B582B00021224806F074FE61
:1043100000BB214B1B68DBB1EFF3108272B6D3E810
:10432000CF0F01210028FAD1C3E8401F0028F6D1A1
:10433000BFF35F8F18494A6018480378DBB2012445
:10434000047008680021C0E88F1F82F31088BBB199
:1043500002B010BD00214FF0FF3001F093F90020B2
:1043600001F066FC04460B4806F036FE002CEFD048
:104370000B4B1B68002BEBD00A4A10689847E7E705
:1043800000940B46084A4FF47A700021FFF7A7FF0C
:10439000DEE700BF8827002008270020BB27002079
:1043A0006C220020702200202542001010B582B03F
:1043B0004FF050431C68FDF7D1FAFDF7B3FBA04264
:1043C0002DD1244B1B780021084602F0F9F8224B2E
:1043D0001B6853B30120FDF739F8C0B21F4C2070A1
:1043E0001F49FCF76DFE01212078FCF73FFE0E20EF
:1043F000FCF75AFE0446E0B10120FCF78DFD0146B2
:104400001848FDF781F8002217490E20FCF788FEB6
:1044100001211648FFF7F6FD204602B010BD144BEF
:10442000144AC6211448FFF7E1FC0B48FDF72AF8AF
:10443000D0E70C4A002313605360012200920F4A18
:104440004FF47A700021FFF74AFFC443E40F002CB9
:10445000E2D0DDE7C0C7001088270020BA2700207F
:104460000543001008270020954200108C12002000
:1044700008B7001014BF001010B70010254200103C
:1044800008B5002001F0BAFB08BD000038B50446AD
:104490000D46FFF7F5FF90B3002001F0C9FB88B38C
:1044A000FDF79AFC1A4A821841F10003002B16DB33
:1044B000184806F09DFD40B3FFF7E2FF18B1002059
:1044C00001F0B6FB80B900214FF0FF3001F0DAF8BF
:1044D0006FF002040F4806F07FFD204638BD4FF014
:1044E000FF326FF00043E3E72A462146002001F047
:1044F000ABFB04460028EDD16FF00204EAE76FF051
:104500000204EAE76FF00204E7E76FF00204E4E771
:1045100040420F0088270020F8B507460D46FDF7FA
:104520005BFC2E4A821841F10003002B04DB2C486F
:1045300006F05EFD28B9F8BD4FF0FF326FF0004382
:10454000F5E7FFF79DFF002845D1264B002000210D
:10455000C3E90001224806F03FFDECE700214FF0DF
:10456000FF3001F08FF8002001F088FBFFF788FF93
:104570000028EFD0002001F0FFFBF8B1AC42E9DAEF
:104580002E1B002001F0F8FB864200DC304600289C
:10459000E4D002463919002001F0CCFB0646002188
:1045A0004FF0FF3001F06EF8002001F067FB34445B
:1045B000FDF712FC0B4BC3E90001DFE7FDF70CFC34
:1045C000084A13685268084E9B1942F10002834260
:1045D0008A41D3D2BEE70024D0E700BF40420F009B
:1045E00088270020181B002020A1070000487047E2
:1045F00090BF0010004870473CBF001010B5044643
:10460000144B1B786BB18CB9134B40F209425A80A2
:10461000012301335B009BB20F4843F440730380D6
:1046200010BD11210B4800F047F8ECE7052C0ED81F
:104630000A4B53F824000023122BEAD8C25C002A4C
:10464000E7D00133044921F81320DBB2F4E700205E
:10465000E6E700BF98270020A822002024BF001012
:1046600000B58BB045F24730FDF71CFE0346012232
:10467000092101A89847042801D100230EE00A4B24
:104680000A4A2F210A48FFF7B1FBC3F10F02283273
:104690006A4412F8241C074AD1540133072BF4DD75
:1046A0000BB05DF804FB00BFA0B70010C4BF001042
:1046B000A8B700103027002008B511B18C460022A1
:1046C00008E0104B104A3B211048FFF78FFB3733AF
:1046D000835401320CF1FF3393420FD90F2A0DD8C6
:1046E00053080B49CB5CD14301F0010189000B4118
:1046F00003F00F03092BEADC3033E9E7002383548E
:1047000008BD00BFF8B70010A4BF0010A8B7001084
:104710003027002030B400F07F05C3094FEA450C74
:104720000CEBD01C244C04EB4C1C8CF8020083F0E6
:1047300001008CF8010000208CF80300ACF8181080
:104740008CF81B20DBB9EA001C49114403EB45003F
:10475000194A02EB4012916003EB4501164A02EB45
:1047600041129268002111607DB903EB4502124BA2
:1047700003EB42135960124ADA6030BC70471149AA
:1047800001EBC501CCF80810E6E753B96A1ED20068
:104790000D49114403EB4503074A02EB43135960EB
:1047A000EBE7691E094A02EBC10203EB4501024B2C
:1047B00003EB41135A60E0E7E4220020840010502C
:1047C00000011050800010500C00105008001050D4
:1047D00008B5038B3F3323F03F03C27E022A08D083
:1047E00008490A68C26013440B60074A934202D822
:1047F00008BD5B00F4E7054B054A52210548FFF769
:10480000F5FA00BFEC260020FF0F105000B8001092
:1048100010C0001044B8001070B500F07F054FEADA
:10482000450C0CEBD0130C4C04EB4314FFF772FF58
:1048300005B970BD218B2046FFF7CAFFE27EE36811
:1048400083F0A04383F4801343EA826343F0004380
:1048500062681360EDE700BFE422002008B500F0B5
:104860007F035B0003EBD010024B03EB401000F022
:104870001BF908BDE422002008B520B901210E2053
:10488000FCF7F4FB08BD034B034A40F297110348C1
:10489000FFF7ACFAB8B8001000C0001044B8001020
:1048A00008B528B9002211468020FFF7D7FF08BDC0
:1048B000034B044A40F2A1110348FFF797FA00BFE7
:1048C000B8B80010F0BF001044B80010024B4FF40D
:1048D0008032DA64704700BF0020115070B548BBC9
:1048E000064600F0C1F8174C0C23A367FF221649B7
:1048F0000E20FCF715FC40252A460021134804F041
:104900007FFE002229461046FFF786FF0022294637
:104910008020FFF781FF06F053FB012525644FF04F
:104920000053E3640A4BC4F890303046FFF7CEFFE3
:10493000284670BD074B084A40F263110748FFF74D
:1049400055FA00BF0000115099030020E422002016
:1049500010D00100B8B8001024C0001044B80010F6
:10496000044B197021B1044B4FF40032C3F890206E
:10497000704700BFB2270020002011500B7813F0C1
:104980007F0F02D14B78052B00D070474B88DBB2EC
:10499000014A1360F9E700BF00001150CA7802F025
:1049A0000302012A09D008B50B468988C1F30A0120
:1049B0009878FFF731FF012008BD0020704708B547
:1049C00006F0FEFA08BD000010B530B908461146E1
:1049D0001A46FFF743FF012010BD034B034A4FF473
:1049E00001710348FFF702FAB8B80010E0BF0010E9
:1049F00044B8001008B511F07F0304D1CA090ED1E4
:104A00000220084A90665B0003EBD1134FF400626A
:104A10000021054800EB431006F0E6FA08BD01202E
:104A2000EFE700BF00201150E422002008B511F08C
:104A30007F0300D108BD5B0003EBD113044800EBFA
:104A400043100022C2706FF4006106F0CDFAF1E766
:104A5000E422002004E011F8012B00F8012B1A4693
:104A6000531E002AF7D1704708B54FF080530A4A09
:104A7000136002F580521360084B9B6813F0805F4F
:104A8000FAD04FF480520021054804F0B9FD054BDF
:104A900009225A6708BD00BF002002400000024002
:104AA000000010500000115070B504460D46164627
:104AB000837EABB9A6820023E3820123A37625611E
:104AC000204606F08DFA20B10B4B4FF40032C3F8AC
:104AD0009020204606F094FA50B10123237770BD50
:104AE00081780648FFF7E6FA204606F05DFAE1E72E
:104AF000204606F061FAF2E700201150ACB9001030
:104B000038B50546002408E0D21A1B4B03EB4213CC
:104B1000DB68284698470134E4B2184B1B782246DC
:104B2000591CA14215DBA342EED9154B1B6813EBB0
:104B30004413EDD140F2252212491348FFF7BAFA87
:104B40004FF0E023D3F8F03D13F0010F13D000BE77
:104B500011E00E4C54220021204604F051FD4FF08C
:104B6000FF336360A360E36023612022FF2104F12F
:104B7000140004F045FD38BDF8C00010AF27002038
:104B8000A81C0020C4C00010E4B90010781E00204A
:104B900008B5FFF7B5FF00F043FF08BD70B5054647
:104BA0000C461646486900F045FF6369324601210C
:104BB0002846984770BD00002DE9F04F83B082462B
:104BC000481EC0B2FFF716FD20B18346437801931B
:104BD000022B11D040F2D63262496348FFF76AFADD
:104BE0004FF0E023D3F8F03D13F0010F00D000BEEA
:104BF000002003B0BDE8F08FC279C2F340105B4BD8
:104C0000197860F304111970C2F38012C9B262F30B
:104C1000451119700BF10908BBF802309B447BE089
:104C200098F8033098F8002090447DE040F2F1328B
:104C30004C494D48FFF73EFA4FF0E023D3F8F03DE2
:104C400013F0010F00D000BE0020D2E7F31A484A4B
:104C500002EB4319D9F810302A464146504698478E
:104C6000082801D985421ED20134E4B2414B1B7899
:104C700026465A1CA2424ADBA342E7D93E4B1B6898
:104C800013EB4419E6D140F2FA3236493648FFF7C1
:104C900011FA4FF0E023D3F8F03D13F0010F00D0EC
:104CA00000BE0020A5E73B464F468146012B11D0B0
:104CB00000218B4224D998F802200A44D2B22B4812
:104CC00010440079FF280BD12848024414710131A7
:104CD000C9B2EEE73969294A9142E9D1019BE7E778
:104CE00040F219421F492048FFF7E4F94FF0E02352
:104CF000D3F8F03D13F0010F00D000BE002078E79C
:104D000023464A4641461E4801F066FDC844194BF9
:104D10001B7801339E4212DCD84520D298F801302E
:104D20000B2B3FF47DAF012398F80120042A7FF478
:104D30007DAFABEB0805ADB200241F4696E74FF4FC
:104D4000856208490848FFF7B5F94FF0E023D3F82A
:104D5000F03D13F0010F00D000BE002049E7012014
:104D600047E700BF98C00010E4B90010781E00208B
:104D7000F8C00010AF270020A81C0020F15E001032
:104D80008C1E00207047704700207047002070473D
:104D900038B505460C464B881A0AD8B2531E0E2B5E
:104DA00064D8DFE803F0082D4E6363592D63636315
:104DB000636363632200FFF719FC024628B11223E4
:104DC0002146284600F0D6FD51E040F23A422C49F7
:104DD0002C48FFF76FF94FF0E023D3F8F03D13F0C4
:104DE000010F00D000BE002041E0FFF7BFF90246EE
:104DF00000283DD043882146284600F0BBFD36E020
:104E0000022A09D0FFF7C2FF024698B35388214611
:104E1000284600F0AFFD2AE0FFF7ECFB0246002831
:104E2000F4D140F2614216491648FFF743F94FF0BA
:104E3000E023D3F8F03D13F0010F00D000BE0020B6
:104E400015E0A188FFF7DAFB0246A8B103782146F6
:104E5000284600F08FFD0AE0FFF796FF024668B192
:104E600003782146284600F085FD00E0002038BD8B
:104E70000020FCE70020FAE70020F8E70020F6E732
:104E800080C00010E4B90010704770477047704749
:104E9000034B5878C0B2003818BF0120704700BFDC
:104EA000781E0020024B1878C0F38000704700BFC6
:104EB000781E0020024B1878FF3818BF0120704779
:104EC000C0120020F8B506460D46FFF7F3FF07466F
:104ED000002854D105B354220021374804F090FB38
:104EE000364B00221A70364C2046FCF7CBFA354B75
:104EF0001C60354C2046FCF70FFB143C204602F0AA
:104F000025F8324B1C60324B23B13248FFF74AF987
:104F1000314B1860002417E04FF4E9722F493048F4
:104F2000FFF7C8F84FF0E023D3F8F03D13F0010F7E
:104F300025D000BE23E0D21A2A4B03EB42135B6854
:104F40007BB198470134E4B2224B1B782246591CAE
:104F5000A14216DBA342EED91F4B1B6813EB44138F
:104F6000EDD14FF4F8721D491D48FFF7A3F84FF03B
:104F7000E023D3F8F03D13F0010F00D000BE384617
:104F8000F8BD194B1E7029463046FFF7A7FC0746AF
:104F900018B13046FFF770FCF1E74FF4FC720F498F
:104FA0000F48FFF787F84FF0E023D3F8F03D13F0F8
:104FB000010FE4D000BEE2E7781E0020B4270020F5
:104FC000701E0020CC1E0020B8120020D01E002031
:104FD000A5410010AF270020A81C0020E8C0001049
:104FE000E4B90010F8C00010C012002070B51A4BD0
:104FF0001E788B7813F0700F0ED10C46174B9978F2
:10500000204601F079FB0546B0B121463046FFF756
:10501000C5FC0546284670BD40F20B5210491148A8
:10502000FFF748F84FF0E023D3F8F03D13F0010FFD
:1050300000D000BE0025EDE740F20C5208490948B7
:10504000FFF738F84FF0E023D3F8F03D13F0010FED
:10505000E0D000BEDEE700BFC0120020781E0020B6
:1050600050C00010E4B900102DE9F84F80460C46FE
:1050700016461F46DDF82890DDF82CA0002526E016
:1050800040F2E7421F492048FFF714F84FF0E023B1
:10509000D3F8F03D13F0010F00D000BE4FF0000B2D
:1050A0005846BDE8F88F4FF49D6216491648FFF741
:1050B00001F84FF0E023D3F8F03D13F0010FEFD0EB
:1050C00000BEEDE78AF8003023781C440135AE427B
:1050D00014DD6378052BD3D1E17801F00301B942E7
:1050E000CED121464046FFF781FF83460028DAD023
:1050F000A378DA09E6D189F80030E5E74FF0010B33
:10510000CEE700BF60C00010E4B9001008B501F0A0
:105110007F00400000EBD1103030044B1844044BAA
:105120001968043001F0A2FA08BD00BF781E002003
:10513000CC1E002008B501F07F00400000EBD1102C
:105140003030044B1844044B1968043001F0B6FAAF
:1051500008BD00BF781E0020CC1E002070B51F487F
:10516000007801F07F051E4C04EB450C0CEBD11CC4
:105170009CF8344014F0010F1FD1CE09184C04EBF9
:105180004504344494F834C04CF0010C84F834C025
:105190003034FFF719FCF8B9227922F001022271AC
:1051A000227922F0040222714FF0E023D3F8F03D7F
:1051B00013F0010F10D000BE0EE040F23952094941
:1051C0000948FEF777FF4FF0E023D3F8F03D13F0E6
:1051D000010F00D000BE002070BD00BFC012002033
:1051E000781E002040C00010E4B9001038B501F06E
:1051F0007F05CC090A4B1878FFF7FCFB094B03EB42
:105200004503234493F8342042F0020283F834200B
:1052100093F8342042F0010283F8342038BD00BFF7
:10522000C0120020781E002038B501F07F05CC099F
:105230000A4B1878FFF7FAFB094B03EB45032344AD
:1052400093F8342022F0020283F8342093F83420BB
:1052500022F0010283F8342038BD00BFC0120020C4
:10526000781E002001F07F02044B03EB420303EBA6
:10527000D11191F83400C0F340007047781E00202F
:105280002DE9F04182B006460C46002000F0D2FB2A
:10529000237803F06003602B21D0402B32D022789A
:1052A00002F01F02012A00F00181022A00F042816F
:1052B000002A40F0C981202B2ED0002B4DD16378DD
:1052C000092B00F2E880DFE813F0D300C300E6000A
:1052D000B300E6005200AD00E60061006E004FF43E
:1052E0003572B249B248FEF7E5FE4FF0E023D3F83D
:1052F000F03D13F0010F00D000BE0025284602B09B
:10530000BDE8F081AB4800F095FB22460121304614
:10531000FEF730FF0546F1E7A388DBB20F2B00F262
:105320009D81A54A13441B79A44A1278934206D260
:10533000A34A116811EB431109D10025DEE7511C86
:105340009942C0F28D819B1A9E4901EB431122467E
:105350003046FFF723FC0546D0E74FF0E023D3F8B3
:10536000F03D13F0010F00D000BE0025C6E7204637
:1053700000F066FB6188C9B23046FFF791FA8E4AA9
:10538000137843F0020313700125B7E78A4B5B786B
:105390008DF8063001230DF106022146304600F05B
:1053A000E9FA0125AAE76588EDB2834B5B78AB4249
:1053B00032D0814B5B785BB97F4B5D7055B329462A
:1053C0003046FFF7F9FB054690B1FFF75DFD23E09E
:1053D00000213046FFF7C4FA3046FFF7F0FA764F67
:1053E00097F802803046FFF78BFB87F80280E3E7EF
:1053F0004FF449726D496E48FEF75CFE4FF0E023B2
:10540000D3F8F03D13F0010F00D000BE6A4B00222C
:105410005A7073E7FFF739FD2146304600F096FADF
:1054200001256BE721463046FFF7B2FC054665E7EC
:105430006388012B01D0002560E75F4A137843F0B1
:10544000080313702146304600F080FA012555E725
:105450006388012B01D0002550E7574A137823F0C9
:10546000080313702146304600F070FA012545E725
:10547000514B1A78930803F00203C2F3401213430E
:10548000ADF8063002230DF106022146304600F049
:1054900071FA012532E74FF0E023D3F8F03D13F025
:1054A000010F00F0DF8000BE002527E7A388DBB2F4
:1054B0000F2B00F2D980404A13441B793F4A1278DF
:1054C000934222D23E4A116811EB431100F0CE8084
:1054D00022463046FFF762FB054600287FF40EAFF8
:1054E000237813F0600F7FF409AF63780A3B012B38
:1054F0003FF604AF00F09EFA63780A2B0ED02146E7
:10550000304600F023FA0125F8E6511C9942C0F21A
:10551000AF809B1A2B4901EB4311D9E700238DF88B
:10552000063001230DF106022146304600F022FA32
:105530000125E3E6A288D1B202F07F05C2F3C010D4
:1055400012F0700F17D11C4A02EB45020244127D83
:105550001A48007882421ED21948056805EB4215A8
:1055600093B3002D00F08680224629463046FFF78F
:1055700015FB0546C2E640F295320C490C48FEF791
:1055800099FD4FF0E023D3F8F03D13F0010F00D068
:1055900000BE0025B2E6451C954204DB121A094DF7
:1055A00005EB4215DCE70025DAE700BFACC00010D0
:1055B000E4B9001075410010781E0020AF270020CC
:1055C000A81C0020F8C000106378012B10D0032B1A
:1055D0000ED07BBB3046FFF745FEADF80600022338
:1055E0000DF106022146304600F0C4F9012585E69A
:1055F000628822B9012B19D03046FFF7F7FD002D44
:105600003AD0224629463046FFF7C8FA002000F07B
:1056100011FA1B4B93F8355015F001057FF46EAE6F
:105620002146304600F092F9012567E63046FFF743
:10563000FBFDE4E74FF0E023D3F8F03D13F0010F5A
:1056400000D000BE002559E64FF0E023D3F8F03D2E
:1056500013F0010F12D000BE00254FE600254DE6E5
:1056600000254BE6002549E6002547E6002545E6EE
:10567000002543E6002541E601253FE600253DE6FD
:10568000781E002010B584B0FFF714FC48B904B0B0
:1056900010BD9DF80400FFF77BFA9DF80820854BAC
:1056A0009A70854B1C686369EFF3108272B6D3E879
:1056B000CF0F01210028FAD1C3E8401F0028F6D1FE
:1056C000BFF35F8FA26101A9204601F0E7FB61698A
:1056D000A3690022C1E88F2F83F310880028D6D059
:1056E0009DF80530013B072B00F2DA8001A252F849
:1056F00023F000BF93560010155700108D5800106E
:10570000535800106D58001023570010B95700105F
:105710007F5800109DF80400FFF73AFAFFF7B5FB39
:10572000BFE7664B1B78002B36D0644A1378013BE9
:10573000DBB213701378002BB3D15E4B1A7842F0B2
:1057400001021A7093F8342022F0010283F8342009
:1057500093F8342022F0040283F8342093F83520A3
:1057600022F0010283F8352093F8352022F004025C
:1057700083F8352002A99DF80400FFF781FD002879
:105780008FD100219DF80400FFF734F980219DF8A6
:105790000400FFF72FF984E740F2652248494948A1
:1057A000FEF788FC4FF0E023D3F8F03D13F0010F33
:1057B0003FF46DAF00BE6AE79DF8081001F07F006E
:1057C000CC093C4B03EB400303EBD11393F834209B
:1057D00022F0010283F8342093F8342022F00402EE
:1057E00083F83420A8B1334B03EB400323441B7DE3
:1057F000354A1278934214D2344A126812EB43139A
:1058000017D09C69039B9DF809209DF80400A047D0
:1058100047E7039B9DF809209DF8040000F01EF95E
:105820003FE7501C984204DB9B1A294A02EB4313C2
:10583000E7E74FF4247222492248FEF73BFC4FF081
:10584000E023D3F8F03D13F0010F3FF420AF00BE8A
:105850001DE7184B1B7813F0010F3FF422AF154BD7
:105860001878C0F3C000FFF711FB1AE7114B1B7843
:1058700013F0010F3FF415AFFFF709FB11E7029B8F
:10588000002B3FF40EAF039898470AE7094BDB78EB
:1058900013F0010F3FF405AF0298FFF774FA00E729
:1058A0004FF0E023D3F8F03D13F0010F3FF4F9AED1
:1058B00000BEF6E6781E0020D01E0020B42700208F
:1058C000D8C00010E4B90010AF270020A81C0020A9
:1058D000F8C0001008B591F90030002B05DB8021DD
:1058E00000231A46FFF73AFC08BD0021F8E7000044
:1058F000F8B50746134B9E89DD89741BA4B2402C72
:1059000028BF402493F90030002B08DB0021AE4271
:1059100013D00D4A23463846FFF720FCF8BDAE42AF
:1059200009D0084B9968402C09D82246064803F054
:1059300081FF8021EBE78021E9E70022EAE70020F0
:10594000ECE700BF381E0020F81D002008B5864691
:105950000B46074A944608684968ACE803000021F2
:105960009160D181918119467046FFF7B3FF08BD60
:10597000381E002038B505468C46264CA6460868D9
:105980004968AEE80300A2600021E181BCF806107E
:105990008B4228BF0B46A381BCF8061029B303B184
:1059A00032B12846FFF7A4FF044680B1204638BD37
:1059B000722219491948FEF77DFB4FF0E023D3F816
:1059C000F03D13F0010F00D000BE0024EEE774227A
:1059D00011491248FEF76EFB4FF0E023D3F8F03D7B
:1059E00013F0010FE2D000BEE0E761462846FFF762
:1059F00071FF04460028D9D1762207490748FEF7EF
:105A000059FB4FF0E023D3F8F03D13F0010FCDD058
:105A100000BECBE7381E002050C10010E4B90010D2
:105A2000034B00221A605A609A60DA601A6170476C
:105A3000381E0020014B1861704700BF381E00203F
:105A40000146054B1A460068496803C200229A6065
:105A5000DA819A81704700BF381E002038B50546AC
:105A60001C463D4B1B78DB09B3EBD11F1CD07CB12E
:105A70009D223A493A48FEF71DFB4FF0E023D3F848
:105A8000F03D13F0010F00D000BE0024204638BDC9
:105A9000314C2146FEF772FF23691BB122460321D8
:105AA000284698470124F1E72B4B93F90030002B4F
:105AB00007DB294B986800284CD02246294903F07F
:105AC000B9FE254AD38913FA84F39BB2D381916836
:105AD00021449160D288934201D03F2C26D81E4B9E
:105AE0001B6923B11C4A022128469847A0B11A49D4
:105AF0002846FFF7EFFE04460028C7D1C522174904
:105B00001748FEF7D7FA4FF0E023D3F8F03D13F033
:105B1000010FBBD000BEB9E700212846FEF76AFF9F
:105B200080212846FEF766FF0124AFE72846FFF7ED
:105B3000DFFE04460028A9D1CD2208490848FEF717
:105B4000B9FA4FF0E023D3F8F03D13F0010F9DD0E8
:105B500000BE9BE7002499E7381E002038C10010E2
:105B6000E4B90010F81D002070B50546FFF790F964
:105B700010B90024204670BDFFF794F904460028B0
:105B8000F7D11C4BC82202FB0533DB78002BF0D089
:105B9000C82605FB06F61036164B1E44304601F0AB
:105BA00067F93F28E6D9134BC82202FB0533D978A1
:105BB0000020FFF7ABFA08B90446DBE7304601F0F6
:105BC00057F93F280DD90B49C82303FB0511402382
:105BD000094A02EBC512C9780020FFF7BFFA044654
:105BE000C8E7044BC82202FB0533D9780020FFF731
:105BF000A1FABFE7301D0020AC1C002010B5044600
:105C0000FFF746F908B9002010BDFFF74BF948B976
:105C1000064BC82202FB04331B7913F0010F03D09B
:105C20000120F1E70020EFE70020EDE7301D002024
:105C300008B5C82303FB00F01030024B184401F0F4
:105C4000E6F808BD301D002038B50446C82300FB27
:105C500003F31033084818444FF6FE739A4208D8ED
:105C600092B201F03AF905462046FFF77DFF28463B
:105C700038BD4FF6FF72F4E7301D002070B50546C1
:105C8000FFF706F908B9002070BDFFF70BF90028EF
:105C9000F9D1C82405FB04F42034224B1C440434FD
:105CA000204601F0B4F808B90020EDE71D4BC822EA
:105CB00002FB053399780020FFF728FA08B9002085
:105CC000E2E7EE014036184B1E44402231462046A2
:105CD00001F003F90446D8B11249C82303FB0511AA
:105CE0000346324689780020FFF738FA08B120468B
:105CF000CAE7D5220D490E48FEF7DCF94FF0E02344
:105D0000D3F8F03D13F0010F00D000BE0020BBE738
:105D1000044BC82202FB053399780020FFF70AFAEA
:105D20000020B1E7301D0020AC1C002080C1001015
:105D3000E4B9001070B50546C82400FB04F4203413
:105D40000C4B1C4404344FF6FE739A420BD892B2AB
:105D5000204601F0F6F80646204601F058F83F28A4
:105D600004D8304670BD4FF6FF72F1E72846FFF7C2
:105D700085FFF6E7301D002008B5C82303FB00F0BF
:105D80002030034B1844043001F072F808BD00BF06
:105D9000301D00202DE9F04383B0C82200212448A3
:105DA00003F02EFC0025234B1D7015B103B0BDE898
:105DB000F0831F4FC82405FB04F43E19FF237371C1
:105DC0004FF4E133B3604FF0000886F80C8086F89A
:105DD0000D800823B37304F1380104F11000CDF8ED
:105DE0000080012340223944384400F0DFFF04F1F1
:105DF000780104F120003844012300934022394403
:105E0000043000F0D3FF04F1B809B9444846FBF769
:105E100039FBC0343C442046FBF734FBC6F81C80F9
:105E2000C6F820903463C6F834800135EDB2BCE783
:105E3000301D00202C1D002000230BB101207047D5
:105E40009C460C4AC82101FB0322116A106B31B138
:105E5000084AC82101FB03220021D161116230B13F
:105E6000044AC82101FB0C22002111635163013354
:105E7000DBB2E2E7301D002038B5002404B138BDA4
:105E80002546C82304FB03F3174958180022CA50BB
:105E90000271164B1B7813F0010F11D0134B1B78B6
:105EA00013F0020F15D0C82303FB05F020300E4B72
:105EB00018440121043001F064F80134E4B2DDE754
:105EC000C82304FB03F310330846184401F03EF8DE
:105ED000E4E7C82005FB00F02030034B18440430F1
:105EE00001F034F8DFE700BF301D00202C1D00203A
:105EF0002DE9F04182B04B79022B7DD106468B799A
:105F0000022B7ED100273FB18FB98B7888F8003003
:105F10000B78CC1809251EE0C8203B4B00FB073846
:105F200098F80230002BEFD00137FFB2EBE740F2D8
:105F3000411236493648FEF7BDF84FF0E023D3F85A
:105F4000F03D13F0010F00D000BE002555E023788E
:105F50001D44ADB21C446378242B01D19542F6D97F
:105F6000052B09D06378042B02D163790A2B20D04A
:105F70003846FFF7F9FD40E021463046FFF736F896
:105F800038B1A37888F8013023781D44ADB21C44A1
:105F9000E8E740F253121D491D48FEF78BF84FF019
:105FA000E023D3F8F03D13F0010F00D000BE002530
:105FB00023E021780D44ADB208F10203019308F10A
:105FC0000303009302231A4621443046FFF74CF89E
:105FD00010B10E35ADB2CBE74FF4B1720B490C489E
:105FE000FEF768F84FF0E023D3F8F03D13F0010F0F
:105FF00000D000BE002500E00025284602B0BDE824
:10600000F0810025F9E700BF301D002074C10010A9
:10601000E4B90010137803F06003202B76D170B53B
:106020009446002454B1002C72D19CF80130203BDE
:10603000032B6FD8DFE803F010283456C82304FB85
:1060400003F3384A03EB020ED25CBCF804309A42E8
:10605000E9D00134E4B2E5E7012903D0032909D0EE
:10606000012056E007230EF108026146FFF782FC8B
:1060700001204EE02C4B002B4ED00EF108012046A3
:10608000FEF796F8012044E0012901D0012040E00C
:1060900007230EF108026146FFF76CFC012038E08F
:1060A000012903D0032906D0012032E06146FFF721
:1060B0004DFC01202DE0BCF8023003F00105C3F3D4
:1060C00040068EF8043085F001010EF1240000F046
:1060D00058FF164B13B3324629462046AFF30080D3
:1060E000012016E0012903D0032906D0012010E089
:1060F0006146FFF72BFC01200BE00D4B83B1BCF890
:1061000002102046AFF30080012002E0002070471B
:10611000002070BD0020FCE70120FAE70120F8E72D
:106120000120F6E7301D0020B14100100000000002
:10613000000000002DE9F84F80460D461F46002460
:106140005CB1BCB9A246F378AB4223D0B378AB4282
:1061500055D001242046BDE8F88FC8233C4E03FBF0
:106160000466F378AB42ECD0B378AB42E9D00134AB
:10617000E4B2E5E74FF4E67236493748FDF79AFF97
:106180004FF0E023D3F8F03D13F0010F00D000BE34
:106190000024DFE706F1100BBAB2304901EBC4115D
:1061A000584600F0CEFE2E4BDBB17379FF2B18D092
:1061B0004FF0000901E009F10109B94511D27279E6
:1061C000264B03EBCA1313F809309A42F3D1584611
:1061D00000F031FE0028EED171792046AFF3008047
:1061E000E9E7204B1BB1584600F025FE18B12046C8
:1061F000FFF7BAFCAAE72046AFF30080F7E71A4B97
:1062000013B12046AFF300802046FFF737FD08B1F9
:1062100001249FE706F1240000F0F9FDA0B9AFB119
:1062200017F03F0F01D0012494E7B1784046FEF704
:106230006DFF044608B901248CE700231A46B178A3
:106240004046FEF78BFF85E7012483E7012481E7C1
:10625000301D002064C10010E4B90010AC1C002007
:1062600000000000000000000000000090B90A4B90
:106270004FF4137101FB003393F8293133B9064B06
:1062800001FB00335B791BB101207047012070478F
:1062900000207047002070472020002008B1002017
:1062A000704708B54FF41372034902FB0011043123
:1062B00000F02CFB08BD00BF202000202DE9F04796
:1062C00084B04FF4137200211E4803F099F90024A2
:1062D00014B104B0BDE8F0874FF4137504FB05F565
:1062E00005F5A473174F3B440433E601DFF858A0CB
:1062F0000AEBC41205F594704FF04009CDF80C90EC
:1063000002924FF48078CDF80480009300231A465F
:106310001946384400F085FA05F120033B44083360
:106320004E445644E819CDF80C900296CDF80480FE
:106330000093002301221946043000F072FA013460
:10634000E4B2C5E720200020A01F002070B5002483
:106350000CB1012070BD4FF4137504FB05F505F574
:106360009470054E304400F086FAA819043000F00D
:1063700082FA0134E4B2EBE7202000202DE9F0415D
:1063800000250DB1BDE8F0814FF4137405FB04F452
:106390000B4E04EB06080027375504F5987030447F
:1063A00000F0D4FD04F108003044043000F0CEFDCC
:1063B00088F8297188F805700135EDB2E1E700BF72
:1063C000202000204B79FF2B40F094802DE9F047EE
:1063D00080460F460C780C44A518002616B1002004
:1063E000BDE8F0873046FFF741FF10B10136F6B245
:1063F000F4E74FF4137306FB03F33F4A03EB020980
:10640000B978D1542AE0AC4271D221464046FEF719
:10641000EDFD70B30136F6B2A378DB0938D109F58A
:10642000947A09F5987000F091FDA37889F82931E4
:10643000A388C3F30A03B3F5007F14BF002301232D
:1064400099F8282163F3410289F8282151464046F2
:1064500000F0A8FA00283BD023781C443B79B342D3
:1064600045D96378052BCED0AC42CCD223781C44DE
:10647000F7E7E02221492248FDF71CFE4FF0E02318
:10648000D3F8F03D13F0010F00D000BE0020A7E7C5
:1064900009F10C0000F05AFDA37889F80530A388B3
:1064A000C3F30A03B3F5007F14BF0023012399F857
:1064B000042063F3410289F804200F48A9EB00008F
:1064C0008010104B03FB00F0C0B2FFF7E7FEC3E7FC
:1064D000E8220A490A48FDF7EDFD4FF0E023D3F822
:1064E000F03D13F0010F00D000BE002078E7E11B63
:1064F00088B275E7002070472020002098C1001066
:10650000E4B900109B1DB5082DE9F04105461F4672
:1065100000245CB1002C48D1A04696F829318B426A
:1065200013D073798B422BD001203FE04FF41373CB
:106530001F4E03FB046696F829318B42EAD073792B
:106540008B42E7D00134E4B2E3E7B6F834317BB9EB
:10655000184B33B1BAB2184901EBC8112046AFF35A
:10656000008006F59471284600F01CFA01201DE019
:10657000BAB2D6F82C1106F5987000F0E2FCE7E705
:106580000E4B1BB1B9B22046AFF300800436314642
:10659000284600F0BBF908B1012007E03A46314631
:1065A000284600F06BF9012000E00020BDE8F081F2
:1065B0002020002000000000A01F0020000000009C
:1065C00010B582B051B10A46012824D80B7813B314
:1065D00023490B54012B2FD001242AE001238DF8ED
:1065E000043000208DF8050001A9FEF76BFC04467D
:1065F00018B11B4B01221A701BE0472219491A4897
:10660000FDF758FD4FF0E023D3F8F03D13F0010FF4
:106610000FD000BE0DE05A2212491348FDF74AFD83
:106620004FF0E023D3F8F03D13F0010F00D000BE8F
:106630000024204602B010BD1146FEF743FC04467C
:106640000028F6D15F2207490748FDF733FD4FF0D8
:10665000E023D3F8F03D13F0010FEAD000BEE8E7E5
:106660006C1E002018C20010E4B9001070B504467A
:10667000037813F001001FD10D462378C3F3800681
:1066800013F0040F19D14FF0FF31284604F090FCAD
:10669000237813F0010308D1227812F0040F09D1F6
:1066A000237843F0040323700126284604F094FC69
:1066B000304602E01E46F8E7002070BD70B5054682
:1066C0000C464FF0FF31204604F072FC2B78C3F3E8
:1066D000800613F0040F04D1204604F07DFC304600
:1066E00070BD2B7813F0010F04D12B7823F0040335
:1066F0002B70F1E70026EFE708B58388C3F30A02A1
:10670000C37803F00303022B1DD0032B44D0012BCD
:106710005BD1022905D040F2FF33934204D301201C
:1067200054E04FF48063F8E7D12229492948FDF766
:10673000C1FC4FF0E023D3F8F03D13F0010F00D07F
:1067400000BE002042E0022903D0402A15D80120D3
:106750003CE0B2F5007F01D1012037E0D8221C498E
:106760001C48FDF7A7FC4FF0E023D3F8F03D13F0F1
:10677000010F00D000BE002028E0DB22144915489C
:10678000FDF798FC4FF0E023D3F8F03D13F0010F34
:1067900000D000BE002019E0022904D0402393421B
:1067A00004D3012012E04FF48063F8E7E1220849A6
:1067B0000848FDF77FFC4FF0E023D3F8F03D13F0DD
:1067C000010F00D000BE002000E0002008BD00BF87
:1067D00004C20010E4B900100A4404E05DF804FBB0
:1067E00091F800C0614491421AD291F801C0BCF105
:1067F000050FF5D100B591F802C00CF07F0E00EB4B
:106800004E0E4FEADC1C0EF80C3091F800C06144CB
:106810009142E3D291F801C0BCF1050FF5D1EAE74E
:106820007047F0B583B004461746089DBDF8246054
:1068300090F800C061F3000C00F808CB009301232E
:106840003246294600F0B2FA05B13EB90A9B6360B0
:10685000BDF82C306380012003B0F0BD04F11C05AD
:106860002846FAF70FFE27B12B4600256361A56184
:10687000ECE70023FAE7012070470000F8B5064670
:106880000C4615460B7813F0020F10D04FF400772A
:1068900004F1080000F0BBFA68BB75B3013F2F425A
:1068A0002DD1237813F0010F03D0002024E04027DE
:1068B000EEE761783046FEF729FC0028F5D0237812
:1068C00013F0010F0FD04FF4B5720E490E48FDF7CB
:1068D000F1FB4FF0E023D3F8F03D13F0010F00D0AF
:1068E00000BE002008E000231A4661783046FEF71B
:1068F00035FC08B9E7E70020F8BD0020FCE70020E0
:10690000FAE700BFE0C10010E4B9001070B5064618
:106910000C4601F10805284600F079FA00283BD022
:10692000237813F0010F01D0002070BD617830464C
:10693000FEF7ECFB0028F7D062886168284600F07B
:10694000CCFA0546E8B1237813F0010F0FD04FF4CD
:10695000BC7212491248FDF7ADFB4FF0E023D3F8AB
:10696000F03D13F0010F00D000BE0020DDE703462C
:10697000626861783046FEF7F1FB0028E7D02846D0
:10698000D3E7237813F0010F01D00020CDE7617821
:106990003046FEF7CFFBF8E70020C6E7C4C1001081
:1069A000E4B90010F8B506460C468B895BBB0B7842
:1069B00013F0010F01D00020F8BD4978FEF7A6FBC7
:1069C0000028F8D06388227812F0010F0FD04FF41E
:1069D000D97238493848FDF76DFB4FF0E023D3F802
:1069E000F03D13F0010F00D000BE0020E4E7617815
:1069F0003BB162683046FEF7B1FB0028E7D0608803
:106A0000DAE70022F6E70B7813F0020F0ED04FF40E
:106A1000007504F10807384600F02AFA854247D885
:106A2000237813F0010F03D00020C5E74025F0E7DD
:106A300061783046FEF76AFB0028F5D0384600F052
:106A400017FA854229D86D42ADB2628805EA000383
:106A5000934228BF13461D46237813F0010F0FD031
:106A600040F2C71213491448FDF724FB4FF0E0230E
:106A7000D3F8F03D13F0010F00D000BE00209BE7DB
:106A8000617845B162682B463046FEF767FB002807
:106A9000E6D0284690E70022F5E7237813F0010FAF
:106AA00001D0002088E761783046FEF743FBF8E725
:106AB000002081E7A8C10010E4B9001003460A4491
:106AC00090B2814202D8B0EB430F03DB5B009BB274
:106AD000C01A80B2704710B586460846BEF804C09A
:106AE0009A420CD3D41AA4B224B3A44514D2944528
:106AF0000CD8A2EB0C0293B2AEF80A300CE0D41A18
:106B00004FEA4C0111FA84F4A4B2EDE7624493B267
:106B1000F2E7A3EB0C039BB29C45FAD9DEF8001018
:106B2000BEF80620C2F30E0202FB031102F082FE41
:106B3000012010BD0020FCE72DE9F84304460D4676
:106B40009DF82080B0F804C0ACEB030080B2A3EB4A
:106B50000C0C94441FFA8CFCE188C1F30E0EF14634
:106B60001EFB00F71EFB0CFE216809FB0311B8F1A8
:106B7000000F09D1BFB21FFA8EF6904206D309FB6F
:106B800002F2284602F056FEBDE8F8833A4628464F
:106B900002F050FE32462168E81902F04BFEF3E79E
:106BA00030B583B09E46BDF81830B0F804C09E459D
:106BB00011D3AEEB0304A4B224B3A44507D2F44529
:106BC00011D8AEEB0C0E1FFA8EF34381644694424B
:106BD00010D314460EE0AEEB03044FEA4C0515FA51
:106BE00084F4A4B2E8E7E6441FFA8EF3EDE7A3EBE2
:106BF0000C039BB29C45FAD99DF81C2000922246BA
:106C0000FFF79AFF204603B030BDF0B583B00446CD
:106C10000D4616461F46006918B14FF0FF3104F0CB
:106C2000C7F92389628992B2019700929BB23246DA
:106C300029462046FFF7B4FF05466189024689B21E
:106C4000A088FFF73BFF6081206908B104F0C4F918
:106C5000284603B0F0BD2DE9F04104460D469DF8ED
:106C600018E0B0F804C0ACEB030189B2A3EB0C0C44
:106C700094441FFA8CFCC688C6F30E00804610FBB5
:106C800001F710FB0CF086B2206808FB0300BEF190
:106C9000000F07D1BFB2914206D308FB02F229468A
:106CA00002F0C8FDBDE8F0813A46294602F0C2FD77
:106CB0003246E919206802F0BDFDF3E72DE9F04303
:106CC00083B09146002A6FD0044688461F46C068AC
:106CD00018B14FF0FF3104F06BF92689B6B2B4F861
:106CE0000AC01FFA8CF1E379DB091BD1A5888E421B
:106CF00010D3A6EB010C1FFA8CFC654552D9A5EB0D
:106D00000C05ADB24D4528BF4D46002D42D0A2889E
:106D1000334631E0A6EB010C6B0013FA8CFC1FFA32
:106D20008CFCEAE7A5884D4509D8FFB9A9EB050910
:106D3000E388C3F30E0303FB09880E46E5E78E42A2
:106D40000ED3731A9BB24B44B3EB450F10DBA5EB8C
:106D5000090292B22846FFF7B1FE06464D46D4E737
:106D6000731A6A0012FA83F39BB2ECE70E46CCE783
:106D70004D46CAE79B1A9BB29A42FBD900972A4616
:106D800041462046FFF767FF2A463146A088FFF7B5
:106D900095FE2081E06808B104F01EF9284603B092
:106DA000BDE8F0830025F5E71546F7E7B2F5004F9B
:106DB00029D8F8B504460F4615461E46C06818B1D6
:106DC0004FF0FF3104F0F4F8206918B14FF0FF31B3
:106DD00004F0EEF82760A580E38866F30E03E380F5
:106DE000E3799DF8182062F3C713E37100236381F0
:106DF0002381E06808B104F0EFF8206928B104F0BD
:106E0000EBF80120F8BD002070470120FAE70246A8
:106E1000808813899BB2528992B2934205D39B1A00
:106E20009BB2984228BF184670479B1A420012FA3C
:106E300083F39BB2F5E7028992B243899BB29A42EF
:106E400014BF002001207047818803899BB24289CA
:106E500092B2934206D39B1A98B281428CBF002013
:106E6000012070479B1A4A0012FA83F398B2F4E7A4
:106E7000828803899BB2418989B28B4206D35B1A0F
:106E80009BB29A4208D9D01A80B270475B1A51005F
:106E900011FA83F39BB2F4E70020704738B504463B
:106EA0000D46006918B14FF0FF3104F081F82289D6
:106EB00063899BB292B229462046FFF70CFE054635
:106EC0006189024689B2A088FFF7F8FD60812069D8
:106ED00008B104F081F8284638BD08B50023FFF753
:106EE00094FE08BDF8B504460E46C06818B14FF0D0
:106EF000FF3104F05DF82589ADB22046FFF7A4FF0D
:106F000010B1E779FF0916D0A2882B4601E09B1A41
:106F10009BB29A42FBD92068E288C2F30E02314646
:106F200002FB030002F086FC01222946A088FFF73D
:106F3000C5FD20810127E06808B104F04DF838460E
:106F4000F8BD08B50023FFF7B9FE08BD10B504462B
:106F5000C06818B14FF0FF3104F02AF8206918B169
:106F60004FF0FF3104F024F8002363812381E068AF
:106F700008B104F031F8206908B104F02DF80120BF
:106F800010BD38B504460D46C06818B14FF0FF314A
:106F900004F00EF8206918B14FF0FF3104F008F842
:106FA000E37965F3C713E371E06808B104F014F8FE
:106FB000206908B104F010F8012038BD074B984251
:106FC0000AD0132301229A40054B1A60054B9B6897
:106FD00032EA0303FAD170471223F3E700000840B6
:106FE000003002400000024070B505460C46062005
:106FF000FBF73EF8AE465EF8046F06F002060EF5AB
:10700000405202231360FE2B09D81A02A2FB04216E
:1070100090424FF000028A4104D30233F3E74FF469
:10702000807101E04FF48071012909D901F1FF3C21
:1070300003FB0CF2B0FBF2F2A24201D86146F3E787
:107040002B614C1E2A6882EA042202F47F4205F575
:1070500080552A600EF5005ECEF8006001FB03F358
:10706000B0FBF3F070BD000038B504460D46164B7A
:10707000984226D0132201239340144A13602046DD
:10708000FFF79CFF29462046FFF7AEFF234653F843
:10709000041F01F0020103F5405202251560226829
:1070A00082F0070202F0CF0204F5805CCCF80020E9
:1070B00003F50053196004F50054032262621D6059
:1070C00038BD1222D7E700BF000008400020024070
:1070D0000022026042608260C2604FF4803202602F
:1070E0004FF4F83242604FF4802282604FF4402225
:1070F00082607047D0F8683123B111F0010F06D0DB
:107100000020704711F0040F03D0002070470120C9
:1071100070470120704708B5C979FFF7EBFF08BD3C
:1071200070B504460D461646FFF7F5FFD0B195F948
:107130000530002B01DBB34217D104F12F4000F5DD
:107140006000000D0A4B53F820102A790123934068
:10715000013B03FA06F20A4201D1002070BD6FF034
:107160000800FBE76FF00A00F8E76FF00A00F5E7A8
:10717000941F0020F8B506460D461746FFF7D0FFCE
:1071800028BB034608E00CEB070403EB070C0CF1EB
:10719000120C46F82C4001332A799A4207D92A6802
:1071A00032F813C0BCF5005FEDD36446EDE7012370
:1071B0009340013B06F12F4606F56006360D044963
:1071C00051F82620BB401A4341F826203846F8BD26
:1071D000941F002010B50A79202A19D800F12F40F9
:1071E00000F56000000D154B53F82040012393403B
:1071F000013B91F90510002910DB0846C2F120027D
:10720000914218DC8B40234201D04FF0FF3010BD7B
:107210000B4B0C4A43210C48FCF7E8FDC2F120005F
:10722000002805DB03FA00F22242F0D00138F7E72C
:107230006FF00800EBE74FF0FF30E8E7941F002005
:10724000FCB900102CC2001028BA001010B582B092
:1072500000F12F4000F56000000D8400074B009303
:10726000E31C22460648F9F722FE844202DC001B9A
:1072700002B010BD4FF0FF30FAE700BF70BA001047
:107280007C220020F8B505460E46F9F7DBFD0746DF
:1072900031462846FFF79EFF041E04DA3846F9F708
:1072A000E3FD2046F8BD224631462846FFF762FF3F
:1072B0000446F3E7F0B59DF81470D0F86841121B4E
:1072C0001F2A43D801EB410400EBC404D4F8DC606E
:1072D000D4F8CC5001EB4104E400C834044404F574
:1072E00040544FF4003CC4F804C017B14FF01F0ED7
:1072F00015E04FF0000E12E0540144F0A05401EBF1
:10730000410C00EBCC0CCCF8DC404EF4604444F073
:107310008004CCF8D840053B053202F01F02052B53
:10732000EAD8520142EA836301EB410200EBC20258
:10733000C2F8DC304EF4604343F08003C2F8D8302A
:10734000C2F8DC60C2F8CC500020F0BD6FF0040041
:10735000FBE770B584B005460C461646026801216D
:10736000A14022EA01020260ABB31A46196804EB9D
:10737000440300EBC303C3F8C8109168C3F8D010EE
:107380005168C3F8CC10D268C3F8DC2004EB440386
:10739000DB00D0332B4403F580534FF000421A60DA
:1073A0001A604FF00133A340AB60221D012303FAA2
:1073B00002F205F500510A6004F1080293400B60E7
:1073C00006F01F0604EB440405EBC405C5F8D860BD
:1073D000002004B070BD6846FFF77AFE04EB44035A
:1073E00005EBC303009AC3F8C820029AC3F8D02063
:1073F000019AC3F8CC20039AC3F8DC20C6E703BD8A
:1074000010B50446FAF7B6FFA04710BD4FF0504341
:107410001B6D13F0020FF9D04FF05043586540BF79
:10742000704700E020BF4FF050431B6D13F0010F79
:10743000F8D04FF05043986D70472DE9F04186B079
:1074400004460F4690461920F9F7F0FD0646002144
:107450001920F9F70BFE00250095019501230293F1
:10746000CDF80C80049705940DE04FF050439B6DD0
:107470004FF050431B6D13F0010FF6D140BF09E0F0
:107480000135052D0FD806AB03EB850353F8184CD7
:10749000002CEDD02046FFF7B9FFFFF7C2FF844272
:1074A000EED00025EDE731461920F9F7DFFD06B0F3
:1074B000BDE8F08108B512F0030F11D122F00302EC
:1074C0008B180A4A926843F80C0C43F8081C0849C8
:1074D00043F8041CA3F10C010648FFF7AEFF08BDFA
:1074E000054B064A8E210648FCF780FC00ED00E0C3
:1074F00001740010FF7300100CBB001044C2001098
:10750000BCBA001008B5064A064B9A4205D311468C
:107510004FF40062FFF7CEFF08BD4FF0FF31F7E7F1
:10752000000808200000082010B582B08DF8070080
:1075300000BF00BF00BF4FF00003152243EC402006
:1075400000BF00BF00BF00BF00BF00BF162443EC58
:10755000404000BF00BF00BF01220DF107010748F6
:1075600003F052FD00BF00BF00BF4FF0010343EC2A
:10757000404000BF00BF00BF02B010BD0000084087
:1075800030B583B08DF8070000BF00BF00BF0122F7
:107590001546152342EC403000BF00BF00BF00BFBE
:1075A00000BF00BF16244FF0000343EC404000BF73
:1075B00000BF00BF0DF10701064803F025FD00BF25
:1075C00000BF00BF45EC404000BF00BF00BF03B09C
:1075D00030BD00BF0000084008B50120FFF7A4FF40
:1075E0009620FAF70DFB1120FFF79EFFFA20FAF71D
:1075F00007FBFA20FAF704FBB120FFF795FF012003
:10760000FFF7BEFF2C20FFF7BBFF2D20FFF7B8FFD1
:10761000B220FFF789FF0120FFF7B2FF2C20FFF710
:10762000AFFF2D20FFF7ACFFB320FFF77DFF012058
:10763000FFF7A6FF2C20FFF7A3FF2D20FFF7A0FFE9
:107640000120FFF79DFF2C20FFF79AFF2D20FFF769
:1076500097FFB420FFF768FF0720FFF791FFC020D6
:10766000FFF762FFA220FFF78BFF0220FFF788FFE2
:107670008420FFF785FFC120FFF756FFC520FFF7E5
:107680007FFFC220FFF750FF0A20FFF779FF00209D
:10769000FFF776FFC320FFF747FF8A20FFF770FF51
:1076A0002A20FFF76DFFC420FFF73EFF8A20FFF777
:1076B00067FFEE20FFF764FFC520FFF735FF0E20C0
:1076C000FFF75EFF2020FFF72FFF3620FFF72CFF8C
:1076D000C820FFF755FF3A20FFF726FF0520FFF7E8
:1076E0004FFF08BD08B52A20FFF71EFF0020FFF757
:1076F00047FF0220FFF744FF0020FFF741FF8120F2
:10770000FFF73EFF2B20FFF70FFF0020FFF738FFAA
:107710000120FFF735FF0020FFF732FFA020FFF721
:107720002FFF08BD08B5E020FFF7FEFE0220FFF79F
:1077300027FF1C20FFF724FF0720FFF721FF12205F
:10774000FFF71EFF3720FFF71BFF3220FFF718FF60
:107750002920FFF715FF2D20FFF712FF2920FFF743
:107760000FFF2520FFF70CFF2B20FFF709FF392023
:10777000FFF706FF0020FFF703FF0120FFF700FFE0
:107780000320FFF7FDFE1020FFF7FAFEE120FFF7D0
:10779000CBFE0320FFF7F4FE1D20FFF7F1FE0720CC
:1077A000FFF7EEFE0620FFF7EBFE2E20FFF7E8FEC8
:1077B0002C20FFF7E5FE2920FFF7E2FE2D20FFF742
:1077C000DFFE2E20FFF7DCFE2E20FFF7D9FE37204C
:1077D000FFF7D6FE3F20FFF7D3FE0020FFF7D0FED5
:1077E0000020FFF7CDFE0220FFF7CAFE1020FFF7B2
:1077F000C7FE1320FFF798FE0A20FAF701FA2920A6
:10780000FFF792FE6420FAF7FBF908BD2DE9F0417D
:1078100007460D4616461C462A20FFF785FE002027
:10782000FFF7AEFEDFF8548098F80030F818C0B2C9
:10783000FFF7A6FE0020FFF7A3FE98F80030F0182F
:10784000C0B2FFF79DFE2B20FFF76EFE0020FFF772
:1078500097FE094E3378E818C0B2FFF791FE00207A
:10786000FFF78EFE3378E018C0B2FFF789FE2C20B8
:10787000FFF75AFEBDE8F081B6270020B5270020AB
:10788000F0B583B01E46BDF820402E4B1B788342D6
:1078900055D917462C4A12788A4250D9C5199D42AB
:1078A00001DD1B1ADFB28B19934201DD521AD6B2E9
:1078B0003A18D2B27318DBB2013B013ADBB2D2B252
:1078C000FFF7A4FF230A8DF807308DF8064000BFAC
:1078D00000BF00BF15234FF0010242EC403000BF53
:1078E00000BF00BF00BF00BF00BF16234FF0000263
:1078F00042EC403000BF00BF00BF12E0134D012238
:107900000DF10701284603F07FFB01220DF106016E
:10791000284603F079FB013CE4B2002CEED1013E95
:10792000F6B20EB13C46F8E700BF00BF00BF162319
:107930004FF0010242EC403000BF00BF00BF03B077
:10794000F0BD00BFC2120020C1120020000008409C
:1079500000B583B00090054B1B78054A12780021D2
:107960000846FFF78DFF03B05DF804FBC11200204D
:10797000C212002030B583B01446274A12788242E2
:1079800048D9264A12788A4244D90D19954201DD18
:10799000521AD4B21A0A8DF807208DF806306318EF
:1079A000DBB2013BDBB20246FFF730FF00BF00BF96
:1079B00000BF15234FF0010242EC403000BF00BF72
:1079C00000BF00BF00BF00BF16234FF0000242EC13
:1079D000403000BF00BF00BF0DE0114C01220DF18F
:1079E0000701204603F010FB01220DF1060120469D
:1079F00003F00AFB2C46631EDDB2002CEDD100BF64
:107A000000BF00BF16234FF0010242EC403000BF20
:107A100000BF00BF03B030BDC2120020C112002061
:107A2000000008402DE9F8430546884616461F46E3
:107A3000BDF8209004B207E04B463A464146E0B21A
:107A4000FFF798FF013424B205EB060C6445F3DB25
:107A5000BDE8F8830C4B1B78834213D910B514464C
:107A60000A4B1B788B4200D810BD4B1C421CDBB26A
:107A7000D2B2FFF7CBFE200AFFF782FDE0B2FFF79C
:107A80007FFDF1E7704700BFC2120020C112002045
:107A90002DE9F04F85B081461046BDF838B09DF80D
:107AA0003C60334A12784A455ED98A469846314A44
:107AB00012788A4258D906B90126A0F12002D2B222
:107AC0005E2A00D93F20002703904346B8461F4650
:107AD0003DE00AEB040109EB08003A46C9B2C0B226
:107AE000FFF7B8FF0FE0BB450DD0012E21D004FBFE
:107AF00006A108FB0690CDF800B033463246C9B265
:107B0000C0B2FFF78FFF013464B26D08062C1ADC97
:107B100015F0010FE7D0012EDBD004FB06A108FB16
:107B20000690009733463246C9B2C0B2FFF77AFFDB
:107B3000E9E70AEB040109EB08005A46C9B2C0B2F2
:107B4000FFF788FFDFE708F101034FFA83F8B8F188
:107B5000040F09DC039BA3F1200202EB82024244E2
:107B600005498D5C0024D1E705B0BDE8F08F00BF6A
:107B7000C2120020C112002068C200102DE9F04F8F
:107B800083B005460F4690469A46BDF830B09DF842
:107B90003460104601F0C4FE1FFA80F900241BE097
:107BA00018F80430202B30D0002518F80420019656
:107BB000CDF800B0534639462846FFF769FF06EB7B
:107BC00046035B00DBB22B44DBB2124A15789D42C0
:107BD00000D31D460134A4B24C4518D20E4B1B787D
:107BE000002BE2D006EB86032B440A4A127893421C
:107BF000DBDDC6EBC6033B44DBB20333DBB2074A33
:107C000017789F42CCD31F46CAE70025E2E703B0AE
:107C1000BDE8F08FC2120020C3120020C112002064
:107C200038B500BF00BF00BF14244FF0010545EC7C
:107C3000404000BF00BF00BF0A20F9F7E1FF00BFCE
:107C400000BF00BF4FF0000343EC404000BF00BF47
:107C500000BF0A20F9F7D4FF00BF00BF00BF45EC0A
:107C6000404000BF00BF00BF0A20F9F7C9FF38BD80
:107C700010B5FFF7D5FF00BF00BF00BF00241523DC
:107C800044EC403000BF00BF00BFFFF7A5FCFFF78A
:107C900029FDFFF747FD044B02221A70034B012216
:107CA0001A70034B1C7010BDB0270020B1270020B4
:107CB000B327002038B51620F9F7A0F816234FF0A7
:107CC000010444EC443044EC40301520F9F796F8B8
:107CD000152344EC44304FF0000545EC40301420AF
:107CE000F9F78CF8142344EC443045EC403038BDAF
:107CF00038B5A1FB021434BB00F032F8054630B3AE
:107D000050F8042C22F00302043A242A0CD8132A37
:107D10000FD91B2AC0E9004412D9242AC0E9024421
:107D200018D000F1100205E0214601F069FC284658
:107D300038BD024600232846C2E90033936038BDAF
:107D400000F10802F6E701F05DFD0C230360002559
:107D5000284638BD00F11802C0E90444EAE700BF34
:107D600001F10B03162B2DE9F04F074683B023D802
:107D7000102900F2AF8000F0AFFA1025182302207E
:107D8000BA4E33445C68A3F10802944200F0568175
:107D90006368384623F00303D4E902122344CA601F
:107DA00091605A68083442F001025A6000F09AFA71
:107DB000204603B0BDE8F08F002B23F00705C0F28A
:107DC0008980A94200F2868000F086FAB5F5FC7F32
:107DD000C0F07B826B0A00F08480042B00F2628189
:107DE000AB0903F1390003F1380EC3009F4E334451
:107DF000A3F1080C5C68A44507D10DE0002AE168F6
:107E000080F216818C450C4606D0636823F003038C
:107E10005A1B0F2AF2DD7046DFF868823469444548
:107E200000F0F280636823F0030CACEB05030F2B2A
:107E300000F37481002BC6E9048880F26381BCF5ED
:107E4000007FD6F804E080F0FF804FEADC030122D7
:107E50004FEA5C1C013302FA0CF256F833104EEA7A
:107E6000020E06EBC302083AC6F804E0C4E90212A7
:107E700046F83340CC6083104FF0010C0CFA03FC41
:107E8000F44534D81CEA0E0F07D120F003004FEA66
:107E90004C0C04301CEA0E0FF9D006EBC00A8146E8
:107EA000D646DEF80C300BE05A681C46DB6822F040
:107EB0000302511B0F2900F30181002980F2158173
:107EC0009E45F1D109F101090EF1080E19F0030FD9
:107ED000E7D158E10C233B600024204603B0BDE805
:107EE000F08F4FF4007340204FF03F0E7EE7B468F0
:107EF000636823F00309A945A9EB050302D30F2BFF
:107F000000F385805A4B08201B6803F1100804EB2E
:107F10000903009301F080FC564AA8448346136885
:107F2000013305D008F1FF384342804403EA0808D2
:107F30004146384601F054FCB0F1FF3F82464D4ABD
:107F400000F0078104EB0903834200F200814A4BF1
:107F50000BF1FF3C18684044186000F06481116820
:107F6000013100F06C8104EB0902AAEB0202024429
:107F70001A601AF00702CDE9002300F02781C2F150
:107F80000802384692445A44D04408EA0C01521A76
:107F900002EA0C0B594601F023FC421C019B00F045
:107FA0006A81A0EB0A0000EB0B08186848F0010298
:107FB000B442C6F808A05844CAF80420186017D084
:107FC000B9F10F0F40F23E816168A9F10C024FF048
:107FD000050C22F0070201F0010111430F2A616034
:107FE00004EB0201C1E901CC00F24D81DAF8042072
:107FF000224B54461968814238BF1860204B1968DB
:10800000814238BF1860A6E0D6F804E033E7621971
:1080100045F0010543F00103083444F8045C384698
:10802000B260536000F05EF9204603B0BDE8F08F07
:10803000A26823443846D1608A60B2E6DC68A34275
:108040007FF4A6AE0230E7E6BCF5206F4FEA5C2273
:1080500076D3142A00F2CD8002F15C035B32DB00A0
:10806000F118F3580839994211D1A5E0D012002037
:108070006C1B0020C41200203C1B0020641B00204D
:10808000681B0020D81200209B68994204D05A68CF
:1080900022F003026245F7D8D968C4E902318C6046
:1080A000DC60E8E6142B63D9542B00F2AB802B0B79
:1080B00003F16F0003F16E0EC30097E6D4F808C019
:1080C0003846671945F001056560CCF80C30C3F8F7
:1080D00008C041F00103C6E90477C7E902887B6064
:1080E000A150083400F0FEF8F7E622443846516803
:1080F00041F00101516054F8082FD3609A6000F0FC
:10810000F1F8EAE6A44438460834DCF8043043F0D9
:108110000103CCF8043000F0E5F8DEE6621943F024
:10812000010145F0010538466560C6E90422C2E94F
:108130000288516044F80C30083400F0D3F8CCE6E3
:108140004FEA9C1202F139033832DB0088E7B4426F
:1081500062D0B468626822F00308A845A8EB050362
:1081600002D30F2B3FF753AF384600F0BBF8B3E60E
:1081700003F15C0003F15B0EC30037E65AF80839DF
:10818000534540F0A08010F0030F00F1FF30F5D10F
:10819000736823EA0C0373604FEA4C0C0CF1FF3256
:1081A0009A4204D3A3E64FEA4C0C09F104091CEAF5
:1081B000030FF8D0484670E692104FF0010C0CFA0D
:1081C00002F24EEA020EC6F804E066E70AEB080285
:1081D000384602EA0C02ABEB020B0BEA0C0B5946D9
:1081E00001F0FEFA431C019B7FF4DBAEDDF800B02A
:1081F000DBE6542A2AD84FEA1C3202F16F036E32B2
:10820000DB002DE7B3F5AA7F2AD8EB0B03F178004A
:1082100003F1770EC300E9E52E4B0BF1FF3C186824
:10822000404418609BE61AEA0C0F7FF498AEC844ED
:10823000D6F808A048F00102CAF80420D8E6C2F82F
:1082400000A096E60123CAF804308DE7B2F5AA7FB4
:1082500024D84FEADC3202F178037732DB00FFE604
:1082600040F25452934224D8AB0C03F17D0003F149
:108270007C0EC300BAE5009A4FF0000B083A904418
:10828000A8EB0A0891E6384604F10801009301F0D2
:10829000DBFB009BD6F808A01868A7E640F2545311
:1082A0009A420CD84FEA9C4202F17D037C32DB00FB
:1082B000D6E64FF47E737F204FF07E0E96E54FF4A6
:1082C0007E737E22CCE6736866E7E80805F1080352
:1082D00056E500BF3C1B0020014801F099BA00BFE1
:1082E000381B0020014801F095BA00BF381B002060
:1082F0002DE9F04F0E46A1B00021834607920022DF
:108300001C910021CDE90412324690461B9212F8CE
:1083100001ABBAF12D0F5FD801A151F82AF000BFCF
:1083200063840010D9830010D9830010D983001012
:10833000D9830010D9830010D9830010D98300108D
:10834000D98300100B8300100B8300100B830010E7
:108350000B8300100B830010D9830010D983001009
:10836000D9830010D9830010D9830010D98300105D
:10837000D9830010D9830010D9830010D98300104D
:10838000D9830010D9830010D9830010D98300103D
:10839000D9830010D9830010D9830010D98300102D
:1083A0000B830010D9830010D9830010D9830010EB
:1083B000D9830010D9830010D9830010D98300100D
:1083C000D9830010D9830010D9830010838700104F
:1083D000D98300109D87001000220892BAF1300F57
:1083E00000F0A48000230993AAF13003092B00F2C6
:1083F000F783002740463D463C460130082C07EBFA
:10840000870204F1010405EB85011B9090F800A0A0
:10841000CCBF03EB420703EB4105AAF13003092B64
:10842000EBD90122A74901F0A1F9814628BB1B998C
:108430000B4601311B915B78A3F1300CBCF1090FA5
:1084400040F21E8123F02003A646452B40F0A9816F
:108450004FF0010A0A900A9B2343099A134340F004
:108460004281079B4FF000084FF0000903B11E60E6
:108470004046494621B0BDE8F08F2AF02003452B45
:1084800000F02C814FF00009A646CDF83090CDF8D1
:10849000389026467446102E2846B246A8BF4FF0A4
:1084A000100AFAF741F9092E02460B46CDE90423DA
:1084B00017DD854B03EBCA0353E91223FAF7A0F843
:1084C00002460B463846CDE90423FAF72DF9024659
:1084D0000B46DDE90401FAF76BF80F2ECDE9040134
:1084E0003BDC0C9B002B00F0AD830C9B40F3B28275
:1084F000162B40F3DF84C6F125030C9A93422CDB44
:10850000C6F10F05704C04EBC501DDE90423D1E988
:108510000001FAF775F80C9B5D1B04EBC504D4E968
:108520000023FAF76DF88046894699E098F8012013
:1085300002F0DF02582A00F0D283434601331B9336
:1085400093F800A0BAF1300FF8D09846BAF1000FB6
:1085500000F082800123099346E7A6EB0A0A0C9BF0
:108560009A44BAF1000F40F327812AF00F071AF05E
:108570000F0A40F02384B7F59A7F00F3A984102FE7
:108580004FEA271A00F0EB85DFF84CE14FF0000CC2
:10859000CDE90945774664467546DDE904231AF0BE
:1085A000010F1046194607D0D7E90023FAF728F83B
:1085B0004FF0010C02460B464FEA6A0A01340837B5
:1085C000BAF1010FEBD12146AE46099C0A9DBCF1E0
:1085D000000F01D0CDE90423059B0EEBC10EA3F1E2
:1085E00054730593DDE90423DEE90001FAF708F886
:1085F000364B0A460B40CDE9040135498B4200F267
:108600006784A1F580118B4240F225854FF0FF323F
:10861000304BCDE90423D1E01B98431C1B934178D8
:10862000302940F0A184831C1A461B930133117832
:108630003029F9D0121A531E0A93A1F13103082BE5
:1086400040F2E28221F02001452900F0A483DDE917
:10865000092313433FF405AF4FF000084FF0000922
:10866000079A0AB11B9B1360089B002B3FF400AFD5
:1086700009F1004340469946494621B0BDE8F08FD4
:10868000A6460A900A9A08466146531CBCF1000FA0
:1086900000F08984012B994400F02D86224404E0E7
:1086A0004FEA4A05A24200F02786082C05EB850A0E
:1086B00004F10104F4DD07EB8703102CD8BF5F0041
:1086C000F0E700BF28BB0010D0C600100000F07F0C
:1086D0000000A07CFFFFEF7FA8C600100023A64685
:1086E00099469A460A931B9E731C1B9373782B2BF7
:1086F00000F06A822D2B41D101230C93B31C1B93F4
:10870000B378A3F1300CBCF1090F00F21E82302BBC
:108710001B9940F0C08201311B910B78302BFAD0AD
:10872000A3F13100082840F2B48200220E92002CFE
:1087300038D1DDE909210A438ED1BAF1000F7FF467
:1087400090AE692B00F04F8300F34883492B00F073
:108750004A834E2B7FF485AEB7491BA801F0C2FDBA
:1087600000283FF47EAE1B9B1B78282B00F09884DA
:10877000B24801F003F98046894671E700220C9265
:10878000BFE70022089208F101021B9298F801A0AD
:10879000BAF1000F3FF465AE90461FE60122089241
:1087A000F1E70E900E9BA3EB09030C93BEF1000FB3
:1087B0007FF46FAE26466EE640F0348300230D93BF
:1087C0003346224641465846009501F01FFF15905A
:1087D000002800F07D830E9B0021A9EB03090C9B70
:1087E0008A460991002B23EAE373B4BF4A4600226C
:1087F00014930E920D9A531AB2FA82FC18BF0123F9
:108800004FEA5C1C1693CDF85CC0D1E0D21A1F2A47
:10881000A4EB020400F39D810123002793401293EF
:10882000254434440D9BA6421D443346A8BF23462D
:10883000AB42A8BF2B46002B02DDE41AED1AF61A54
:108840000E9B002B00F32881002C00F33D810C9B34
:10885000002B00F37081002D00F36181002E08DDF4
:1088600051463246584602F0D5F88246002800F0BC
:108870005F814A461C99584602F060F90990002829
:1088800000F05681099A0023D168D3600F915146B8
:1088900002F032F90028C0F22B84059E00F08E838E
:1088A0005146099802F0E6FA00224FF08043044650
:1088B0000D46F9F7A7FF002800F0DE800F9B002B84
:1088C00040F05381049B002B40F05482C6F3130305
:1088D000002B40F07C810022594B20462946F9F7B5
:1088E0007DFF002840F061830022564B2046294638
:1088F000F9F786FE0A460146109002F10043CDE9E1
:1089000012121193504F514B37409F42DDE91045F1
:1089100000F03281B7F1D46F21D8169BFBB144A38C
:10892000D3E90023DDE91201F9F76CFFA0B1DDE91D
:108930001201F9F71DFF012838BF0120F9F7F4FEF5
:108940000F9BCDE91201002B40F0338201F100436F
:1089500018901993DDE9184505F1D663DD1BDDE9B3
:108960000A0102F0A3F902460B4620462946F9F710
:1089700047FEDDE90A23F9F71BFE0C46CDE90401A9
:10898000314B2340BB4203D1179B002B40F05D814C
:108990001C99584601F0DEFD4946584601F0DAFDC3
:1089A0005146584601F0D6FD0999584601F0D2FDCE
:1089B000159C5846616801F0A7FD8146002800F02B
:1089C000B780226904F10C010C300232920000F0F1
:1089D00031FF1EAB584601931DAB9DED047B009308
:1089E00053EC172B8DED0A7B02F0E6F902461C9042
:1089F000002873D00121584601F0CAFE82460028A3
:108A000000F096801D9B002BC0F285800E9A149D6D
:108A10009E180D9A1E9C9B1A0D4A2344C4F13604DD
:108A2000013B9342FFF6F2AE012300271293F7E6D3
:108A30000000C0FFFFFFDF4138BB0010D8B00010BE
:108A40000000F03F0000E03F0000F07F0000E07F0A
:108A500002FCFFFF1633FFF680AD0E9BA9EB030966
:108A6000B34B03EBC903DDE90401D3E90023F9F7B4
:108A7000EDFD80468946F3E5AE4B204629460022AF
:108A8000F9F7BEFD0F9BCDE91201002B68D101F172
:108A900000431090119335E751461A46584601F0AD
:108AA00059FF1C9A8246C8B10146584601F09EFE05
:108AB0001C9A0F9090B11146584601F04BFD0F9B48
:108AC000002C1C937FF7C3AE22461C99584601F038
:108AD000A1FF02461C9000287FF4B9AE4F46114614
:108AE00022234FF00008DFF85492CBF800305846AC
:108AF00001F030FD3946584601F02CFD51465846EC
:108B000001F028FD1599584601F024FD09995846B1
:108B100001F020FDA4E5149A0E9ED51A79E7494686
:108B20002A46584601F076FF814600287FF496AE2B
:108B30004F461C99D4E74946149A584601F00AFF5B
:108B4000814600287FF487AEF2E700221B960E9242
:108B5000EDE5794AD21A012303FA02F712935FE690
:108B60009DED127B8DED107BCCE69FED6B7B8DED4B
:108B7000107B8DED127BC5E6A6F154736F4E059305
:108B8000DDE904452046294602F090F8DDE910238E
:108B9000F9F736FD2B462246F9F70AFD684B0E40E1
:108BA0009E42CDE9040140F2008103F15473DDE9F6
:108BB0000A01994202D1B0F1FF3FB9D04FF0FF3323
:108BC000604CCDE90434E3E600230C9396E59FED79
:108BD000547B8DED107B9FED507B8DED127B91E6EC
:108BE00001225949404600F0C1FD864600283FF465
:108BF00013AD2AF020025346452A00F0B981099AA4
:108C0000002A3FF49EAD27E50A9B3039DDF86C80E1
:108C1000012403F10109002340461F46CD1800231B
:108C20000A93411C1B914378A3F1300CBCF1090F4E
:108C30007FF628AD23F020014FF0010A45297FF48B
:108C400074AD08E4DDE904890AE5DDE91256C4F3F0
:108C5000130728463146F9F713FFF9F70BFE0246D2
:108C60000B4628463146F9F7B7FC049D0F9E044693
:108C70002E430D4637436BD12BA3D3E90023F9F7DD
:108C8000ADFD00283FF484AE4F46DDE904891C9910
:108C90002DE7A3F1300C481C1B904B78A3F1300258
:108CA000092A00F2B78001300CEB8C0C1B9003EB0F
:108CB0004C0C0378ACF1300CA3F13002092AF2D944
:108CC000401A082840F3A68044F61F620E920C9AC0
:108CD000002A3FF42CAD0E9A52420E9227E50293E1
:108CE0001BA9089B5846194A01931CAB00931DAB66
:108CF00000F0F4FF10F00F0504463FF4ADAC062D74
:108D000040F0EE8008F1010300224FF000084FF020
:108D1000000908921B93A3E4000000000000F03F4C
:108D2000000000000000F0BF9535A094FFFFCF3F8A
:108D3000D0C600100000E03FE2FBFFFF0000F07F24
:108D4000FFFF9F7CFFFFEF7F28BB001058C400107F
:108D5000CEA3D3E90023F9F741FD002894D12046A2
:108D60002946CCA3D3E90023F9F774FD00283FF48A
:108D70000FAE89E7049B012B7FF429AF002E7FF40F
:108D800026AF4F4622231C994FF000084FF00009F0
:108D9000CBF80030ABE64FF000090A9B4FF0010A18
:108DA0004C464F464D46FFF758BB01F154740594AD
:108DB000E6E59DED127B8DED187BCBE5AC4901EB33
:108DC000CA01DDE90423D1E90001F9F719FCCDE975
:108DD0000401002F3FF4F2ACFFF7CDBB6E2B3FF444
:108DE000BBACFFF73EBBA3491BA801F07BFA0028F0
:108DF0003FF437AB1B9B1BA89F49013B1B9301F022
:108E000071FA10B91B9B01331B934FF00008DFF878
:108E10006C9225E444F61F6162468C45A8BF0A4661
:108E20000E9254E7CAF1000A4FEA2A171AF00F0A05
:108E300040F0A9801F2F34DC17F01001DFF85CA28E
:108E400018BF6A21DDE904230D9117F0010F1046C8
:108E5000194641D00AF1080A5AE90223F9F7D0FB72
:108E600002467F100B46F0D10D9BCDE904017BB18A
:108E7000C1F30A52C2F16B03002B09DD1F2B40F333
:108E8000AC81342B049740F3F9814FF05C73059368
:108E900000220023DDE90401F9F78EFC00283FF4ED
:108EA0008FAC22234FF000084FF00009CBF80030C0
:108EB000FFF7D6BB0C986E4901EBC001DDE9042336
:108EC000D1E90001F9F79CFB80468946FFF7C8BB52
:108ED0002223CBF8003098E77F100AF1080AB4E7A4
:108EE0001C9A3AB135211EA801F0F2FF58461C9990
:108EF00001F030FB013D042D00F21682DFE805F0A1
:108F0000032E2B2003001E9B04931D9B03F2334270
:108F10001F9B23F4801343EA02530593E20502D515
:108F200043F000430593554A1A40DDE90489002ABD
:108F30007FF496AB00F066FC22230360FFF790BB42
:108F40004FF0FF326FF00043CDE90423E3057FF5D6
:108F500079AE059BE4E7494B0593F7E7DDE91E127F
:108F60001F9BCDE90412D9E7CDF828E0FFF765BBD8
:108F70004FF0000E77467546F1467446F246CDF83E
:108F800028E0FFF768BA3A4B03EBCA03DDE90401B6
:108F9000D3E90023F9F75AFBCDE90401002F3FF490
:108FA0000DAC47E700230A933BE69FED2D7B8DED4B
:108FB000107B9FED2D7B8DED127BA3E40F9CBE46B5
:108FC00033464F462E49C6F31302DDE90A89002CC9
:108FD0007AD08A4200F00F81BEF1000F00F00581C7
:108FE0001EEA060F33D040464946049301F05EFE68
:108FF0000D9B002B00F01881049BC3F30A53C3F1AF
:109000006B06002E40F38A811E4C002204EB0653AF
:10901000F9F7F6FA02460B4640464946F9F7C8FA10
:109020008046894640464946174B0022F9F7E8FA40
:10903000124B804689460B40002B7FF428AE22233A
:10904000CBF8003023E61EEA030F40F097800D9B1B
:10905000002BE7D11BE602F154730593FFF7AEBB7B
:10906000000000000000E0BF000000000000E03F42
:10907000D0C600102CBB001030BB00100000F07FE9
:10908000FFFF0F000000F03F000050399535A0941D
:10909000FFFFDF3F35E5AF350000E03F70C4001053
:1090A0001BA81EAAA74901F037F905287FF460AB79
:1090B0001F9B43F0FF4343F4E00305931E9B04937F
:1090C000DDE90489FFF7CCBA002A4ED1DDE90401BD
:1090D0000246002878D10D9A002A00F0AF809A4C01
:1090E0003440B4F1D66F2DD8B4F15C7F9AD849E6FC
:1090F0000F9B4F46DDE90401DDE90A890343A6D150
:10910000C1F313020B46002AA1D121F00044240D23
:109110002405B4F1D66F9AD909994A6912B90A6936
:10912000012A94DD0999012258460A9301F072FC44
:109130005146099001F0E0FC002888DD0D9A0A9B59
:10914000002A7BD0A4F580146FEA14536FEA03530E
:1091500005934FF0FF330493DDE9048962E70023B0
:10916000DFF8F0E11946FFF737BABEF1000F7FF4E0
:109170006AAF129A04990A423FF469AF40464946E1
:10918000049301F093FD0D9B002B67D0049BC3F368
:109190000A53C3F16B06002E40F3C3806B4C0022D0
:1091A00004EB0653F9F72CFA02460B4640464946B3
:1091B000F9F712FA0022002380468946F9F7FCFAF3
:1091C00000283FF42FAFDDE5BEF1000F7FF43BAF89
:1091D00012990A423FF43BAFD0E74FF0FF3202FA58
:1091E00003F3049A1A40049252E6129A04990A422E
:1091F0003FF42DAFF7E60D9A049D002A55D0524C4E
:109200003440B4F1D46F41D8210D4FF0FF32C1F199
:109210006B018A40954253D0BEF1000F5CD01EEA2C
:10922000030F3FF4FFAEDEE602460B4640464946DA
:10923000F9F7BEF9894680461C9958E4424A1C99C0
:109240001A40A2F580126FEA12536FEA0353059396
:109250004FF0FF330493DDE9048948E402460B46EE
:1092600040464946F9F7B8F900220023804689466E
:10927000F9F7A2FA00283FF40AAD83E5C2F14B02E8
:109280004FF0FF3393400B40059301E66A1CC3D1B6
:109290002F4A934225D001321A4002F580130593DC
:1092A00000230493DDE90489D1E6049A0132EFD06A
:1092B000BEF1000F0BD01EEA060F3FF4E8AC92E6B9
:1092C00004F58013CDE90403DDE90489AAE6129AC6
:1092D00015423FF4DCAC86E6129A15423FF4A2AE8A
:1092E00081E622231C994FF00008DFF85C90CBF850
:1092F0000030FFF7FCBB2246082A02F1010409DD19
:10930000102C3FF74FAE07EB870700230CEB470706
:109310000A9386E40A2305FB03F37FE402460B4627
:109320007AE602460B4641E7E10505D54FF00043DA
:109330000593DDE90489FDE54FF000084FF00009D1
:10934000F8E500BF44C400100000F07F0000F03FCB
:10935000FFFFEF7FA8C600102DE9F843254F0A460E
:10936000254B01463868FEF7C3FF02460B4604460C
:109370000D46F9F70FFA88BB20462946F9F7B4F9EC
:1093800007EE100ADFED1D7A0646B0EEC77AB4EE9E
:10939000677AF1EE10FA17DD25F000494FF0FF3241
:1093A000174B20464946F9F7F5F938B920464946A2
:1093B0004FF0FF32124BF9F725FA28B13B68222211
:1093C0001A603046BDE8F88316F0FF4FF9D10D4B17
:1093D0002B40002BF2D13046BDE8F883002D0A481F
:1093E00004DA00F0D1FA80F00046EAE7BDE8F8437D
:1093F00000F0CABA44180020D8160020FFFF7F7F73
:10940000FFFFEF7F0000F07FD8B000102DE9F04F94
:1094100081468E466D4875461EF801BB10F80B401C
:1094200014F00804F7D1BBF12D0F23F010075DD025
:10943000BBF12B0F10D0AFB9BBF1300F00F08D8016
:10944000002B00F0858010236FF078460F27984698
:1094500000246FF0004A0DE09EF800B005F1020E06
:10946000002F60D06FF000479846B7FBF3F6BA467E
:1094700003FB1677002528460EE0ABF1370C9C4520
:109480001DDA013504D0B04202D822D1BC4520DD1E
:109490004FF0FF351EF801BBABF1300CBCF1090FEA
:1094A000EDD9ABF1410CBCF1190FE6D9ABF1610C70
:1094B000BCF1190F03D8ABF1570C9C45E1DB6B1CD9
:1094C0000BD004B1404212B1002D57D11160BDE85C
:1094D000F08F08FB00C00125DCE72223C9F800302B
:1094E000002A4DD00EF1FF315046EFE79EF800B054
:1094F00005F1020E67B9BBF1300F44D0002B50D1FB
:109500000A23334E0827012498464FF0004AB1E75A
:109510004FF0004A98460124BAFBF3F603FB06F726
:10952000AAEB0707A6E7BBF1300F89D1A87800F0B6
:10953000DF0058281ED1102395F803B005F1040E62
:1095400098466FF00047B7FBF8F608FB16777FE701
:109550000A231F4E072798467AE79EF8000000F07E
:10956000DF00582806D110239EF801B005F1030E44
:109570009846E6E723BB08239846E2E78246B1E730
:109580005046BDE8F08FA87800F0DF00582810D0D2
:10959000CBB1102398464FF0004A0124BAFBF8F6ED
:1095A00068E710234FF0006601244FF0004A984608
:1095B00060E7102395F803B005F1040E9846EAE73A
:1095C00010239846BDE708239846E4E799C40010A5
:1095D000CCCCCC0C242A134610B509D8012A07D0CC
:1095E000064C0A4601462068BDE81040FFF70EBF52
:1095F00000F008F916230360002010BD4418002075
:10960000830730B546D08418844604E003F8011B74
:109610009D0704D09C46A4456346F7D130BD013A6E
:109620000244A2EB0C02032A29D9CCB20F2A04EB84
:10963000042404EB04442FD9A2F1100C03F110050B
:109640002CF00F0CAC44C3E90044C3E902441033CE
:109650006345F8D112F00C0F02F00F0E18D02EF067
:10966000030CAEF104051A469C4442F8044B6245D3
:10967000FBD125F0030404330EF003022344002A37
:10968000CCD0C9B21A4403F8011B9342FBD130BDC0
:109690007246F4E70346C6E79646E0E711F0FF019D
:1096A000034600F0030239D08ABB10B501EB012E4E
:1096B00002680EEB0E4EA2F101338EEA020423EA99
:1096C0000203A4F1013222EA0402134313F0803FA3
:1096D0000FD150F8044F84EA0E0CA4F10133ACF121
:1096E000013223EA040322EA0C02134313F0803F01
:1096F000EFD0037823B936E010F8013F002B32D0C9
:109700009942F9D110BD8A4228D09A0729D01A78F7
:1097100018460133002AF6D110467047CAB90268CC
:10972000A2F1013323EA020313F0803F08D150F87D
:10973000042FA2F1013323EA020313F0803FF6D095
:1097400003785BB110F8013F002BFBD170479907FC
:1097500005D0184613F8012B002AF8D17047184697
:10976000DDE71846A1E7184610BD00BF82B30B46DF
:1097700030B540EA01048646A40717D1032A07D86A
:1097800014E0043A22D01CF0803F1FD1032A23D9D1
:10979000DEF80040194653F8045B7046A4F1013C22
:1097A0000EF1040EAC422CEA040CEAD00378013A24
:1097B0000C78A3420ED1024406E03BB110F8013F01
:1097C00011F8014FA34205D19042F6D1002030BDDF
:1097D00010467047181B30BD70461946E6E700BFBB
:1097E00038B50022064D044608462A60FAF7E0FA2A
:1097F000431C00D038BD2B68002BFBD0236038BD44
:10980000D8220020014B1868704700BF4418002080
:10981000704700BF704700BF082802D14FF4805046
:10982000704708B5FFF7EEFF162203464FF0FF30F2
:109830001A6008BD844641EA000313F0030349D1CE
:10984000403A23D30B6803604B6843608B688360A6
:10985000CB68C3600B6903614B6943618B698361AA
:10986000CB69C3610B6A03624B6A43628B6A836292
:10987000CB6AC3620B6B03634B6B43638B6B83637A
:10988000CB6BC36340304031403ADBD230320BD334
:109890000B6803604B6843608B688360CB68C36070
:1098A00010301031103AF3D20C3205D351F8043B8A
:1098B00040F8043B043AF9D2043208D0D2071CBF66
:1098C00011F8013B00F8013B01D30B88038060468F
:1098D000704700BF082A13D38B07B1D010F00303E1
:1098E000AED0C3F10403D21ADB071CBF11F8013B51
:1098F00000F8013BA4D331F8023B20F8023B9FE77C
:10990000043AD9D3013A11F8013B00F8013BF9D2EE
:109910000B7803704B7843708B7883706046704788
:1099200020F0030110F00300C0F1000051F8043BE7
:1099300000F1040C4FEACC0C6FF000021CBF22FABD
:109940000CF213434FF0010C4CEA0C2C4CEA0C4C7B
:10995000A3EB0C0222EA030212EACC1204BF51F874
:10996000043B0430F4D0C2F1000102EA0102B2FA71
:1099700082F2C2F11F0200EBD200704700200149C1
:10998000704700BF0000F87F004870470000C07FAC
:109990002DE9F8430646DFF8AC8008208946FFF73A
:1099A0003BFF05463046FEF797FCD8F808305F6865
:1099B00027F00307A7F11104A4EB09042C44B4FB1E
:1099C000F5F4013C05FB04F4A54208DC0021304617
:1099D000FFF706FFD8F808303B44984205D03046E0
:1099E000FEF780FC0020BDE8F88361423046FFF7B7
:1099F000F7FE01300FD03F1B104AD8F80830304630
:109A000047F001075F6013681B1B1360FEF76AFCD9
:109A10000120BDE8F88300213046FFF7E1FED8F8C9
:109A20000820831A0F2BDADD43F00103034953604A
:109A3000034B1B68C01A0860D1E700BF3C1B002025
:109A4000C4120020D012002000295AD0F8B50C46CC
:109A50000746FEF741FC734D54F804CCA4F108020C
:109A6000A8682CF001030CF0010ED1184E68884252
:109A700026F003067CD088194E60406800F0010093
:109A8000BEF1000F2ED154F8084C05F1080C121B42
:109A900023449468644560D0D2F80CE0C4F80CE02C
:109AA000CEF8084000287DD043F0010050600B60E4
:109AB000B3F5007F2ED25809D90801238340686886
:109AC0000131034355F831006B6005EBC103083BDE
:109AD000C2E9020345F83120C2603846BDE8F840CB
:109AE000FEF700BC70B9334405F1080C886843F0F8
:109AF000010460456ED0C968C16088605460D3506D
:109B0000D6E770474CF00101B3F5007F44F8041C20
:109B1000D350D0D3B3F5206F4FEA532144D29909E3
:109B200001F1390001F13804C1006818695808389A
:109B3000884203D155E08968884204D04C6824F0FB
:109B400003049C42F7D8C868C2E902108260384614
:109B5000CA60BDE8F840FEF7C5BB80BB1E44D1E932
:109B60000213CB60996046F0010353609651B4E74D
:109B70001E44BEF1000F07D154F8083CD21A1E440F
:109B8000D2E90213CB60996046F001035360264B83
:109B9000AA601B68B342A0D8244B38461968FFF767
:109BA000F7FE9AE73344A1E714290DD954291FD8A9
:109BB000190B01F16F0001F16E04C100B5E743F02C
:109BC000010050600B6088E701F15C0001F15B046B
:109BD000C100AAE7C5E90422C2E902CC5460D3500F
:109BE0007BE7A4100123A3406C6823436B60ABE7C1
:109BF000B1F5AA7F06D8D90B01F1780001F17704FD
:109C0000C10092E740F25450814206D8990C01F10C
:109C10007D0001F17C04C10087E74FF47E717E2452
:109C200083E700BFD0120020C81200206C1B002068
:109C30002DE9F0410469B4EB611F05DC00230361E9
:109C400000234361BDE8F08100F1140C4E1111F0C6
:109C50001F0E0CEB84050CEB860323D004335CF859
:109C60002610CEF120089D4221FA0EF130D9674628
:109C70001A6802FA08F20A4347F8042B53F8041B47
:109C80009D4221FA0EF1F3D8A31B0CF104029B00B4
:109C9000053B9C0823F0030342F82410134471B1E0
:109CA00004330CE09D42C9D900F1100253F8041BA3
:109CB0009D4242F8041FF9D8A31B0CEB8303A3EBCE
:109CC0000C0263454FEAA2020261B9D0BDE8F081FF
:109CD00041610029B2D06346E2E700BF2DE9F04FB1
:109CE0008A4685B0096803938B78302BCDE9002034
:109CF00040F0F881CA1C137814460132302BFAD098
:109D0000A4EB0109A9F10209DFF80C8318F803306C
:109D1000002B00F0D3802378002718F803303D464D
:109D2000002B00F06A81264616F8013F18F8033030
:109D3000002BF9D10122B7493046FFF717FD8346C2
:109D4000002843D03278002D00F0A281AB1B4FEAEF
:109D5000830B02F0DF023546502A43D0CAF8006078
:109D6000002F54D12A1B3946013A072A03DD52102D
:109D70000131072AFBDC019800F0C6FB824600286F
:109D800000F0A58200F11406AC42029680F0E38157
:109D90000027B9460CE03A4604372B78A54218F85C
:109DA000033003F00F0303FA02F349EA030940D03A
:109DB00015F8013D2E2B01D1A54231D2202FEAD139
:109DC000002246F8049B04279146E6E7002D00F0A8
:109DD0007A813278AB1B354602F0DF024FEA830B03
:109DE000502ABBD16A782B2A00F050812D2A40F0EE
:109DF000D6800120AA78AE1C18F802104A1E182A34
:109E000040F2D5802E46CAF80060002FAAD0B9F1E2
:109E1000000F0CBF06240024204605B0BDE8F08FDB
:109E200001227C492846FFF7A1FC0028C6D1A542A3
:109E3000BED1029B484646F8049BF61AB610CAF8F3
:109E40001060760100F03AFC009B361A1D68AE42A5
:109E500057DCC0F21F81009B9A685A45C0F20D8101
:109E60005A68934580F2BE80A2EB0B0BAB4573DAC8
:109E70000BF1FF36002E40F0818137467311029AB4
:109E800006F01F06A5EB0B0552F8232001235946C7
:109E90005046B340134200F08081FFF7C9FE009B9B
:109EA000DC68D3F804B0022C00F02F81032C00F002
:109EB0008F81012C00F08881122494E00122554901
:109EC0002046FFF753FC0746002840F0988063784F
:109ED000651C18F80320002A00F09380302B2C46D4
:109EE00040F0788114F8013F302BFBD018F8033094
:109EF0004FF00109B3FA83F77F09002B7FF413AF0A
:109F00007BE0761B5046314601F010F8074678B1E9
:109F1000711E029B01274A1153F8220001F01F0213
:109F200007FA02F2024203D0B94200F32D81022760
:109F300031465046FFF77CFE009BB3449A685A4571
:109F4000C0F29B80009B5A685A4540F3CF80A2EB39
:109F50000B0B5D4500F30381009BDB68022B5DD09A
:109F6000032B00F02581012B5BD1AB4559D1BBF10F
:109F7000010F08D00BF1FF31504600F0D7FF002849
:109F80004FD0009B5A680399012362240A60029A09
:109F9000CAF8103013600E9BC3F800A03CE718F815
:109FA00002106E1C00204A1E182A3FF62BAF727852
:109FB0001039013618F8022002F1FF3CBCF1180FED
:109FC0000CD801EB810116F8013F02EB4102A2F12E
:109FD000100118F80320531E182BF2D900B1494282
:109FE0008B44BBE601240E9B2046C3F800A0039BD4
:109FF000C3F800B005B0BDE8F08F26469AE6237896
:10A00000254603F0DF03502B00F0CE80CAF8005045
:10A01000FDE600BF28BB00109CC500100F9B002B65
:10A02000B1D050240198514600F094FA00230E9AC2
:10A030002046136005B0BDE8F08FDAF8082097429B
:10A0400080F2CB807A1C01210AEB8707022CCAF828
:10A050001020DDF80880796100F0AF80002A00F35D
:10A06000E2800022CAF810200022CAF81420009BC7
:10A070000BF1010B9A685A456BDA5146019800F0D2
:10A0800069FA00230E9AA3241360C5E60020B1E606
:10A09000AB465EE6AE1B514601983246ABEB060B73
:10A0A00000F0B8FC009B82469A689345E5DC5A684C
:10A0B000934597DAA2EB0B0B00F11403AB45029327
:10A0C000BFF64AAFD4E67278751C18F802102E4617
:10A0D00000293FF43EAE16F8012F18F80230002B8D
:10A0E000F9D133E68C1C4FF000090DE60124002F56
:10A0F0003FF479AF009BDA68022A06D0032A08D021
:10A10000012A33D044F010046DE70F9BC3F1010323
:10A110000F930F9B002BF5D0029B0026DAF81070EE
:10A1200098461A464FEA870903EB870003E09042FE
:10A1300042F8046C81D9944652F8041B4B1CF6D0AB
:10A140000131022CCCF8001037D015F01F0540F07B
:10A150009780212447E7029E4FF0000969E60BF142
:10A16000FF36002F3FF486AE012787E6B907C9D531
:10A17000029B1A681743FA07CED4C3E7314650460C
:10A1800000F0D4FE074679E6B11E504600F0CEFE40
:10A1900000283FF4CCAE0327CAE6FFF749FD009B39
:10A1A0000224D3F804B0A2E74FF0000B012719E610
:10A1B0000F9B002B7FF4E7AE33E7009B1A68013A50
:10A1C000AA426AD022240EE747F002070224CFE712
:10A1D00002249EE74FF00109A5E5DAF80410019882
:10A1E000013100F091F9064600286AD0DAF8102013
:10A1F0000AF10C010C3006F1140802329200FFF74C
:10A2000019FB51460198B24600F0A4F931690120CA
:10A21000022C01EB000206EB810132614861CCD0D7
:10A22000974292DA1AE708EB82040AF11800DAF88A
:10A23000142084424FEA52023BD94546036842EA61
:10A24000C37245F8042B50F8042B84424FEA5202A3
:10A25000F4D8A4EB0A0108F1040019398C0821F0A4
:10A26000030140F82420014402B10431A1EB0802AB
:10A2700041454FEAA202CAF810207FF4F8AEF3E697
:10A28000C144C5F1200559F8040C00F017FAA842A2
:10A29000BFF65FAFDAF81020E0E66A1105F01F059F
:10A2A00058F822100122AA400A4214BF2124222475
:10A2B00099E6C8F800200AB14146D6E7CAF810204E
:10A2C000D2E60246054B84210548F9F78FFD024688
:10A2D000024BE4210248F9F789FD00BF80BB001062
:10A2E00094BB001010B504688646013409E014F8E8
:10A2F000013BA3F1410CBCF1190F98BF20339342ED
:10A3000007D111F8012B002AF1D10120CEF800402D
:10A3100010BD002010BD00BF09682DE9F04F4B11A2
:10A3200085B011F01F01044602EB8303029140F057
:10A330009B80181F19462568002641F8046C0135DA
:10A340002B78002B00F0A880B44601910646864683
:10A35000DFF88481E1466746E346AA460146039456
:10A3600018F8030000285DD1202B00F28F804F45A4
:10A3700020DDB6451AD2BCF1070F17DCCCF108047A
:10A38000DEF800307046CDF800E0A400C4F1200CE7
:10A39000A646446804FA0CF51D4324FA0EF3056042
:10A3A00040F8043FB042F4D3DDF800E0724552D3E8
:10A3B0004FF0080C1AF8013F002BD1D10846019943
:10A3C000002F69D0B64502D2BCF1070F68DD724597
:10A3D0004DD2141F734653F8045B834244F8045F64
:10A3E000F9D9A0EB0E03441C0EF1010E002523F059
:10A3F0000303A64588BF0023141D23441C460433D1
:10A4000083422560FAD951F8044C1CB106E050F89B
:10A41000043D1BB98242FAD101231360052005B027
:10A42000BDE8F08F0CF1010C0137BCF1080F08DC1E
:10A43000DEF800301B0100F00F001843CEF80000DA
:10A44000B8E77245B6D24EF804BC0023AEF1040E54
:10A450004FF0010CEFE7AEF104064EF804BCB9462C
:10A460004FF0000CB646A5E7191D184663E7029B9E
:10A4700051F8044C002BC8D0C3F120034FF0FF3536
:10A4800025FA03F31C4041F8044CBEE7292B08468B
:10A4900055460199039C1BD0042005B0BDE8F08F00
:10A4A000CCF10803DEF8004077469B002546C3F157
:10A4B00020089C467B6803FA08F42C4323FA0CF529
:10A4C0003C6047F8045FB742F4D3724581D3CEE7CE
:10A4D0000135256074E700BF9CC5001082B049B10A
:10A4E0005AB16BB113780B601278101E18BF01209F
:10A4F00002B0704701A9002AF3D1104602B070479C
:10A500006FF00100F4E700BF38B5436C05460C4618
:10A510004BB153F8240080B1026843F82420002393
:10A52000C0E9033338BD21220421FDF7E1FB0346D6
:10A5300068640028EDD1002038BD0121284601FAC9
:10A5400004F56A1D9200FDF7D3FB0028F3D0C0E9A3
:10A550000145E4E731B1436C4A6853F822000860D2
:10A5600043F82210704700BF2DE9F04107460E4620
:10A570001C460D6901F1140E0020DEF800100130B8
:10A580008BB285424FEA114102FB03434FEA134C61
:10A590009BB202FB01CC03EB0C434FEA1C444EF888
:10A5A000043BEADC3CB1B368AB4207DD06EB850354
:10A5B00001355C6135613046BDE8F081716838462F
:10A5C0000131FFF7A1FF8046A8B1326906F10C0105
:10A5D0000C3002329200FFF72DF97B6C726853F851
:10A5E0002210316043F82260464606EB85030135B0
:10A5F0005C613561DFE70246024BBA210248F9F798
:10A60000F5FB00BF80BB0010F8BB00102DE9F8433C
:10A610001E4617460833264A0C46092E82FB0312B3
:10A620004FEAE3730546C3EB620338DD4FF0010CDC
:10A6300000214FEA4C0C01316345FADC2846FFF754
:10A6400063FF014668B3089B092F43614FF0010384
:10A65000036112DC0A340927BE420BDDF61B2644D7
:10A6600014F8013B0A222846303BFFF77DFFB44235
:10A670000146F5D10846BDE8F88304F109093C44D8
:10A68000C84618F8013B0A222846303BFFF76CFF0A
:10A69000A0450146F5D1B944A9F10804DCE7002141
:10A6A000CCE70246034BD3210348F9F79FFB00BFD9
:10A6B000398EE33880BB0010F8BB0010B0F5803F46
:10A6C000034610D203041020B3F1807F01D208307A
:10A6D0001B02B3F1805F08D3B3F1804F10D29A0010
:10A6E00013D4033070470020EEE71A010430B2F1B2
:10A6F000804F06D29B0108D45B00F2D42020704723
:10A700001A46002AFBDB013070470230704700BF59
:10A7100003680246590707D0D8071DD499072AD5E0
:10A720005B0801201360704799B279B91B0CD9B24C
:10A73000A1B11020190701D104301B09990712D0CB
:10A74000D90701D401305B0813607047D9B241B119
:10A75000180718D10420F0E70020704718201B0AC2
:10A76000E8E70820FBE713F0040F4FEA930106D057
:10A7700002300B46E8E79B08022013607047DB08B5
:10A7800004D120207047DB080320DDE70330DBE73E
:10A7900038B5436C04460D464BB15868B0B10268F9
:10A7A0005A60002201234561C0E9032338BD2122FC
:10A7B0000421FDF79DFA034660640028EDD1094BA2
:10A7C000002240F245110848F9F710FB1C22012134
:10A7D0002046FDF78DFA0028F1D001220223C0E9BE
:10A7E0000123DEE780BB0010F8BB00102DE9F04F1D
:10A7F000D1F8108085B015690E469246A84505DB54
:10A800002A46534645468A4690461E4605EB0804AE
:10A81000DAE90113A342B8BF0131FFF775FE002842
:10A8200000F08C8000F1140707EB840E774505D209
:10A830003B46002243F8042B9E45FBD814360AF110
:10A84000140906EB880809EB8505464569D2A5EB96
:10A850000A030AF1150ACDF808E0AE46153B039449
:10A8600023F00303AA4594BF9B464FF0000B82469A
:10A8700005E0090C2DD1B04507F104074ED956F873
:10A88000041B8DB2002DF4D0CC463C46002301962B
:10A890005CF8040B216886B2E6458AB24FEA1040A4
:10A8A00005FB06224FEA11411A4405FB001101EB9A
:10A8B000124192B24FEA114342EA014244F8042B9A
:10A8C000E6D8019E07EB0B02536056F8041C090CF6
:10A8D000D1D03B68002248463D461C46944602883B
:10A8E0009BB201FB02C202EB144243EA024345F869
:10A8F000043B50F8043B2C684FEA134C8645A3B246
:10A9000001FB0C3303EB12434FEA134CE7D807EB80
:10A910000B02B04507F104075360B0D85046DDE99B
:10A9200002E4002C02DC05E0013C03D05EF8043DAB
:10A93000002BF9D0046105B0BDE8F08F0246034B4F
:10A940004FF4B1710248F9F751FA00BF80BB001013
:10A95000F8BB001012F003032DE9F041144607463E
:10A9600032D10E46A4102CD03D6C002D35D004F011
:10A9700001034FF0000864103BB92868B8B10546E0
:10A9800004F001036410002BF7D02A463146384604
:10A99000FFF72CFF36B17B6C716853F821203260D1
:10A9A00043F8216074B1064628680028E7D12A469A
:10A9B00029463846FFF71AFF28600546C0F8008090
:10A9C000DEE73046BDE8F081013B0F4A52F8232014
:10A9D0000023FFF7C9FD0646C4E701213846FFF70B
:10A9E00093FD054640B1012340F27122C0E90432D3
:10A9F000002338640360BAE70246044B40F2451175
:10AA00000348F9F7F3F900BF9CC6001080BB0010A3
:10AA1000F8BB00102DE9F0470C46904606464FEA79
:10AA200062192769A36807EB621749687D1C9D427C
:10AA300003DD5B0001319D42FBDC3046FFF764FD26
:10AA400000284DD0B9F1000F00F1140C0BDD09F115
:10AA500005026346002100EB820243F8041B934287
:10AA6000FBD10CEB890C04F11403216918F01F08C9
:10AA700003EB81012BD0C8F12009E6464FF0000A14
:10AA80001A6802FA08F242EA0A024EF8042B53F856
:10AA9000042B994222FA09FAF2D80B1B04F1150291
:10AAA000153B23F00303914238BF002304334CF8D5
:10AAB00003A0BAF1000F00D13D46736C62680561D6
:10AAC00053F82210216043F82240BDE8F087ACF132
:10AAD000040C53F8042B99424CF8042FF9D8EBE7F7
:10AAE0000246034B4FF4EF710248F9F77FF900BFBC
:10AAF00080BB0010F8BB001084460B690069C01AC7
:10AB000016D10CF1140C14310CEB830201EB83030E
:10AB100010B401E0944508D252F8044D53F8041DD6
:10AB20008C42F7D005D24FF0FF305DF8044B7047F0
:10AB3000704701205DF8044B704700BF2DE9F04FCE
:10AB4000136983B00E6989461546F61A002E14D192
:10AB500001F1140702F1140101EB830107EB8303F8
:10AB600001E09F427ED253F8044D51F8042D9442E7
:10AB7000F7D080F08280012603E0FCDB00260D4642
:10AB800091466968FFF7C0FC002800F083802F69B8
:10AB900005F1140B05F11002D9F8103009F1140574
:10ABA00000F114010BEB870E944605EB830A8846EF
:10ABB0000023C660CDF804B055F8046B5CF8042F90
:10ABC0001FFA86FBAA4594B2A4EB0B041C444FEA7F
:10ABD0001643C3EB124303EB2443A4B244EA0344F9
:10ABE0004FEA234348F8044BE6D8AAEB090209F1DF
:10ABF0001509DDF804B02646153A22F00302CA45CD
:10AC000038BF00220BEB02080A4408F10408141DA7
:10AC1000C645454635D9A1EB0B0105EB010C55F8AE
:10AC2000042B1FFA82F9D618120CAE454B44B6B26B
:10AC300002EB234246EA02464FEA2243CCF8006088
:10AC4000EBD80EF1FF33A3EB080323F003032344F7
:10AC500026B953F8042D013F002AFAD0076103B04A
:10AC6000BDE8F08F0021FFF74FFC60B10122002307
:10AC7000C0E9042303B0BDE8F08F2B464D4699464A
:10AC80007FE71346E4E70246064B40F237210648C9
:10AC9000F9F7ACF80246034B40F245210248F9F7B8
:10ACA000A5F800BF80BB0010F8BB0010114B0B4093
:10ACB000A3F15073002B03DD0022194610467047A4
:10ACC0005B42B3F1A07F4FEA235106DA4FF4002331
:10ACD00000220B4110461946704714391E2904DD25
:10ACE000012200231046194670474FF00042CA4027
:10ACF000F7E700BF0000F07F2DE9F843066900F197
:10AD0000140808EB860656F8047CA6F104093846B8
:10AD1000FFF7D4FCC0F120030A280B6034DDC845DE
:10AD2000A0F10B021AD256F8083C2AB3C2F1200057
:10AD30009740A6F1080123FA00F49340884547EABA
:10AD4000040747F07F5545F4401519D256F80C2CEE
:10AD50002946C24013431846BDE8F8830B280AD0A1
:10AD600007FA02F2002342F07F55184645F44015D9
:10AD70002946BDE8F883002347F07F5545F4401588
:10AD800018462946BDE8F883C0F10B03C84527FAE9
:10AD900003F242F07F5545F4401509D3002200F13B
:10ADA0001503294607FA03F313431846BDE8F88351
:10ADB00056F8082CDA40F2E7F0B5012183B01646C8
:10ADC0001F46FFF7A1FB0546002847D0C7F30A54EA
:10ADD000C7F313030CB143F48013002E019315D174
:10ADE00001A8FFF795FC019A012100F120036A6197
:10ADF00029611CB3A4F23344C3F135001C44089B01
:10AE00001C60099B1860284603B0F0BD6846009698
:10AE1000FFF77EFC0346DDE9001230B1C0F12000EF
:10AE200002FA00F0DA4001430192002AC5E9051256
:10AE30000CBF012102212961002CDBD1A3F2324396
:10AE400005EB8102089803601069FFF737FC099B46
:10AE5000C0EB41101860284603B0F0BD0246034B1A
:10AE600040F20F310248F8F7C1FF00BF80BB00106D
:10AE7000F8BB00102DE9F04383B08846814669464F
:10AE8000FFF73AFF04460D46404601A9FFF734FF9D
:10AE9000D9F81030D8F81020A3EB020CDDE900320D
:10AEA0009B1A03EB4C13002B0BDD05EB03573D46C0
:10AEB00002460B4620462946F7F7C8FB03B0BDE81B
:10AEC000F083C3EB033301EB03594946F0E700BFBE
:10AED000013902F114034FEA611C116903EB81018E
:10AEE0000CF1010C8B4200EB8C0C16D210B5A0F1CA
:10AEF000040E53F8044B99424EF8044FF9D8891ABE
:10AF00000430153921F003010844844504D9002395
:10AF100040F8043B8445FBD810BD844505D9002387
:10AF200040F8043B8445FBD87047704703694A11D9
:10AF30001430934209DA00EB830302E053F8042D46
:10AF4000AAB98342FAD80020704700EB8203F8DDEB
:10AF500011F01F01F5D010B450F8224024FA01F28C
:10AF60008A40944209D001205DF8044B70470120CB
:10AF7000704753F8042D002AF5D18342F9D80020F8
:10AF80005DF8044B704700BF034649B1FF2A02D861
:10AF900001200A7070478A224FF0FF301A60704714
:10AFA00008467047F8B500BF5FF800F0EB060020D8
:10AFB0005FF800F01F0200205FF800F04507002056
:10AFC0005FF800F0C90200205FF800F0710D00206A
:10AFD0005FF800F0210E00205FF800F07102002001
:10AFE0005FF800F0F10500205FF800F0F90600209E
:10AFF0005FF800F0ED0100205FF800F01101002083
:10B000005FF800F01D0600205FF800F04D0A0020F8
:10B010000D24001085230010B1230010A924001076
:10B02000ED2300101923001031240010E522001038
:10B03000BD140010392400102D1D001061230010D4
:10B040001F240010D12300103D0F0010950F001099
:08B0500061460010110200101E
:10B05800504C415300000000474C41530000000091
:10B06800504150520000000043415244000000008B
:10B078004D455441000000004F5448520000000064
:10B088002D2D2D2D00000000256400004F75742023
:10B09800000000002573257300000000496E2000A1
:10B0A80052583A25732025642C256420252E3266B3
:10B0B8000000000052583A7E000000004D2C312C50
:10B0C8003130302C3230302C302E3935302C300A9B
:10B0D800000000004D2C322C3531322C3138302C08
:10B0E800302E3631302C310A000000004D2C332C24
:10B0F80039382C3430312C302E3733302C300A008C
:10B108004D2C342C3235302C3330302C302E383214
:10B11800302C310A000000004D2C352C3332302CF5
:10B128003234302C302E3837302C300A00000000F2
:10B138004D2C362C35302C35302C302E3430302CEC
:10B14800310A00004D2C362C3830302C3830302C59
:10B15800302E3030302C390A000000000A2A2A2A02
:10B168002050414E4943202A2A2A0A000A0000009A
:10B178004E6F207370696E6C6F636B7320617265BC
:10B1880020617661696C61626C65000030783163BA
:10B19800203D3D20282A696E7374293E3E31317561
:10B1A80000000000433A2F55736572732F4E696390
:10B1B800686F6C61732F2E7069636F2D73646B2FCA
:10B1C80073646B2F322E322E302F7372632F72708E
:10B1D800325F636F6D6D6F6E2F6861726477617235
:10B1E800655F6972712F6972712E630064656C7492
:10B1F80061203E3D202D32303438202626206465DB
:10B208006C7461203C3D20323034362026262021C3
:10B218002864656C74612026203129006375727278
:10B22800656E74203D3D205F5F756E68616E646C6D
:10B2380065645F757365725F697271207C7C2063D9
:10B24800757272656E74203D3D2068616E646C6530
:10B25800720000006972715F68616E646C65725F8C
:10B26800636861696E5F667265655F736C6F745F52
:10B2780068656164203E3D2030000000767461629C
:10B288006C655F68616E646C6572203D3D205F5F30
:10B29800756E68616E646C65645F757365725F690D
:10B2A80072710000212828282875696E74707472DC
:10B2B8005F742972656D6F76655F7468756D625F1E
:10B2C80062697428767461626C655F68616E646C2B
:10B2D80065722929202D20282875696E747074726A
:10B2E8005F74296972715F68616E646C65725F630F
:10B2F8006861696E5F736C6F7473292920252073E8
:10B30800697A656F662873747275637420697271DF
:10B318005F68616E646C65725F636861696E5F73B4
:10B328006C6F74292900000069735F736861726526
:10B33800645F6972715F7261775F68616E646C6582
:10B348007228736C6F745F68616E646C6572290033
:10B35800657863657074696F6E000000666F756E5E
:10B36800640000004E6F2075736572204952517356
:10B378002061726520617661696C61626C650000AC
:10B3880031203D3D202875696E747074725F742990
:10B398006C2D3E7370696E5F6C6F636B000000000C
:10B3A800433A2F55736572732F4E6963686F6C61EA
:10B3B800732F2E7069636F2D73646B2F73646B2FFB
:10B3C800322E322E302F7372632F636F6D6D6F6E56
:10B3D8002F7069636F5F73796E632F6D757465780D
:10B3E8002E630000746F74616C0000006D74782D1A
:10B3F8003E636F72652E7370696E5F6C6F636B006E
:10B408006C6F636B5F69735F6F776E65725F69649A
:10B418005F76616C6964286D74782D3E6F776E6510
:10B42800722900006D74782D3E656E7465725F63D5
:10B438006F756E7400000000706F6F6C2D3E74693C
:10B448006D65725F616C61726D5F6E756D203D3DFB
:10B458002074696D65725F616C61726D5F6E756D88
:10B4680000000000433A2F55736572732F4E6963CD
:10B47800686F6C61732F2E7069636F2D73646B2F07
:10B4880073646B2F322E322E302F7372632F636FDB
:10B498006D6D6F6E2F7069636F5F74696D652F7462
:10B4A800696D652E6300000064656661756C745F84
:10B4B800616C61726D5F706F6F6C5F696E697469E2
:10B4C800616C697A6564282900000000417474651C
:10B4D8006D7074656420746F20736C656570206985
:10B4E8006E73696465206F6620616E206578636598
:10B4F8007074696F6E2068616E646C65723B20754C
:10B50800736520627573795F776169742069662055
:10B51800796F75206D75737400000000486172645E
:10B528007761726520616C61726D20256420616CA1
:10B53800726561647920636C61696D6564000000FF
:10B5480076636F5F66726571203E3D205049434FB8
:10B558005F504C4C5F56434F5F4D494E5F465245D6
:10B56800515F485A2026262076636F5F66726571A0
:10B57800203C3D205049434F5F504C4C5F56434F51
:10B588005F4D41585F465245515F485A00000000E0
:10B59800433A2F55736572732F4E6963686F6C61F8
:10B5A800732F2E7069636F2D73646B2F73646B2F09
:10B5B800322E322E302F7372632F7270325F636FA8
:10B5C8006D6D6F6E2F68617264776172655F706C04
:10B5D8006C2F706C6C2E63006662646976203E3D49
:10B5E800203136202626206662646976203C3D207C
:10B5F8003332300028706F73745F64697631203E8F
:10B608003D203120262620706F73745F646976317F
:10B61800203C3D2037292026262028706F73745F30
:10B6280064697632203E3D203120262620706F73D3
:10B63800745F64697632203C3D20372900000000A1
:10B648007265665F66726571203C3D202876636F7F
:10B658005F66726571202F20313629004465627556
:10B6680067000000626F6F74325F7732357130386F
:10B6780030000000302E3100322E322E3000000013
:10B688007069636F32000000436F6E74726F6C42B2
:10B698006F6172645F436F64650000004D617920DB
:10B6A8002037203230323600666E692B00000000E9
:10B6B800666E69006E616E00666E692D000000009E
:10B6C8002C2066756E6374696F6E3A200000000066
:10B6D800617373657274696F6E2022257322206608
:10B6E80061696C65643A2066696C6520222573225D
:10B6F8002C206C696E65202564257325730A00006B
:10B7080066616C7365000000433A2F557365727368
:10B718002F4E6963686F6C61732F2E7069636F2D8C
:10B7280073646B2F73646B2F322E322E302F73722B
:10B73800632F7270325F636F6D6D6F6E2F70696308
:10B748006F5F737464696F5F7573622F7374646974
:10B758006F5F7573622E630055534220737464697A
:10B768006E202F207374646F7574000052617370BB
:10B778006265727279205069000000005069636F39
:10B7880000000000426F61726420434443000000DF
:10B7980052657365740000007263203D3D203400DB
:10B7A800433A2F55736572732F4E6963686F6C61E6
:10B7B800732F2E7069636F2D73646B2F73646B2FF7
:10B7C800322E322E302F7372632F7270325F636F96
:10B7D8006D6D6F6E2F7069636F5F756E69717565DA
:10B7E8005F69642F756E697175655F69642E6300A2
:10B7F8006C656E203E2030006E6578745F627566F9
:10B808006665725F707472203C207573625F647045
:10B8180072616D2D3E6570785F64617461202B20C4
:10B8280073697A656F66287573625F647072616D9B
:10B838002D3E6570785F646174612900433A2F5525
:10B84800736572732F4E6963686F6C61732F2E7006
:10B8580069636F2D73646B2F73646B2F322E322ED6
:10B86800302F6C69622F74696E797573622F7372E9
:10B87800632F706F727461626C652F72617370628E
:10B888006572727970692F7270323034302F646348
:10B89800645F7270323034302E630000556E686118
:10B8A8006E646C65642049525120307825780A000E
:10B8B8007268706F7274203D3D20300021286275D7
:10B8C800665F6374726C2026205553425F4255466A
:10B8D8005F4354524C5F46554C4C2900433A2F5510
:10B8E800736572732F4E6963686F6C61732F2E7066
:10B8F80069636F2D73646B2F73646B2F322E322E36
:10B90800302F6C69622F74696E797573622F737248
:10B91800632F706F727461626C652F7261737062ED
:10B928006572727970692F7270323034302F72708C
:10B93800323034305F7573622E6300006275665F63
:10B948006374726C2026205553425F4255465F430C
:10B9580054524C5F46554C4C000000006570202541
:10B968003032582077617320616C72656164792088
:10B97800617661696C61626C6500000043616E27E5
:10B988007420636F6E74696E7565207866657220C1
:10B998006F6E20696E616374697665206570202515
:10B9A800303258005741524E3A20737461727469AC
:10B9B8006E67206E6577207472616E73666572209B
:10B9C8006F6E20616C726561647920616374697659
:10B9D8006520657020253032580D0A002573202512
:10B9E800643A20415353455254204641494C4544FA
:10B9F8000D0A000070726F6772616D2D3E6C656E86
:10BA0800677468203C3D2050494F5F494E5354525B
:10BA1800554354494F4E5F434F554E540000000064
:10BA2800433A2F55736572732F4E6963686F6C6163
:10BA3800732F2E7069636F2D73646B2F73646B2F74
:10BA4800322E322E302F7372632F7270325F636F13
:10BA58006D6D6F6E2F68617264776172655F706972
:10BA68006F2F70696F2E63004E6F2050494F2073FF
:10BA780074617465206D616368696E6573206172B5
:10BA88006520617661696C61626C65006D757465CD
:10BA9800785F69735F696E697469616C697A6564F6
:10BAA80028266C6F636B6F75745F6D757465782984
:10BAB80000000000433A2F55736572732F4E696377
:10BAC800686F6C61732F2E7069636F2D73646B2FB1
:10BAD80073646B2F322E322E302F7372632F727075
:10BAE800325F636F6D6D6F6E2F7069636F5F6D7519
:10BAF8006C7469636F72652F6D756C7469636F72AE
:10BB0800652E63002128737461636B5F73697A65BE
:10BB18005F62797465732026203375290000000060
:10BB28002E0000006E660000696E697479000000DE
:10BB3800616E00004C435F434F4C4C41544500003C
:10BB48004C435F4354595045000000004C435F4D3F
:10BB58004F4E4554415259004C435F4E554D455246
:10BB6800494300004C435F54494D45004C435F4DE9
:10BB7800455353414745530042616C6C6F632073D2
:10BB88007563636565646564000000002F64617413
:10BB9800612F6A656E6B696E732F776F726B737046
:10BBA8006163652F474E552D746F6F6C63686169CB
:10BBB8006E2F61726D2D31342F7372632F6E65771E
:10BBC8006C69622D63796777696E2F6E65776C692A
:10BBD800622F6C6962632F7374646C69622F676487
:10BBE800746F612D6765746865782E6300000000C6
:10BBF8002F646174612F6A656E6B696E732F776F3E
:10BC0800726B73706163652F474E552D746F6F6C3F
:10BC1800636861696E2F61726D2D31342F737263A1
:10BC28002F6E65776C69622D63796777696E2F6E01
:10BC380065776C69622F6C6962632F7374646C69D1
:10BC4800622F6D707265632E63000000C4B000102F
:10BC5800DCB00010F4B0001008B1001020B10010E2
:10BC680038B100104CB1001078BC001005FF01017C
:10BC78000F208F204300C1A0008000006972715F0F
:10BC88006164645F7461696C5F746F5F6672656537
:10BC98005F6C6973740000006D616B655F6A5F318A
:10BCA800360000007265736F6C76655F6A5F3136C7
:10BCB800000000006972715F6164645F736861729B
:10BCC80065645F68616E646C657200006972715FBB
:10BCD8007365745F6578636C75736976655F6861B1
:10BCE8006E646C65720000006D757465785F6578C8
:10BCF800697400006D757465785F656E7465725F50
:10BD0800626C6F636B5F756E74696C0072756E74CC
:10BD1800696D655F696E69745F6D7574657800003B
:10BD2800616C61726D5F706F6F6C5F6765745F6483
:10BD3800656661756C740000616C61726D5F706F2F
:10BD48006F6C5F6972715F68616E646C6572000028
:10BD5800706C6C5F696E69740000000006005250D8
:10BD6800D3F0754264B6001006005250E182887F15
:10BD78006CB60010060052503ABCA9117CB60010EF
:10BD880006005250ABB3605380B600100600525004
:10BD9800BBFF3CB688B6001006005250861C030252
:10BDA80090B60010060052505422A29DA4B600106E
:10BDB80005005250DE65F46860E0001000000000E5
:10BDC800000000000000F03F0000000000002440D8
:10BDD80000000000000059400000000000408F40B3
:10BDE800000000000088C34000000000006AF8401E
:10BDF8000000000080842E4100000000D012634142
:10BE08000000000084D797410000000065CDCD41B7
:10BE18000D0A000000000000D140001000000000E2
:10BE2800D5400010E14000101941001015410010E4
:10BE3800000000000A00000000000306A600080039
:10BE4800020002009C001400030057494E5553425B
:10BE58000000000000000000000080000400010055
:10BE68002800440065007600690063006500490009
:10BE78006E00740065007200660061006300650072
:10BE8800470055004900440000004E007B00620056
:10BE980063003700330039003800630031002D009B
:10BEA80037003300630064002D0034006300620033
:10BEB80037002D0039003800620038002D003900A5
:10BEC800310033006100380066006300610037000C
:10BED8006200660036007D0000000000050F2100AA
:10BEE800011C100500DF60DDD88945C74C9CD26570
:10BEF8009D9E648A9F00000306A6000100000000C2
:10BF08000600525053B4F4A160B70010737464690A
:10BF18006F5F7573625F696E6974000000000000EE
:10BF280074B7001084B70010982700208CB7001051
:10BF380098B7001009025400030100807D080B0027
:10BF480002020200000904000001020200040524A4
:10BF5800002001052401000104240206052406002E
:10BF6800010705810308001009040100020A000006
:10BF78000007050202400000070582024000000990
:10BF880004020000FF00010512011002EF02014047
:10BF98008A2E090000010102030100007069636F25
:10BFA8005F6765745F756E697175655F626F6172F1
:10BFB800645F69645F737472696E67005F72657449
:10BFC80072696576655F756E697175655F69645FCD
:10BFD8006F6E5F626F6F74006463645F6564707432
:10BFE8005F786665720000006463645F7365745F00
:10BFF80061646472657373006463645F696E745F1F
:10C00800656E61626C65000068775F656E64706F6D
:10C01800696E745F616C6C6F630000006463645FD9
:10C02800696E69740000000073796E635F65705F04
:10C038006275666665720000757362645F65647038
:10C04800745F786665720000757362645F6564701A
:10C05800745F6F70656E0000757362645F6F706502
:10C068006E5F656470745F70616972007175657583
:10C07800655F6576656E740070726F636573735F74
:10C088006765745F64657363726970746F720000CA
:10C0980070726F636573735F7365745F636F6E66E9
:10C0A8006967000070726F636573735F636F6E74A6
:10C0B800726F6C5F7265717565737400636F6E661D
:10C0C800696775726174696F6E5F72657365740014
:10C0D8007475645F7461736B5F6578740000000049
:10C0E8007475645F7268706F72745F696E697400EA
:10C0F80000000000955D0010395E0010795E0010A8
:10C10800F15E00101560001035610010000000009D
:10C1180000000000BD6200104D6300107D63001038
:10C12800C56300107541001009650010000000008B
:10C13800757362645F636F6E74726F6C5F78666547
:10C14800725F6362000000007475645F636F6E74F1
:10C15800726F6C5F786665720000000063646364E8
:10C168005F786665725F6362000000006364636401
:10C178005F6F70656E0000007475645F6364635F71
:10C188006E5F77726974655F666C7573680000002E
:10C1980076656E646F72645F6F70656E0000000094
:10C1A80074755F656470745F73747265616D5F72D6
:10C1B8006561645F786665720000000074755F658C
:10C1C8006470745F73747265616D5F7772697465AA
:10C1D8005F7866657200000074755F656470745FEF
:10C1E80073747265616D5F77726974655F7A6C707C
:10C1F8005F69665F6E6565646564000074755F6598
:10C208006470745F76616C69646174650000000035
:10C21800747573625F7268706F72745F696E697447
:10C228000000000066696E645F6F66667365745F20
:10C23800666F725F70726F6772616D006D756C7496
:10C2480069636F72655F6C61756E63685F636F7257
:10C2580065315F776974685F737461636B000000B0
:10C26800000000000000005F000000070007001445
:10C278007F147F14242A7F2A122313086462364904
:10C288005620500008070300001C224100004122EC
:10C298001C002A1C7F1C2A08083E080800807030F1
:10C2A8000008080808080000606000201008040260
:10C2B8003E5149453E00427F400072494949462166
:10C2C80041494D331814127F1027454545393C4ADA
:10C2D80049493141211109073649494936464949F1
:10C2E800291E000014000000403400000008142239
:10C2F80041141414141400412214080201590906A7
:10C308003E415D594E7C1211127C7F494949363EA7
:10C31800414141227F4141413E7F494949417F098D
:10C328000909013E414151737F0808087F00417F98
:10C3380041002040413F017F081422417F40404096
:10C34800407F021C027F7F0408107F3E4141413E2E
:10C358007F090909063E4151215E7F0919294626B0
:10C368004949493203017F01033F4040403F1F20B4
:10C3780040201F3F4038403F63140814630304788B
:10C3880004036159494D43007F41414102040810AB
:10C3980020004141417F04020102044040404040E6
:10C3A800000307080020545478407F284444383854
:10C3B80044444428384444287F38545454180008C6
:10C3C8007E090218A4A49C787F0804047800447DA0
:10C3D80040002040403D007F1028440000417F403D
:10C3E800007C047804787C08040478384444443891
:10C3F800FC1824241818242418FC7C080404084871
:10C408005454542404043F44243C4040207C1C20C1
:10C4180040201C3C4030403C44281028444C90901C
:10C42800907C4464544C4400083641000000770076
:10C438000000413608000201020402003400000036
:10C44800CEFBFFFFCB03000001000000000000004E
:10C4580035000000CEFBFFFFCB0300000100000009
:10C468000000000000000000BC89D897B2D29C3CB4
:10C4780033A7A8D523F649393DA7F444FD0FA532C3
:10C488009D978CCF08BA5B25436FAC64280668116A
:10C49800002020202020202020202828282828208C
:10C4A8002020202020202020202020202020202084
:10C4B80020881010101010101010101010101010EC
:10C4C80010040404040404040404041010101010DC
:10C4D80010104141414141410101010101010101A6
:10C4E80001010101010101010101010110101010F8
:10C4F8001010424242424242020202020202020278
:10C5080002020202020202020202020210101010CB
:10C5180020000000000000000000000000000000F3
:10C528000000000000000000000000000000000003
:10C5380000000000000000000000000000000000F3
:10C5480000000000000000000000000000000000E3
:10C5580000000000000000000000000000000000D3
:10C5680000000000000000000000000000000000C3
:10C5780000000000000000000000000000000000B3
:10C5880000000000000000000000000000000000A3
:10C598000000000000000000000000000000000093
:10C5A8000000000000000000000000000000000083
:10C5B8000000000000000000000000000000000073
:10C5C8000000000010111213141516171819000096
:10C5D80000000000001A1B1C1D1E1F0000000000A8
:10C5E8000000000000000000000000000000000043
:10C5F80000000000001A1B1C1D1E1F000000000088
:10C608000000000000000000000000000000000022
:10C618000000000000000000000000000000000012
:10C628000000000000000000000000000000000002
:10C6380000000000000000000000000000000000F2
:10C6480000000000000000000000000000000000E2
:10C6580000000000000000000000000000000000D2
:10C6680000000000000000000000000000000000C2
:10C6780000000000000000000000000000000000B2
:10C6880000000000000000000000000000000000A2
:10C698000000000005000000190000007D000000F7
:10C6A8000080E03779C34143176E05B5B5B89346A6
:10C6B800F5F93FE9034F384D321D30F94877825A72
:10C6C8003CBF737FDD4F1575000000000000F03F90
:10C6D8000000000000002440000000000000594055
:10C6E8000000000000408F40000000000088C340A8
:10C6F80000000000006AF8400000000080842E411D
:10C7080000000000D01263410000000084D7974168
:10C718000000000065CDCD41000000205FA002426E
:10C72800000000E876483742000000A2941A6D42E3
:10C73800000040E59C30A2420000901EC4BCD642D6
:10C7480000003426F56B0C430080E03779C3414381
:10C7580000A0D8855734764300C84E676DC1AB43F7
:10C76800003D9160E458E143408CB5781DAF154415
:10C7780050EFE2D6E41A4B4492D54D06CFF08044F0
:10C78800F64AE1C7022DB544B49DD9794378EA4405
:08C798009CD0FF7F01000000AE
:10C7A00064BD001070BD00107CBD001088BD00107D
:10C7B00094BD0010A0BD0010ACBD0010B8BD0010AD
:04C7C00008BF00109E
:10C7C40000B503460068EFF3108272B6D0E8CFEFED
:10C7D4005FF0010CBEF1000FF8D1C0E84ECFBEF1FE
:10C7E400000FF3D1BFF35F8F93F9040000280ADB35
:10C7F40081B10860002019680023C1E88F3F82F3EB
:10C8040010885DF804FB4FF0504191F90010197144
:10C814000120F0E70020EEE7F8B51E460368002B80
:10C8240027D0044615464FF0504393F90070216811
:10C83400EFF3108C72B6D1E8CF2F0123002AFAD17E
:10C84400C1E8423F002AF6D1BFF35F8F94F904E0B8
:10C85400BEF1000F13DB22680023C2E88F3F8CF384
:10C8640010882846314601F00BF80028DFD000205C
:10C874000DE0074B074AA621074801F005F8277188
:10C8840022680023C2E88F3F8CF310880120F8BD92
:10C89400F4B30010FCBC0010A8B3001070B582B053
:10C8A400064615461C4601A9FFF78AFF38B99DF9CB
:10C8B40004204FF0504393F900309A4201D102B062
:10C8C40070BD2A4623463046FFF7A6FFF7E738B582
:10C8D40004460D4600F0CCFFEB0E4FEA451CBCEBC2
:10C8E400050C63F100039B0043EA9C734FEA8C0C34
:10C8F4001CEB050C43F10003DB0043EA5C734FEAD5
:10C90400CC0C10EB0C0243EB0103002B03DB2046A1
:10C91400FFF782FF38BD4FF0FF326FF00043F6E7B8
:10C9240008B50268EFF3108372B6D2E8CFCF0121C5
:10C93400BCF1000FF9D1C2E84C1FBCF1000FF4D1D7
:10C94400BFF35F8F90F90420002A09DBFF220271F4
:10C9540001680022C1E88F2F83F3108840BF08BD0F
:10C96400024B034AD521034800F08EFF08B400109F
:10C97400F0BC0010A8B3001008B5002308E00A4A70
:10C984000133002142F8331002EBC3025160DBB2E1
:10C994000E2BF4D94FF470720021044800F06CFFA0
:10C9A400034B044A1A6008BD0000105024230020E1
:10C9B400EC260020800110502DE9F04385B01F4B78
:10C9C4009E6D0024012504E026EA05066D0001346D
:10C9D400E4B286B31F2C2ED82E42F7D0184B9D6597
:10C9E4004FEA540904F0010787F0010704F0FE033D
:10C9F4003B44144A02EB4318404600F033FA002843
:10CA0400E2D007EB49070F4B03EB47139978DA8A17
:10CA140000238DF8043007208DF805008DF80810E8
:10CA240003928DF80930012101A800F039FA40463B
:10CA340000F0B3F9C8E705B0BDE8F0830000115079
:10CA440000301150E42200202DE9F04385B0744BEE
:10CA5400D3F8985015F4003647D0724B9A6A724B4B
:10CA64001A60002427460AE0704B03EB841300226B
:10CA740083F83C2000F0BEF937460134E4B20F2CB1
:10CA840019D8A20102F12000684B1844134493F80A
:10CA94003B30022BF1D1654B03EB841393F83A60DE
:10CAA400002EEAD0614B03EB841393F83C30002B47
:10CAB400DAD13746E1E73FB95D4B1B7823B95D4BCB
:10CAC4004FF40032C3F89020554B9B6CC3F30A0318
:10CAD40000228DF8042003228DF805200293012101
:10CAE40001A800F0DDF94FF4003615F0100F06D15F
:10CAF40015F4803F49D046F48036002423E046F004
:10CB04001006FFF759FFF3E74FF002084A4BC3F84A
:10CB14006080434B5B6E38EA0303FAD14FF4405212
:10CB24000021384600F040F9384600F036F9414B10
:10CB3400C3F86480C3F860803C4B03EB49130122C3
:10CB4400DA701444E4B2012C0BD8A146374F07EB3A
:10CB54004417BB7E002BEFD0002CD5D04FF001083A
:10CB6400D4E700238DF8043006238DF80530334BC9
:10CB740093E8030004AB03E90300012101A800F0DA
:10CB84008FF92C4B4FF400321A6515F4805F0AD1EB
:10CB940015F4804F1DD115F4004F2BD1AE423AD17C
:10CBA40005B0BDE8F08346F4805600241C4B1C609D
:10CBB400FFF7E2FE8DF8044001218DF805108DF891
:10CBC400084001A800F06CF91A4B4FF400221A65D2
:10CBD400DEE746F4804600238DF8043004238DF804
:10CBE400053001210DEB030000F05AF9114B10221E
:10CBF4001A65D0E746F4004600238DF80430052377
:10CC04008DF80530012101A800F04AF9094B4FF4D1
:10CC140000621A65C2E786EA0501094800F01CFEB5
:10CC24000000115000000B40D4220020E422002018
:10CC3400B227002000301150002011500000105085
:10CC4400A4B80010F8B504460F46838A068B9E42AA
:10CC540028BF1E469B1B838246F48062C3787BB147
:10CC64004FF40055154383F00103E37063784BB12F
:10CC7400A38A0BB945F4804507B12D042846F8BDB5
:10CC84000025EFE7E0683246216900EB871000F0E9
:10CC9400FFFD23693344236145F40045E8E70000C0
:10CCA400094B1B6C13F0020F0BD18378DB0901D104
:10CCB40000207047C37E022B01D000207047012062
:10CCC40070470020704700BF0000115008B5FFF7FF
:10CCD400E7FF40B1054B9B6A054A12689B1AA3F50E
:10CCE4004873C62B00D808BD0020FCE700000B40A9
:10CCF400D422002038B5044683681B68084601B175
:10CD04001B0CC3F30905627892B913F4004F09D1DF
:10CD1400E38A2B44E382238BAB4201D90023A38211
:10CD2400284638BD0E4B0F4AE8210F4800F0ACFDF1
:10CD340013F4004F0DD0E1682A4601EB80112069FD
:10CD440000F0A6FDE38A2B44E38223692B4423618C
:10CD5400E1E7064B034AEE21034800F095FD00BFCE
:10CD6400C4B8001030C00010E4B8001044B900107A
:10CD740010B5044683681B680021FFF7BBFF636896
:10CD84001B6813F0804F02D0238B834200D010BD68
:10CD940001212046FFF7AEFFF9E700238376838263
:10CDA400C38203617047000008B50B4611B1816866
:10CDB40009680B409AB1134312F4806F0FD0826854
:10CDC400116811F4806F0DD123F480611160074A5A
:10CDD400126C12F0020F02D10C22033AFDD28268C7
:10CDE400136008BD8178024800F036FD0000115040
:10CDF40064B9001070B5044643681D680021FFF74C
:10CE040021FF40F48056164B1B6C13F0020F13D015
:10CE1400A37813F07F0F14D10023A28A02B1A3B127
:10CE240025F0A04545F0005563681D603246002199
:10CE34002046FFF7B9FF70BDA378DB0903D10123B6
:10CE4400EBE70123E9E70023E7E701212046FFF7A9
:10CE5400F9FE064325F0005545F0A045E4E700BF80
:10CE64000000115038B50446857E2DB1FFF780FFD0
:10CE7400A38A2BB9284638BD8178084800F0ECFC19
:10CE84002046FFF723FF054618B101232377002529
:10CE9400F0E72046FFF7AEFFECE700BF84B90010CF
:10CEA400F0B585B005460E464378023B042B15D8F1
:10CEB400DFE813F005006A003B004600FD00874BE5
:10CEC4001A7822F001021A701A7822F002021A70FB
:10CED400002159701A7861F382021A70804B1C6821
:10CEE4006369EFF3108272B6D3E8CF0F01210028F3
:10CEF400FAD1C3E8401F0028F6D1BFF35F8FA261C7
:10CF04002946204600F0A4FC6169A3690022C1E817
:10CF14008F2F83F31088002800F0CF803246697881
:10CF2400287800F0A1FC05B0F0BD6C4B1B7813F021
:10CF3400010FF8D0694A137843F004031370CDE766
:10CF4400664B1B7813F0010FEDD0644A137823F07D
:10CF540004031370C2E7D21A624B03EB4213DB697A
:10CF640013B16968287898470134E4B25E4B1B78A2
:10CF74002246591CA14209DBA342ECD95B4B1B6836
:10CF840013EB4413EBD1EFE70024EFE7534B1B788B
:10CF940013F0040F36D1514BDB7813F0010FC2D0DC
:10CFA40001A9002701974F608F602B788DF804301A
:10CFB40003238DF805306B680293494B1C68636941
:10CFC400EFF3108272B6D3E8CF5F0120002DFAD1BF
:10CFD400C3E8450F002DF6D1BFF35F8FA261204651
:10CFE40000F036FC6269A369C2E88F7F83F310887E
:10CFF40000284CD032469DF805109DF8040000F03E
:10D0040033FC90E7354A137823F00403137001A925
:10D01400002701974F608F602B788DF8043005232B
:10D024008DF805302E4B1C686369EFF3108272B6DD
:10D03400D3E8CFCF0120BCF1000FF9D1C3E84C0FE6
:10D04400BCF1000FF4D1BFF35F8FA261204600F062
:10D05400FFFB6269A369C2E88F7F83F3108838B14C
:10D0640032469DF805109DF8040000F0FDFB92E7A0
:10D0740040F265121E491F4800F0F2FB4FF0E02316
:10D08400D3F8F03D13F0010F85D000BE83E740F2E2
:10D0940065121749174800F0E3FB4FF0E023D3F87B
:10D0A400F03D13F0010F3FF43EAF00BE3BE7124AE0
:10D0B40013780133DBB2137010E740F265120C49A8
:10D0C4000C4800F0CDFB4FF0E023D3F8F03D13F013
:10D0D400010F3FF428AF00BE25E700BF781E0020F3
:10D0E400D01E0020F8C00010AF270020A81C00208C
:10D0F40074C00010E4B90010B427002000B58446C1
:10D1040010464FF0000E0AE0DCF80C3013F0020F6A
:10D11400FAD011F80E30CCF808300EF1010E864525
:10D12400F2D301E0DCF80830DCF80C3013F0040F23
:10D13400F8D1DCF80C3013F0100FFAD101E0DCF870
:10D144000830DCF80C3013F0040FF8D10123CCF8CC
:10D1540020305DF804FB000081F0004102E000BFD4
:10D1640083F0004330B54FEA41044FEA430594EAA3
:10D17400050F08BF90EA020F1FBF54EA000C55EADE
:10D18400020C7FEA645C7FEA655C00F0E2804FEAAF
:10D194005454D4EB5555B8BF6D420CDD2C4480EA91
:10D1A400020281EA030382EA000083EA010180EAC1
:10D1B400020281EA0303362D88BF30BD11F0004F0F
:10D1C4004FEA01314FF4801C4CEA113102D0404245
:10D1D40061EB410113F0004F4FEA03334CEA133380
:10D1E40002D0524263EB430394EA050F00F0A78098
:10D1F400A4F10104D5F1200E0DDB02FA0EFC22FA93
:10D2040005F2801841F1000103FA0EF2801843FA86
:10D2140005F359410EE0A5F120050EF1200E012A77
:10D2240003FA0EFC28BF4CF0020C43FA05F3C018B5
:10D2340051EBE37101F0004507D54FF0000EDCF12E
:10D24400000C7EEB00006EEB0101B1F5801F1BD3D7
:10D25400B1F5001F0CD349085FEA30004FEA3C0CDB
:10D2640004F101044FEA445212F5800F80F09A80D1
:10D27400BCF1004F08BF5FEA500C50F1000041EBD5
:10D28400045141EA050130BD5FEA4C0C404141EBD9
:10D294000101013C28BFB1F5801FE9D291F0000FD4
:10D2A40004BF01460020B1FA81F308BF2033A3F183
:10D2B4000B03B3F120020CDA0C3208DD02F1140C7A
:10D2C400C2F10C0201FA0CF021FA02F10CE002F1B5
:10D2D4001402D8BFC2F1200C01FA02F120FA0CFCAE
:10D2E400DCBF41EA0C019040E41AA2BF01EB0451F7
:10D2F400294330BD6FEA04041F3C1CDA0C340EDCF5
:10D3040004F11404C4F1200220FA04F001FA02F337
:10D3140040EA030021FA04F345EA030130BDC4F1F5
:10D324000C04C4F1200220FA02F001FA04F340EAEA
:10D334000300294630BD21FA04F0294630BD94F09B
:10D34400000F83F4801306BF81F480110134013D82
:10D354004EE77FEA645C18BF7FEA655C29D094EAF3
:10D36400050F08BF90EA020F05D054EA000C04BF71
:10D374001946104630BD91EA030F1EBF002100205C
:10D3840030BD5FEA545C05D14000494128BF41F0FB
:10D39400004130BD14F580043CBF01F5801130BD5F
:10D3A40001F0004545F0FE4141F470014FF00000EA
:10D3B40030BD7FEA645C1ABF194610467FEA655C9B
:10D3C4001CBF0B46024650EA013406BF52EA03353D
:10D3D40091EA030F41F4002130BD00BF90F0000F2B
:10D3E40004BF0021704730B54FF4806404F1320467
:10D3F4004FF000054FF0000150E700BF90F0000F20
:10D4040004BF0021704730B54FF4806404F1320446
:10D4140010F0004548BF40424FF000013EE700BF16
:10D4240042004FEAE2014FEA31014FEA02701FBFA6
:10D4340012F07F4393F07F4F81F06051704732F0D8
:10D444007F4208BF704793F07F4F04BF41F400212F
:10D45400704730B54FF4607401F0004521F000418D
:10D464001CE700BF50EA010208BF704730B54FF017
:10D4740000050AE050EA010208BF704730B511F018
:10D48400004502D5404261EB41014FF4806404F150
:10D4940032045FEA915C3FF4D8AE4FF003025FEAD6
:10D4A400DC0C18BF03325FEADC0C18BF033202EB5A
:10D4B400DC02C2F1200300FA03FC20FA02F001FAB4
:10D4C40003FE40EA0E0021FA02F11444BDE600BF57
:10D4D40053B94AB9002908BF00281CBF4FF0FF31D7
:10D4E4004FF0FF3000F0B2B9ADF1080C6DE904CE95
:10D4F40000F006F8DDF804E0DDE9022304B070472B
:10D504002DE9F04F8C46099E04460F46002B48D166
:10D514008A4215465ED9B2FA82F33BB1C3F12002C6
:10D524009F409D409C4020FA02F217434FEA154E5B
:10D534001FFA85FC220CB7FBFEF10EFB117701FBF1
:10D544000CF042EA0742904207D9AA1801F1FF37CA
:10D5540002D2904200F258813946121AA4B2B2FBA8
:10D56400FEF00EFB102200FB0CFC44EA0244A4452E
:10D574000BD92C1900F1FF322CBF01270027A44539
:10D5840002D9002F00F04381104640EA0140A4EB89
:10D594000C0400211EB1DC400023C6E90043BDE8B1
:10D5A400F08F8B4206D90EB1C6E90001002108466E
:10D5B400BDE8F08FB3FA83F1002951D16345C0F07F
:10D5C4001681824240F213810846002EE7D0C6E954
:10D5D4000047E4E7002A00F0AF80B2FA82F3002BA0
:10D5E40040F0C2808A1A4FEA154EAFB20121200CD6
:10D5F400B2FBFEFC0EFB1C2240EA024207FB0CF0CD
:10D6040090420ED9AA180CF1FF382CBF4FF0010933
:10D614004FF00009904203D9B9F1000F00F0F080F7
:10D62400C446121AA4B2B2FBFEF00EFB102200FB99
:10D6340007F744EA0244A7420ED92C1900F1FF323D
:10D644002CBF4FF0010E4FF0000EA74203D9BEF1DC
:10D65400000F00F0D2801046E41B40EA0C4099E72A
:10D66400C1F120058B400CFA01F400FA01F922FA09
:10D6740005F72CFA05FC8A401F4320FA05F3380C01
:10D6840023431FFA87FE1C0CBCFBF0F800FB18CCEC
:10D6940044EA0C4408FB0EFCA4450ED93C1908F1DD
:10D6A400FF3A2CBF4FF0010B4FF0000BA44503D9F8
:10D6B400BBF1000F00F0B880D046A4EB0C041FFAB5
:10D6C40083FCB4FBF0F300FB134403FB0EFE4CEAB3
:10D6D4000444A6450ED93C1903F1FF302CBF4FF08A
:10D6E400010C4FF0000CA64503D9BCF1000F00F06B
:10D6F4009F80034643EA0840A4EB0E04A0FB02EC1F
:10D7040064457346E04602D307D1F14505D2BEEB2A
:10D7140002036CEB070C0138E0465EB1B9EB03027F
:10D7240064EB080404FA05F522FA01F3CC401D4326
:10D73400C6E90054002132E742082F464B08AC46A4
:10D7440042EAC172AE46C407110C92B241EA0341E7
:10D7540042EA0142B1FBF5F1B3FBF5F01F23A2EB62
:10D764000C0241EA004142E79D40C3F12002994086
:10D774009C402CFA02FC4FEA154E20FA02F2AFB29A
:10D78400BCFBFEF80A430EFB18CC110C41EA0C4119
:10D7940008FB07FC8C4550D9691808F1FF302CBFF1
:10D7A4004FF001094FF000098C4502D9B9F1000F7F
:10D7B40030D0A1EB0C01B1FBFEF808FB07FC0EFB1B
:10D7C400181192B242EA0142624534D2AA1808F111
:10D7D400FF312CBF4FF001094FF000096245BED262
:10D7E400B9F1000FBBD1A8F102012A44B7E7841AAA
:10D7F4006CEB030201201746E7E62C4402382BE7C2
:10D80400ACF1020C2A440CE702392A44A5E62C4464
:10D814000238BAE6A5EB0C0CA8F102006144B1FB96
:10D82400FEF808FB07FCCAE7A8F102083C4444E7F9
:10D83400023B3C445EE7414691E7A1EB0C014046C4
:10D84400B1FBFEF808FB07FCB9E700BF704700BF57
:10D854005FF800F0E56E00105FF800F0150E0010A0
:10D864005FF800F0B54000105FF800F0854D00103F
:10D874005FF800F0D91D00105FF800F00196001069
:10D884005FF800F0291C00105FF800F0ED3D001077
:10D894005FF800F0554A00100D0000000C00000075
:10D8A40099090000000000000100000002000000CF
:10D8B4000300000004000000050000000600000052
:10D8C4000700000008000000090000000A00000032
:10D8D4000B00000000000000100000000000000029
:10D8E4000000010000000000000000000000020031
:10D8F4000000000000000000000003000000000021
:10D90400000000000000FF000000000001B54868AE
:10D9140001318E460047704609380149884701BDE8
:10D92400551300100000000000000000000000007B
:10D9340000000000000000009819002019450010A4
:10D94400DD4100108D440010C941001000000000AA
:10D9540000010000D41E002010000C000000000094
:10D9640000000000000000000000000000000000B3
:10D97400FFA08001FFFFFFFF000002000000000085
:10D984000000000000000000D0120020D01200208F
:10D99400D8120020D8120020E0120020E01200204B
:10D9A400E8120020E8120020F0120020F0120020FB
:10D9B400F8120020F81200200013002000130020A9
:10D9C4000813002008130020101300201013002057
:10D9D4001813002018130020201300202013002007
:10D9E40028130020281300203013002030130020B7
:10D9F4003813002038130020401300204013002067
:10DA04004813002048130020501300205013002016
:10DA140058130020581300206013002060130020C6
:10DA24006813002068130020701300207013002076
:10DA34007813002078130020801300208013002026
:10DA440088130020881300209013002090130020D6
:10DA54009813002098130020A0130020A013002086
:10DA6400A8130020A8130020B0130020B013002036
:10DA7400B8130020B8130020C0130020C0130020E6
:10DA8400C8130020C8130020D0130020D013002096
:10DA9400D8130020D8130020E0130020E013002046
:10DAA400E8130020E8130020F0130020F0130020F6
:10DAB400F8130020F81300200014002000140020A4
:10DAC4000814002008140020101400201014002052
:10DAD4001814002018140020201400202014002002
:10DAE40028140020281400203014002030140020B2
:10DAF4003814002038140020401400204014002062
:10DB04004814002048140020501400205014002011
:10DB140058140020581400206014002060140020C1
:10DB24006814002068140020701400207014002071
:10DB34007814002078140020801400208014002021
:10DB440088140020881400209014002090140020D1
:10DB54009814002098140020A0140020A014002081
:10DB6400A8140020A8140020B0140020B014002031
:10DB7400B8140020B8140020C0140020C0140020E1
:10DB8400C8140020C8140020D0140020D014002091
:10DB9400D8140020D8140020E0140020E014002041
:10DBA400E8140020E8140020F0140020F0140020F1
:10DBB400F8140020F814002000150020001500209F
:10DBC400081500200815002010150020101500204D
:10DBD40018150020181500202015002020150020FD
:10DBE40028150020281500203015002030150020AD
:10DBF400381500203815002040150020401500205D
:10DC0400481500204815002050150020501500200C
:10DC140058150020581500206015002060150020BC
:10DC2400681500206815002070150020701500206C
:10DC3400781500207815002080150020801500201C
:10DC440088150020881500209015002090150020CC
:10DC54009815002098150020A0150020A01500207C
:10DC6400A8150020A8150020B0150020B01500202C
:10DC7400B8150020B8150020C0150020C0150020DC
:10DC8400C8150020C8150020D0150020D01500208C
:10DC9400D8150020D8150020E0150020E01500203C
:10DCA400E8150020E8150020F0150020F0150020EC
:10DCB400F8150020F815002000160020001600209A
:10DCC4000816002008160020101600201016002048
:10DCD40018160020181600202016002020160020F8
:10DCE40028160020281600203016002030160020A8
:10DCF4003816002038160020401600204016002058
:10DD04004816002048160020501600205016002007
:10DD140058160020581600206016002060160020B7
:10DD24006816002068160020701600207016002067
:10DD34007816002078160020801600208016002017
:10DD440088160020881600209016002090160020C7
:10DD54009816002098160020A0160020A016002077
:10DD6400A8160020A8160020B0160020B016002027
:10DD7400B8160020B8160020C0160020C0160020D7
:10DD8400C8160020C8160020430000000000000050
:10DD9400000000000000000000000000000000007F
:10DDA400000000000000000043000000000000002C
:10DDB400000000000000000000000000000000005F
:10DDC400000000000000000043000000000000000C
:10DDD400000000000000000000000000000000003F
:10DDE40000000000000000004300000000000000EC
:10DDF400000000000000000000000000000000001F
:10DE040000000000000000004300000000000000CB
:10DE140000000000000000000000000000000000FE
:10DE240000000000000000004300000000000000AB
:10DE340000000000000000000000000000000000DE
:10DE4400000000000000000043000000000000008B
:10DE540000000000000000000000000000000000BE
:10DE6400000000000000000089AF0010DDA40010D5
:10DE74000000000098C4001028BB0010D8B00010A7
:10DE8400D8B00010D8B00010D8B00010D8B000102E
:10DE9400D8B00010D8B00010D8B00010D8B000101E
:10DEA400FFFFFFFFFFFFFFFFFFFFFFFFFFFF00007C
:10DEB40001004153434949000000000000000000F4
:10DEC400000000000000000000000000000000004E
:10DED40000004153434949000000000000000000D5
:10DEE400000000000000000000000000000000002E
:10DEF400000000004818002000000000701B0020F3
:10DF0400D81B0020401C002000000000000000007E
:10DF140000000000000000000000000000000000FD
:10DF240000000000000000000000000000000000ED
:10DF340000000000000000000000000000000000DD
:10DF440000000000000000000000000000000000CD
:10DF540000000000000000000000000000000000BD
:10DF640000000000000000000000000000000000AD
:10DF7400000000000000000000000000000000009D
:10DF8400000000000000000000000000000000008D
:10DF940001000000000000000E33CDAB34126DE62A
:10DFA400ECDE05000B000000000000000000000093
:10DFB400000000000000000000000000000000005D
:10DFC400000000000000000000000000000000004D
:10DFD400000000000000000000000000000000003D
:10DFE400000000000000000000000000000000002D
:10DFF400000000000000000000000000000000001D
:10E00400000000000000000000000000000000000C
:10E0140000000000000000000000000000000000FC
:10E0240000000000000000000000000000000000EC
:10E0340000000000000000000000000000000000DC
:08E044000000000000000000D4
:10E04C00D3DEFFFFFE010000FF010000EC20FFFF0C
:04E05C00793512AB55
:040000051000014D99
:00000001FF
